odds_club_id,candidate_rank,model_club_id,similarity,manual_decision
aalborg,1,rb-salzburg,0.5556,
aalborg,2,nk-maribor,0.4706,
aalborg,3,trabzonspor,0.4444,
ac-milan,1,ac-milan,1.0,
ac-milan,2,fc-midtjylland,0.6364,
ac-milan,3,as-roma,0.5333,
aek-athens-fc,1,aek-athen,0.9474,
aek-athens-fc,2,fk-astana,0.5263,
aek-athens-fc,3,stade-rennais,0.5217,
aik-swe,1,austria-wien,0.5263,
aik-swe,2,aek-athen,0.5,
aik-swe,3,arsenal-fc,0.4286,
ajax,1,afc-ajax,0.6667,
ajax,2,m-laga-cf,0.4,
ajax,3,as-roma,0.3636,
ajax-ned,1,afc-ajax,0.6667,
ajax-ned,2,m-laga-cf,0.4,
ajax-ned,3,as-roma,0.3636,
aktobe,1,aek-athen,0.5333,
aktobe,2,shakhtar-donetsk,0.4545,
aktobe,3,viktoria-plze,0.4211,
alashkert-arm,1,galatasaray,0.5,
alashkert-arm,2,atalanta-bc,0.4762,
alashkert-arm,3,atalanta,0.4762,
anderlecht,1,rsc-anderlecht,0.8333,
anderlecht,2,manchester-city-fc,0.48,
anderlecht,3,manchester-city,0.48,
anorthosis,1,fc-porto,0.5333,
anorthosis,2,paphos-fc,0.5,
anorthosis,3,rangers-fc,0.4706,
apoel,1,apoel-nikosia,0.5556,
apoel,2,paphos-fc,0.5455,
apoel,3,ssc-napoli,0.5333,
apoel-cyp,1,apoel-nikosia,0.5556,
apoel-cyp,2,paphos-fc,0.5455,
apoel-cyp,3,ssc-napoli,0.5333,
ararat-armenia-arm,1,paris-saint-germain-fc,0.4324,
ararat-armenia-arm,2,paris-saint-germain,0.4324,
ararat-armenia-arm,3,qaraba-a-dam-fk,0.4242,
arsenal,1,arsenal-fc,1.0,
arsenal,2,villarreal-cf,0.5882,
arsenal,3,valencia-cf,0.5333,
arsenal-eng,1,arsenal-fc,1.0,
arsenal-eng,2,villarreal-cf,0.5882,
arsenal-eng,3,valencia-cf,0.5333,
as-roma,1,as-roma,1.0,
as-roma,2,lazio-roma,0.7059,
as-roma,3,as-monaco-fc,0.625,
aston-villa,1,aston-villa-fc,1.0,
aston-villa,2,sevilla-fc,0.6667,
aston-villa,3,ac-milan,0.5263,
atalanta,1,atalanta-bc,1.0,
atalanta,2,atalanta,1.0,
atalanta,3,galatasaray,0.5263,
ath-bilbao,1,athletic-club,1.0,
ath-bilbao,2,atl-tico-madrid,0.5,
ath-bilbao,3,cfr-cluj,0.4762,
ath-bilbao-esp,1,athletic-club,1.0,
ath-bilbao-esp,2,atl-tico-madrid,0.5,
ath-bilbao-esp,3,cfr-cluj,0.4762,
atl-madrid,1,atl-tico-madrid,0.9333,
atl-madrid,2,club-atl-tico-de-madrid,0.7368,
atl-madrid,3,real-madrid-cf,0.6923,
austria-vienna,1,austria-wien,0.8462,
austria-vienna,2,aston-villa-fc,0.56,
austria-vienna,3,fk-astana,0.5217,
auxerre,1,villarreal-cf,0.4706,
auxerre,2,bayer-leverkusen,0.4348,
auxerre,3,rangers-fc,0.4286,
az-alkmaar-ned,1,atalanta-bc,0.5556,
az-alkmaar-ned,2,atalanta,0.5556,
az-alkmaar-ned,3,lazio-roma,0.5,
b-monchengladbach,1,bor-m-nchengladbach,0.8889,
b-monchengladbach,2,bayern-m-nchen,0.5161,
b-monchengladbach,3,fc-bayern-m-nchen,0.4706,
b36-torshavn,1,bate-borisov,0.5,
b36-torshavn,2,fc-nordsj-lland,0.4444,
b36-torshavn,3,be-ikta,0.4211,
barcelona,1,fc-barcelona,0.8571,
barcelona,2,arsenal-fc,0.625,
barcelona,3,girona-fc,0.5333,
basaksehir,1,i-stanbul-ba-ak-ehir,0.5333,
basaksehir,2,bayer-leverkusen,0.3846,
basaksehir,3,rb-salzburg,0.381,
basel,1,arsenal-fc,0.6667,
basel,2,fc-basel-1893,0.5556,
basel,3,sevilla-fc,0.5,
basel-sui,1,arsenal-fc,0.6667,
basel-sui,2,fc-basel-1893,0.5556,
basel-sui,3,sevilla-fc,0.5,
bate,1,bate-borisov,0.5,
bate,2,aek-athen,0.4615,
bate,3,fc-barcelona,0.375,
bate-blr,1,bate-borisov,0.7,
bate-blr,2,bayer-leverkusen,0.5,
bate-blr,3,athletic-club,0.4762,
bayer-leverkusen,1,bayer-leverkusen,1.0,
bayer-leverkusen,2,bayer-04-leverkusen,0.9143,
bayer-leverkusen,3,bayern-m-nchen,0.5333,
bayer-leverkusen-ger,1,bayer-leverkusen,1.0,
bayer-leverkusen-ger,2,bayer-04-leverkusen,0.9143,
bayer-leverkusen-ger,3,bayern-m-nchen,0.5333,
bayern-munich,1,bayern-m-nchen,0.8148,
bayern-munich,2,fc-bayern-m-nchen,0.7333,
bayern-munich,3,manchester-united-fc,0.4667,
beitar-jerusalem,1,bayer-leverkusen,0.5625,
beitar-jerusalem,2,bayer-04-leverkusen,0.5143,
beitar-jerusalem,3,inter,0.4667,
benfica,1,sl-benfica,0.8235,
benfica,2,be-ikta,0.5714,
benfica,3,valencia-cf,0.5333,
benfica-por,1,sl-benfica,0.8235,
benfica-por,2,be-ikta,0.5714,
benfica-por,3,valencia-cf,0.5333,
besiktas,1,be-ikta,0.8,
besiktas,2,sl-benfica,0.4444,
besiktas,3,cska-moskva,0.4211,
besiktas-tur,1,be-ikta,0.8,
besiktas-tur,2,sl-benfica,0.4444,
besiktas-tur,3,cska-moskva,0.4211,
betis,1,celtic-fc,0.5455,
betis,2,be-ikta,0.5,
betis,3,bate-borisov,0.4706,
birkirkara,1,be-ikta,0.4706,
birkirkara,2,villarreal-cf,0.4,
birkirkara,3,girona-fc,0.375,
bodo-glimt-nor,1,fk-bod-glimt,0.8182,
bodo-glimt-nor,2,be-ikta,0.4706,
bodo-glimt-nor,3,o-elul-gala-i,0.4348,
bolnisi,1,apoel-nikosia,0.6,
bolnisi,2,rb-leipzig,0.4706,
bolnisi,3,trabzonspor,0.4444,
bologna,1,bologna-fc-1909,0.6364,
bologna,2,fc-barcelona,0.5263,
bologna,3,m-laga-cf,0.4615,
borac-banja-luka-bih,1,ac-sparta-praha,0.4571,
borac-banja-luka-bih,2,fc-bayern-m-nchen,0.4324,
borac-banja-luka-bih,3,afc-ajax,0.4286,
bordeaux,1,borussia-dortmund,0.4,
bordeaux,2,be-ikta,0.4,
bordeaux,3,arsenal-fc,0.4,
braga,1,m-laga-cf,0.5455,
braga,2,sporting-braga,0.5263,
braga,3,rangers-fc,0.5,
brann,1,rangers-fc,0.5,
brann,2,bayern-m-nchen,0.4211,
brann,3,trabzonspor,0.375,
brest,1,rangers-fc,0.5,
brest,2,be-ikta,0.5,
brest,3,stade-brestois-29,0.4545,
brondby,1,bsc-young-boys,0.4762,
brondby,2,girona-fc,0.4615,
brondby,3,fc-barcelona,0.4211,
brondby-den,1,bsc-young-boys,0.4762,
brondby-den,2,girona-fc,0.4615,
brondby-den,3,fc-barcelona,0.4211,
buducnost,1,bsc-young-boys,0.4348,
buducnost,2,borussia-dortmund,0.3846,
buducnost,3,juventus-fc,0.3529,
buducnost-mne,1,bayern-m-nchen,0.4444,
buducnost-mne,2,fc-nordsj-lland,0.4286,
buducnost-mne,3,dinamo-kiev,0.4167,
bursaspor,1,trabzonspor,0.5,
bursaspor,2,fk-krasnodar,0.4762,
bursaspor,3,sporting-cp,0.4706,
celje-slo,1,chelsea-fc,0.5,
celje-slo,2,real-sociedad,0.4545,
celje-slo,3,lille-osc,0.4444,
celta-vigo,1,celtic-fc,0.625,
celta-vigo,2,chelsea-fc,0.4706,
celta-vigo,3,maccabi-tel-aviv,0.4615,
celtic,1,celtic-fc,1.0,
celtic,2,chelsea-fc,0.4615,
celtic,3,athletic-club,0.4211,
celtic-sco,1,celtic-fc,1.0,
celtic-sco,2,chelsea-fc,0.4615,
celtic-sco,3,athletic-club,0.4211,
cfr-cluj,1,cfr-cluj,1.0,
cfr-cluj,2,athletic-club,0.4762,
cfr-cluj,3,rb-salzburg,0.4211,
cfr-cluj-rou,1,cfr-cluj,1.0,
cfr-cluj-rou,2,athletic-club,0.4762,
cfr-cluj-rou,3,rb-salzburg,0.4211,
chelsea,1,chelsea-fc,1.0,
chelsea,2,celtic-fc,0.4615,
chelsea,3,manchester-city-fc,0.4545,
chievo,1,chelsea-fc,0.4615,
chievo,2,liverpool-fc,0.4,
chievo,3,fc-sheriff,0.375,
club-brugge-kv,1,club-brugge-kv,1.0,
club-brugge-kv,2,krc-genk,0.4545,
club-brugge-kv,3,sporting-clube-de-braga,0.4324,
club-brugge-kv-bel,1,club-brugge-kv,1.0,
club-brugge-kv-bel,2,krc-genk,0.4545,
club-brugge-kv-bel,3,sporting-clube-de-braga,0.4324,
connahs-q-wal,1,girona-fc,0.4,
connahs-q-wal,2,tottenham-hotspur-fc,0.3846,
connahs-q-wal,3,tottenham-hotspur,0.3846,
cork-city,1,leicester-city,0.6087,
cork-city,2,manchester-city-fc,0.5833,
cork-city,3,manchester-city,0.5833,
crvena-zvezda,1,crvena-zvezda,1.0,
crvena-zvezda,2,fk-crvena-zvezda,0.8966,
crvena-zvezda,3,real-madrid-cf,0.4167,
crvena-zvezda-srb,1,crvena-zvezda,1.0,
crvena-zvezda-srb,2,fk-crvena-zvezda,0.8966,
crvena-zvezda-srb,3,real-madrid-cf,0.4167,
cska-moscow,1,cska-moskva,0.7273,
cska-moscow,2,as-monaco-fc,0.6,
cska-moscow,3,as-monaco,0.6,
cska-moscow-rus,1,cska-moskva,0.7273,
cska-moscow-rus,2,as-monaco-fc,0.6,
cska-moscow-rus,3,as-monaco,0.6,
d-zagreb,1,dinamo-zagreb,1.0,
d-zagreb,2,gnk-dinamo-zagreb,0.8667,
d-zagreb,3,dinamo-kiev,0.6667,
d-zagreb-cro,1,dinamo-zagreb,1.0,
d-zagreb-cro,2,gnk-dinamo-zagreb,0.8667,
d-zagreb-cro,3,dinamo-kiev,0.6667,
debrecen,1,krc-genk,0.5,
debrecen,2,fc-barcelona,0.5,
debrecen,3,stade-rennais,0.4762,
dep-la-coruna,1,sporting-clube-de-portugal,0.4889,
dep-la-coruna,2,sport-lisboa-e-benfica,0.4878,
dep-la-coruna,3,sporting-braga,0.4848,
din-bucuresti,1,fc-steaua-bucure-ti,0.5625,
din-bucuresti,2,stade-brestois-29,0.5333,
din-bucuresti,3,dinamo-zagreb,0.4615,
dinamo-tbilisi,1,dinamo-kiev,0.64,
dinamo-tbilisi,2,dinamo-zagreb,0.5926,
dinamo-tbilisi,3,gnk-dinamo-zagreb,0.5161,
dinamo-tbilisi-geo,1,dinamo-kiev,0.6207,
dinamo-tbilisi-geo,2,dinamo-zagreb,0.5161,
dinamo-tbilisi-geo,3,gnk-dinamo-zagreb,0.4571,
dinamo-tirana,1,dinamo-kiev,0.6667,
dinamo-tirana,2,dinamo-zagreb,0.6154,
dinamo-tirana,3,gnk-dinamo-zagreb,0.5333,
djurgarden,1,arsenal-fc,0.4706,
djurgarden,2,austria-wien,0.4545,
djurgarden,3,krc-genk,0.4444,
djurgarden-swe,1,juventus-fc,0.4545,
djurgarden-swe,2,juventus,0.4545,
djurgarden-swe,3,austria-wien,0.3846,
domzale,1,dinamo-zagreb,0.5,
domzale,2,malm-ff,0.4286,
domzale,3,as-roma,0.4286,
dortmund,1,borussia-dortmund,1.0,
dortmund,2,austria-wien,0.4138,
dortmund,3,sporting-cp,0.4,
drita-kos,1,spartak-moskva,0.5217,
drita-kos,2,dinamo-kiev,0.5,
drita-kos,3,qaraba-fk,0.4444,
drogheda,1,real-sociedad,0.4762,
drogheda,2,feyenoord-rotterdam,0.4444,
drogheda,3,girona-fc,0.4286,
dudelange,1,rangers-fc,0.5,
dudelange,2,m-laga-cf,0.4,
dudelange,3,sevilla-fc,0.375,
dudelange-lux,1,rangers-fc,0.4,
dudelange-lux,2,juventus-fc,0.381,
dudelange-lux,3,juventus,0.381,
dundalk-irl,1,dinamo-kiev,0.4444,
dundalk-irl,2,arsenal-fc,0.4286,
dundalk-irl,3,ssc-napoli,0.3529,
dyn-kyiv,1,dinamo-kiev,1.0,
dyn-kyiv,2,dinamo-zagreb,0.6667,
dyn-kyiv,3,gnk-dinamo-zagreb,0.5714,
dyn-kyiv-ukr,1,dinamo-kiev,1.0,
dyn-kyiv-ukr,2,dinamo-zagreb,0.6667,
dyn-kyiv-ukr,3,gnk-dinamo-zagreb,0.5714,
dynamo-brest-blr,1,dinamo-zagreb,0.6207,
dynamo-brest-blr,2,gnk-dinamo-zagreb,0.5455,
dynamo-brest-blr,3,dinamo-kiev,0.5185,
eintracht-frankfurt,1,eintracht-frankfurt,1.0,
eintracht-frankfurt,2,manchester-united-fc,0.3889,
eintracht-frankfurt,3,manchester-united,0.3889,
ekranas,1,rangers-fc,0.5714,
ekranas,2,fk-krasnodar,0.5263,
ekranas,3,stade-rennais,0.5,
elfsborg,1,vfl-wolfsburg,0.5714,
elfsborg,2,sporting-cp,0.5,
elfsborg,3,fc-red-bull-salzburg,0.4286,
europa-fc-gib,1,bologna-fc-1909,0.4286,
europa-fc-gib,2,austria-wien,0.4,
europa-fc-gib,3,1-fc-union-berlin,0.4,
everton,1,liverpool-fc,0.5,
everton,2,fc-porto,0.5,
everton,3,girona-fc,0.4615,
fbk-kaunas,1,fk-kairat,0.6316,
fbk-kaunas,2,fk-astana,0.6316,
fbk-kaunas,3,fk-krasnodar,0.5455,
fc-astana-kaz,1,fk-astana,0.8889,
fc-astana-kaz,2,atalanta-bc,0.5882,
fc-astana-kaz,3,atalanta,0.5882,
fc-copenhagen,1,fc-k-benhavn,0.64,
fc-copenhagen,2,fc-barcelona,0.56,
fc-copenhagen,3,fc-schalke-04,0.5385,
fc-copenhagen-den,1,fc-k-benhavn,0.64,
fc-copenhagen-den,2,fc-barcelona,0.56,
fc-copenhagen-den,3,fc-schalke-04,0.5385,
fc-porto,1,fc-porto,1.0,
fc-porto,2,sporting-cp,0.6154,
fc-porto,3,liverpool-fc,0.4286,
fc-santa-coloma,1,fc-barcelona,0.5926,
fc-santa-coloma,2,ac-sparta-praha,0.5333,
fc-santa-coloma,3,fk-astana,0.5,
fc-santa-coloma-and,1,fc-nordsj-lland,0.5294,
fc-santa-coloma-and,2,ac-sparta-praha,0.5294,
fc-santa-coloma-and,3,fc-barcelona,0.5161,
fcsb,1,fc-sheriff,0.4286,
fcsb,2,fc-k-benhavn,0.375,
fcsb,3,fc-barcelona,0.375,
fcsb-rou,1,fc-sheriff,0.4286,
fcsb-rou,2,fc-k-benhavn,0.375,
fcsb-rou,3,fc-barcelona,0.375,
fenerbahce,1,fc-barcelona,0.4545,
fenerbahce,2,feyenoord,0.4211,
fenerbahce,3,inter,0.4167,
ferencvaros,1,ferencv-rosi-tc,0.7692,
ferencvaros,2,stade-rennais,0.5,
ferencvaros,3,feyenoord,0.5,
ferencvaros-hun,1,ferencv-rosi-tc,0.7333,
ferencvaros-hun,2,fc-barcelona,0.4444,
ferencvaros-hun,3,stade-rennais,0.4286,
feronikeli-kos,1,apoel-nikosia,0.4444,
feronikeli-kos,2,lille-osc,0.4348,
feronikeli-kos,3,fc-internazionale-milano,0.4211,
feyenoord,1,feyenoord,1.0,
feyenoord,2,feyenoord-rotterdam,0.6429,
feyenoord,3,ferencv-rosi-tc,0.4167,
fiorentina,1,sporting-cp,0.5556,
fiorentina,2,sporting-braga,0.5,
fiorentina,3,girona-fc,0.5,
fk-liepaja,1,sk-slavia-praha,0.56,
fk-liepaja,2,afc-ajax,0.5556,
fk-liepaja,3,fk-kairat,0.5263,
fk-rostov,1,fk-rostov,1.0,
fk-rostov,2,fk-kairat,0.5556,
fk-rostov,3,fk-astana,0.5556,
fk-sarajevo,1,fk-kairat,0.6,
fk-sarajevo,2,fk-astana,0.6,
fk-sarajevo,3,fk-krasnodar,0.5217,
fk-sarajevo-bih,1,fk-kairat,0.5,
fk-sarajevo-bih,2,fk-astana,0.5,
fk-sarajevo-bih,3,fc-steaua-bucure-ti,0.4706,
flora,1,lazio-roma,0.5333,
flora,2,fc-barcelona,0.4706,
flora,3,vfl-wolfsburg,0.4444,
flora-est,1,rangers-fc,0.5,
flora-est,2,kaa-gent,0.4706,
flora-est,3,viktoria-plze,0.4545,
floriana-mlt,1,viktoria-plze,0.48,
floriana-mlt,2,arsenal-fc,0.4211,
floriana-mlt,3,fk-bod-glimt,0.4167,
fola-lux,1,cfr-cluj,0.5,
fola-lux,2,olympiakos-piraeus,0.3846,
fola-lux,3,viktoria-plze,0.381,
folgore-san,1,fk-astana,0.5,
folgore-san,2,pfc-ludogorets-razgrad,0.4848,
folgore-san,3,fc-nordsj-lland,0.4615,
galatasaray,1,galatasaray,1.0,
galatasaray,2,galatasaray-sk,0.88,
galatasaray,3,atalanta-bc,0.5263,
galatasaray-tur,1,galatasaray,1.0,
galatasaray-tur,2,galatasaray-sk,0.88,
galatasaray-tur,3,atalanta-bc,0.5263,
genk,1,krc-genk,0.6667,
genk,2,kaa-gent,0.5,
genk,3,girona-fc,0.4,
genk-bel,1,krc-genk,0.6667,
genk-bel,2,kaa-gent,0.5,
genk-bel,3,girona-fc,0.4,
gent-bel,1,kaa-gent,0.6667,
gent-bel,2,krc-genk,0.5,
gent-bel,3,juventus-fc,0.5,
girona,1,girona-fc,1.0,
girona,2,lazio-roma,0.5,
girona,3,inter,0.5,
goteborg,1,bate-borisov,0.5,
goteborg,2,tottenham-hotspur-fc,0.4,
goteborg,3,tottenham-hotspur,0.4,
hafnarfjordur,1,feyenoord,0.4545,
hafnarfjordur,2,nk-maribor,0.4348,
hafnarfjordur,3,afc-ajax,0.381,
hajduk-split,1,fk-bod-glimt,0.4167,
hajduk-split,2,fk-rostov,0.381,
hajduk-split,3,fk-kairat,0.381,
hamburger-sv,1,rangers-fc,0.5263,
hamburger-sv,2,club-brugge-kv,0.4615,
hamburger-sv,3,rb-salzburg,0.4348,
hapoel-tel-aviv,1,maccabi-tel-aviv,0.6452,
hapoel-tel-aviv,2,o-elul-gala-i,0.5,
hapoel-tel-aviv,3,apoel-nikosia,0.5,
hb-torshavn-fai,1,bate-borisov,0.4444,
hb-torshavn-fai,2,maccabi-haifa,0.4286,
hb-torshavn-fai,3,fk-astana,0.4167,
hearts,1,rangers-fc,0.4615,
hearts,2,chelsea-fc,0.4615,
hearts,3,arsenal-fc,0.4615,
hibernians-mlt,1,inter,0.5,
hibernians-mlt,2,viktoria-plze,0.4444,
hibernians-mlt,3,bayern-m-nchen,0.4286,
hjk-fin,1,krc-genk,0.4,
hjk-fin,2,kaa-gent,0.4,
hjk-fin,3,ac-milan,0.4,
hoffenheim,1,1899-hoffenheim,0.8,
hoffenheim,2,tottenham-hotspur-fc,0.3704,
hoffenheim,3,tottenham-hotspur,0.3704,
hoffenheim-ger,1,1899-hoffenheim,0.8,
hoffenheim-ger,2,tottenham-hotspur-fc,0.3704,
hoffenheim-ger,3,tottenham-hotspur,0.3704,
iberia-1999-geo,1,viktoria-plze,0.4286,
iberia-1999-geo,2,inter,0.4138,
iberia-1999-geo,3,bayern-m-nchen,0.4138,
inter,1,inter,1.0,
inter,2,fc-internazionale-milano,0.7368,
inter,3,girona-fc,0.5,
inter-escaldes-and,1,fc-internazionale-milano,0.5238,
inter-escaldes-and,2,inter,0.5,
inter-escaldes-and,3,fc-schalke-04,0.4516,
juventus,1,juventus-fc,1.0,
juventus,2,juventus,1.0,
juventus,3,valencia-cf,0.375,
kairat-almaty-kaz,1,atalanta-bc,0.5714,
kairat-almaty-kaz,2,atalanta,0.5714,
kairat-almaty-kaz,3,fk-kairat,0.5455,
kalju-est,1,kaa-gent,0.5882,
kalju-est,2,juventus-fc,0.4706,
kalju-est,3,juventus,0.4706,
kf-elbasani,1,fk-astana,0.6,
kf-elbasani,2,o-elul-gala-i,0.5,
kf-elbasani,3,m-laga-cf,0.4706,
kf-tirana,1,fk-astana,0.6667,
kf-tirana,2,fk-krasnodar,0.5714,
kf-tirana,3,fk-kairat,0.5556,
kf-tirana-alb,1,fk-astana,0.5455,
kf-tirana-alb,2,gnk-dinamo-zagreb,0.5333,
kf-tirana-alb,3,fk-crvena-zvezda,0.4828,
klaksvik-fai,1,sk-slavia-praha,0.5185,
klaksvik-fai,2,slavia-praha,0.5,
klaksvik-fai,3,lazio-roma,0.4545,
kr-reykjavik,1,krc-genk,0.5,
kr-reykjavik,2,fc-k-benhavn,0.4167,
kr-reykjavik,3,stade-rennais,0.4,
kr-reykjavik-ice,1,krc-genk,0.4167,
kr-reykjavik-ice,2,sk-slavia-praha,0.3871,
kr-reykjavik-ice,3,ferencv-rosi-tc,0.3871,
krasnodar,1,fk-krasnodar,0.8571,
krasnodar,2,fk-astana,0.5556,
krasnodar,3,real-sociedad,0.5455,
krasnodar-rus,1,fk-krasnodar,0.8571,
krasnodar-rus,2,fk-astana,0.5556,
krasnodar-rus,3,real-sociedad,0.5455,
kups-fin,1,austria-wien,0.5,
kups-fin,2,psv-eindhoven,0.4762,
kups-fin,3,sl-benfica,0.4444,
lask-aut,1,galatasaray-sk,0.4444,
lask-aut,2,paphos-fc,0.4,
lask-aut,3,m-laga-cf,0.4,
lazio,1,ss-lazio,0.7692,
lazio,2,lazio-roma,0.6667,
lazio,3,liverpool-fc,0.4286,
legia,1,valencia-cf,0.6154,
legia,2,m-laga-cf,0.5455,
legia,3,girona-fc,0.5455,
legia-pol,1,valencia-cf,0.6154,
legia-pol,2,m-laga-cf,0.5455,
legia-pol,3,girona-fc,0.5455,
leicester,1,leicester-city,0.7826,
leicester,2,manchester-city-fc,0.5,
leicester,3,manchester-city,0.5,
levadia,1,valencia-cf,0.5333,
levadia,2,lazio-roma,0.4706,
levadia,3,m-laga-cf,0.4615,
levski-sofia,1,real-sociedad,0.48,
levski-sofia,2,sl-benfica,0.4545,
levski-sofia,3,lazio-roma,0.4545,
lille,1,lille-osc,0.7143,
lille,2,villarreal-cf,0.5333,
lille,3,sevilla-fc,0.5,
lincoln-red-imps-gib,1,dinamo-zagreb,0.4242,
lincoln-red-imps-gib,2,lazio-roma,0.4,
lincoln-red-imps-gib,3,fc-red-bull-salzburg,0.4,
linfield,1,liverpool-fc,0.4706,
linfield,2,sl-benfica,0.4444,
linfield,3,dinamo-kiev,0.4211,
linfield-nir,1,apoel-nikosia,0.4,
linfield-nir,2,liverpool-fc,0.381,
linfield-nir,3,lille-osc,0.381,
liverpool,1,liverpool-fc,1.0,
liverpool,2,lille-osc,0.4444,
liverpool,3,inter,0.4348,
liverpool-eng,1,liverpool-fc,1.0,
liverpool-eng,2,lille-osc,0.4444,
liverpool-eng,3,inter,0.4348,
llanelli,1,villarreal-cf,0.5556,
llanelli,2,montpellier-hsc,0.4348,
llanelli,3,celtic-fc,0.4286,
lok-plovdiv,1,k-slovan-bratislava,0.4667,
lok-plovdiv,2,lokomotiv-moskva,0.4444,
lok-plovdiv,3,fk-rostov,0.4,
lok-zagreb-cro,1,dinamo-zagreb,0.6957,
lok-zagreb-cro,2,gnk-dinamo-zagreb,0.5926,
lok-zagreb-cro,3,nk-maribor,0.5,
lokomotiv-moscow,1,lokomotiv-moskva,0.8125,
lokomotiv-moscow,2,lille-osc,0.48,
lokomotiv-moscow,3,montpellier-hsc,0.4516,
ludogorets,1,pfc-ludogorets-razgrad,0.625,
ludogorets,2,juventus-fc,0.4444,
ludogorets,3,juventus,0.4444,
ludogorets-bul,1,pfc-ludogorets-razgrad,0.6111,
ludogorets-bul,2,dinamo-zagreb,0.4444,
ludogorets-bul,3,sporting-clube-de-portugal,0.4,
lyon,1,girona-fc,0.4,
lyon,2,fc-barcelona,0.375,
lyon,3,olympique-lyonnais,0.3636,
maccabi-haifa,1,maccabi-haifa,1.0,
maccabi-haifa,2,maccabi-tel-aviv,0.6897,
maccabi-haifa,3,qaraba-fk,0.4545,
maccabi-haifa-isr,1,maccabi-haifa,0.8667,
maccabi-haifa-isr,2,maccabi-tel-aviv,0.6061,
maccabi-haifa-isr,3,racing-club-de-lens,0.3889,
maccabi-tel-aviv,1,maccabi-tel-aviv,1.0,
maccabi-tel-aviv,2,maccabi-haifa,0.6897,
maccabi-tel-aviv,3,manchester-city-fc,0.4516,
maccabi-tel-aviv-isr,1,maccabi-tel-aviv,0.8889,
maccabi-tel-aviv-isr,2,maccabi-haifa,0.6061,
maccabi-tel-aviv-isr,3,o-elul-gala-i,0.4242,
malaga,1,m-laga-cf,0.8333,
malaga,2,atalanta-bc,0.5714,
malaga,3,atalanta,0.5714,
malmo-ff,1,malm-ff,0.9333,
malmo-ff,2,dinamo-kiev,0.4211,
malmo-ff,3,pae-olympiakos-sfp,0.3846,
malmo-ff-swe,1,malm-ff,0.7368,
malmo-ff-swe,2,dinamo-kiev,0.4348,
malmo-ff-swe,3,royal-antwerp-fc,0.4,
manchester-city,1,manchester-city-fc,1.0,
manchester-city,2,manchester-city,1.0,
manchester-city,3,manchester-united-fc,0.8125,
manchester-utd,1,manchester-united-fc,0.9032,
manchester-utd,2,manchester-united,0.9032,
manchester-utd,3,manchester-city-fc,0.8276,
maribor,1,nk-maribor,0.8235,
maribor,2,trabzonspor,0.4444,
maribor,3,real-madrid-cf,0.4444,
maribor-slo,1,nk-maribor,0.6667,
maribor-slo,2,bate-borisov,0.5217,
maribor-slo,3,rb-salzburg,0.4545,
marseille,1,olympique-marseille,0.6429,
marseille,2,sevilla-fc,0.625,
marseille,3,arsenal-fc,0.625,
midtjylland,1,fc-midtjylland,0.88,
midtjylland,2,fc-nordsj-lland,0.5385,
midtjylland,3,ac-milan,0.5263,
midtjylland-den,1,fc-midtjylland,0.88,
midtjylland-den,2,fc-nordsj-lland,0.5385,
midtjylland-den,3,ac-milan,0.5263,
mlada-boleslav,1,k-slovan-bratislava,0.4848,
mlada-boleslav,2,bate-borisov,0.4615,
mlada-boleslav,3,sl-benfica,0.4167,
modrica,1,real-madrid-cf,0.4444,
modrica,2,real-madrid,0.4444,
modrica,3,viktoria-plze,0.4,
molde-nor,1,montpellier-hsc,0.4,
molde-nor,2,dinamo-kiev,0.375,
molde-nor,3,m-laga-cf,0.3636,
monaco,1,as-monaco-fc,1.0,
monaco,2,as-monaco,1.0,
monaco,3,as-roma,0.625,
monaco-fra,1,as-monaco-fc,1.0,
monaco-fra,2,as-monaco,1.0,
monaco-fra,3,as-roma,0.625,
mtk-budapest,1,fk-astana,0.4762,
mtk-budapest,2,fk-bod-glimt,0.4167,
mtk-budapest,3,stade-brestois-29,0.4138,
mura-slo,1,real-sociedad,0.4762,
mura-slo,2,trabzonspor,0.4211,
mura-slo,3,rangers-fc,0.4,
murata,1,m-laga-cf,0.5,
murata,2,atalanta-bc,0.4286,
murata,3,atalanta,0.4286,
mypa,1,paphos-fc,0.4,
mypa,2,m-laga-cf,0.4,
mypa,3,malm-ff,0.3636,
napoli,1,ssc-napoli,0.75,
napoli,2,apoel-nikosia,0.5263,
napoli,3,paphos-fc,0.5,
napoli-ita,1,ssc-napoli,0.75,
napoli-ita,2,apoel-nikosia,0.5263,
napoli-ita,3,paphos-fc,0.5,
nd-gorica,1,feyenoord-rotterdam,0.4286,
nd-gorica,2,sl-benfica,0.4211,
nd-gorica,3,nk-maribor,0.4211,
neftci-baku,1,fc-k-benhavn,0.4348,
neftci-baku,2,fc-barcelona,0.4348,
neftci-baku,3,valencia-cf,0.4211,
neftci-baku-aze,1,fc-barcelona,0.4444,
neftci-baku-aze,2,fc-bayern-m-nchen,0.4375,
neftci-baku-aze,3,fc-basel-1893,0.4286,
nsi-runavik,1,stade-rennais,0.5,
nsi-runavik,2,ssc-napoli,0.4762,
nsi-runavik,3,girona-fc,0.4706,
olympiacos-piraeus,1,olympiakos-piraeus,0.9444,
olympiacos-piraeus,2,pae-olympiakos-sfp,0.6111,
olympiacos-piraeus,3,olympique-marseille,0.5405,
olympiacos-piraeus-gre,1,olympiakos-piraeus,0.9444,
olympiacos-piraeus-gre,2,pae-olympiakos-sfp,0.6111,
olympiacos-piraeus-gre,3,olympique-marseille,0.5405,
omonia-cyp,1,as-monaco-fc,0.5333,
omonia-cyp,2,as-monaco,0.5333,
omonia-cyp,3,girona-fc,0.5,
ostrava,1,fk-rostov,0.5,
ostrava,2,fk-astana,0.5,
ostrava,3,sporting-braga,0.4762,
panathinaikos,1,paphos-fc,0.5263,
panathinaikos,2,stade-rennais,0.4615,
panathinaikos,3,apoel-nikosia,0.4615,
paok-gre,1,paphos-fc,0.6,
paok-gre,2,spartak-moskva,0.4444,
paok-gre,3,fc-porto,0.4444,
partizan,1,sporting-cp,0.625,
partizan,2,austria-wien,0.5,
partizan,3,atalanta-bc,0.5,
petrzalka,1,atalanta-bc,0.4706,
petrzalka,2,atalanta,0.4706,
petrzalka,3,sporting-braga,0.4348,
piast-gliwice-pol,1,austria-wien,0.48,
piast-gliwice-pol,2,olympiakos-piraeus,0.4516,
piast-gliwice-pol,3,paris-saint-germain-fc,0.4375,
plzen,1,valencia-cf,0.4615,
plzen,2,viktoria-plze,0.4444,
plzen,3,sl-benfica,0.4,
plzen-cze,1,valencia-cf,0.4615,
plzen-cze,2,viktoria-plze,0.4444,
plzen-cze,3,sl-benfica,0.4,
prishtina-kos,1,spartak-moskva,0.5185,
prishtina-kos,2,sporting-cp,0.4762,
prishtina-kos,3,sporting-braga,0.4444,
psg,1,paris-saint-germain-fc,1.0,
psg,2,paris-saint-germain,1.0,
psg,3,sk-sturm-graz,0.5,
psv,1,psv,1.0,
psv,2,paphos-fc,0.4444,
psv,3,sevilla-fc,0.4,
psv-ned,1,psv,1.0,
psv-ned,2,paphos-fc,0.4444,
psv-ned,3,sevilla-fc,0.4,
pyunik-yerevan,1,1-fc-union-berlin,0.4516,
pyunik-yerevan,2,paris-saint-germain-fc,0.4242,
pyunik-yerevan,3,paris-saint-germain,0.4242,
qarabag,1,qaraba-fk,0.75,
qarabag,2,qaraba-a-dam-fk,0.5455,
qarabag,3,rangers-fc,0.4286,
qarabag-aze,1,qaraba-fk,0.7,
qarabag-aze,2,qaraba-a-dam-fk,0.6154,
qarabag-aze,3,rangers-fc,0.4444,
rabotnicki,1,apoel-nikosia,0.5217,
rabotnicki,2,trabzonspor,0.4762,
rabotnicki,3,qaraba-fk,0.4211,
rangers,1,rangers-fc,1.0,
rangers,2,royal-antwerp-fc,0.5,
rangers,3,rsc-anderlecht,0.4762,
rangers-sco,1,rangers-fc,1.0,
rangers-sco,2,royal-antwerp-fc,0.5,
rangers-sco,3,rsc-anderlecht,0.4762,
rb-leipzig,1,rb-leipzig,1.0,
rb-leipzig,2,rb-salzburg,0.5714,
rb-leipzig,3,ss-lazio,0.4444,
real-madrid,1,real-madrid-cf,1.0,
real-madrid,2,real-madrid,1.0,
real-madrid,3,atl-tico-madrid,0.6923,
real-sociedad,1,real-sociedad,1.0,
real-sociedad,2,real-sociedad-de-f-tbol,0.7222,
real-sociedad,3,real-madrid-cf,0.5833,
rennes,1,stade-rennais,0.5263,
rennes,2,rangers-fc,0.4615,
rennes,3,arsenal-fc,0.4615,
rhyl,1,chelsea-fc,0.3636,
rhyl,2,arsenal-fc,0.3636,
rhyl,3,royal-antwerp-fc,0.3529,
riga-fc-lat,1,afc-ajax,0.5263,
riga-fc-lat,2,ac-milan,0.5263,
riga-fc-lat,3,racing-club-de-lens,0.4667,
rosenborg,1,trabzonspor,0.5,
rosenborg,2,rb-salzburg,0.5,
rosenborg,3,arsenal-fc,0.5,
rosenborg-nor,1,trabzonspor,0.5,
rosenborg-nor,2,rb-salzburg,0.5,
rosenborg-nor,3,arsenal-fc,0.5,
rubin-kazan,1,sporting-braga,0.48,
rubin-kazan,2,be-ikta,0.4444,
rubin-kazan,3,kaa-gent,0.4211,
ruzomberok,1,trabzonspor,0.381,
ruzomberok,2,1-fc-union-berlin,0.3704,
ruzomberok,3,rangers-fc,0.3529,
salzburg,1,rb-salzburg,0.8421,
salzburg,2,fc-red-bull-salzburg,0.5714,
salzburg,3,vfl-wolfsburg,0.4762,
salzburg-aut,1,rb-salzburg,0.8421,
salzburg-aut,2,fc-red-bull-salzburg,0.5714,
salzburg-aut,3,vfl-wolfsburg,0.4762,
schalke,1,fc-schalke-04,0.7,
schalke,2,ssc-napoli,0.4706,
schalke,3,shakhtar-donetsk,0.4348,
sevilla,1,sevilla-fc,1.0,
sevilla,2,aston-villa-fc,0.6667,
sevilla,3,villarreal-cf,0.5882,
shakhtar-donetsk,1,shakhtar-donetsk,1.0,
shakhtar-donetsk,2,fk-shakhtar-donetsk,0.9143,
shakhtar-donetsk,3,spartak-moskva,0.4667,
shakhtar-donetsk-ukr,1,shakhtar-donetsk,1.0,
shakhtar-donetsk-ukr,2,fk-shakhtar-donetsk,0.9143,
shakhtar-donetsk-ukr,3,spartak-moskva,0.4667,
shakhtyor-soligorsk-blr,1,shakhtar-donetsk,0.5641,
shakhtyor-soligorsk-blr,2,fk-shakhtar-donetsk,0.5238,
shakhtyor-soligorsk-blr,3,sporting-braga,0.4324,
shamakhi,1,i-stanbul-ba-ak-ehir,0.4286,
shamakhi,2,real-madrid-cf,0.4211,
shamakhi,3,real-madrid,0.4211,
shamrock-rovers-irl,1,spartak-moskva,0.4828,
shamrock-rovers-irl,2,cska-moskva,0.4615,
shamrock-rovers-irl,3,bayer-leverkusen,0.4516,
shelbourne,1,rb-salzburg,0.4762,
shelbourne,2,chelsea-fc,0.4706,
shelbourne,3,sporting-cp,0.4444,
sheriff-tiraspol,1,fc-sheriff,0.5385,
sheriff-tiraspol,2,ssc-napoli,0.4615,
sheriff-tiraspol,3,trabzonspor,0.4444,
sheriff-tiraspol-mda,1,fk-krasnodar,0.5,
sheriff-tiraspol-mda,2,fc-sheriff,0.4667,
sheriff-tiraspol-mda,3,ssc-napoli,0.4,
shkendija-mkd,1,cska-moskva,0.5,
shkendija-mkd,2,sl-benfica,0.4348,
shkendija-mkd,3,real-madrid-cf,0.4167,
sileks-mkd,1,cska-moskva,0.4762,
sileks-mkd,2,lille-osc,0.4211,
sileks-mkd,3,spartak-moskva,0.4167,
siroki-brijeg,1,sporting-braga,0.4444,
siroki-brijeg,2,dinamo-kiev,0.4167,
siroki-brijeg,3,1-fc-union-berlin,0.4,
sk-rapid,1,ssc-napoli,0.5556,
sk-rapid,2,as-roma,0.5333,
sk-rapid,3,ss-lazio,0.5,
sk-rapid-aut,1,ssc-napoli,0.5556,
sk-rapid-aut,2,as-roma,0.5333,
sk-rapid-aut,3,ss-lazio,0.5,
skonto,1,fc-porto,0.5455,
skonto,2,as-monaco-fc,0.5333,
skonto,3,as-monaco,0.5333,
slavia-prague,1,slavia-praha,0.8,
slavia-prague,2,sk-slavia-praha,0.7143,
slavia-prague,3,olympiakos-piraeus,0.5161,
slavia-prague-cze,1,slavia-praha,0.8,
slavia-prague-cze,2,sk-slavia-praha,0.7143,
slavia-prague-cze,3,olympiakos-piraeus,0.5161,
sliema,1,sl-benfica,0.5,
sliema,2,lazio-roma,0.5,
sliema,3,sevilla-fc,0.4615,
slovan-bratislava,1,k-slovan-bratislava,0.9444,
slovan-bratislava,2,sporting-braga,0.5161,
slovan-bratislava,3,aston-villa-fc,0.5,
slovan-bratislava-svk,1,k-slovan-bratislava,0.9444,
slovan-bratislava-svk,2,sporting-braga,0.5161,
slovan-bratislava-svk,3,aston-villa-fc,0.5,
sparta-prague,1,ac-sparta-praha,0.7143,
sparta-prague,2,sporting-braga,0.5926,
sparta-prague,3,spartak-moskva,0.5926,
sparta-prague-cze,1,ac-sparta-praha,0.7143,
sparta-prague-cze,2,sporting-braga,0.5926,
sparta-prague-cze,3,spartak-moskva,0.5926,
spartak-moscow,1,spartak-moskva,0.7857,
spartak-moscow,2,as-monaco-fc,0.5217,
spartak-moscow,3,as-monaco,0.5217,
sporting-cp,1,sporting-cp,1.0,
sporting-cp,2,sporting-braga,0.7273,
sporting-cp,3,fc-porto,0.6154,
sporting-cp-por,1,sporting-cp,1.0,
sporting-cp-por,2,sporting-braga,0.7273,
sporting-cp-por,3,fc-porto,0.6154,
st-liege,1,ss-lazio,0.5,
st-liege,2,sporting-cp,0.5,
st-liege,3,austria-wien,0.5,
sturm-graz,1,sk-sturm-graz,0.8696,
sturm-graz,2,m-laga-cf,0.5,
sturm-graz,3,as-roma,0.4706,
stuttgart,1,vfb-stuttgart,0.8182,
stuttgart,2,sk-sturm-graz,0.4545,
stuttgart,3,shakhtar-donetsk,0.4,
suduva-ltu,1,juventus-fc,0.4444,
suduva-ltu,2,juventus,0.4444,
suduva-ltu,3,borussia-dortmund,0.3704,
sutjeska-mne,1,cska-moskva,0.4348,
sutjeska-mne,2,austria-wien,0.4167,
sutjeska-mne,3,borussia-dortmund,0.4138,
tampere-utd,1,manchester-united-fc,0.5,
tampere-utd,2,manchester-united,0.5,
tampere-utd,3,newcastle-united-fc,0.4444,
teuta-alb,1,inter,0.4348,
teuta-alb,2,fc-steaua-bucure-ti,0.4286,
teuta-alb,3,fc-red-bull-salzburg,0.4138,
thun,1,aek-athen,0.4615,
thun,2,athletic-club,0.3529,
thun,3,sporting-cp,0.3333,
tns-wal,1,trabzonspor,0.4286,
tns-wal,2,rangers-fc,0.4,
tns-wal,3,stade-rennais,0.375,
tottenham,1,tottenham-hotspur-fc,0.6923,
tottenham,2,tottenham-hotspur,0.6923,
tottenham,3,feyenoord-rotterdam,0.4286,
toulouse,1,chelsea-fc,0.4,
toulouse,2,olympique-lyonnais,0.3846,
toulouse,3,olympiakos-piraeus,0.3846,
trabzonspor,1,trabzonspor,1.0,
trabzonspor,2,inter,0.48,
trabzonspor,3,rangers-fc,0.4444,
trabzonspor-tur,1,trabzonspor,1.0,
trabzonspor-tur,2,inter,0.48,
trabzonspor-tur,3,rangers-fc,0.4444,
tre-fiori-san,1,bate-borisov,0.56,
tre-fiori-san,2,1-fc-union-berlin,0.4667,
tre-fiori-san,3,apoel-nikosia,0.4615,
tre-penne-san,1,stade-rennais,0.5385,
tre-penne-san,2,royale-union-saint-gilloise,0.45,
tre-penne-san,3,montpellier-hsc,0.4286,
tvmk-tallinn,1,fk-astana,0.4762,
tvmk-tallinn,2,valencia-cf,0.4,
tvmk-tallinn,3,psv-eindhoven,0.4,
twente,1,newcastle-united-fc,0.4545,
twente,2,austria-wien,0.4444,
twente,3,kaa-gent,0.4286,
udinese,1,dinamo-kiev,0.4444,
udinese,2,rangers-fc,0.4286,
udinese,3,chelsea-fc,0.4286,
valencia,1,valencia-cf,1.0,
valencia,2,sl-benfica,0.5556,
valencia,3,atalanta-bc,0.5,
valerenga,1,valencia-cf,0.7059,
valerenga,2,stade-rennais,0.5455,
valerenga,3,bayer-leverkusen,0.48,
valletta,1,valencia-cf,0.625,
valletta,2,sevilla-fc,0.5333,
valletta,3,atalanta-bc,0.5,
valletta-mlt,1,valencia-cf,0.5,
valletta-mlt,2,athletic-club,0.48,
valletta-mlt,3,sevilla-fc,0.4211,
valur,1,rb-salzburg,0.5,
valur,2,valencia-cf,0.4615,
valur,3,vfl-wolfsburg,0.4444,
valur-ice,1,austria-wien,0.5714,
valur-ice,2,valencia-cf,0.4706,
valur-ice,3,real-sociedad,0.4545,
ventspils,1,juventus-fc,0.5882,
ventspils,2,juventus,0.5882,
ventspils,3,valencia-cf,0.4706,
villarreal,1,villarreal-cf,1.0,
villarreal,2,sevilla-fc,0.5882,
villarreal,3,arsenal-fc,0.5882,
werder-bremen,1,stade-rennais,0.4615,
werder-bremen,2,bayern-m-nchen,0.4444,
werder-bremen,3,bayer-leverkusen,0.4138,
wisla,1,sevilla-fc,0.5,
wisla,2,ss-lazio,0.4615,
wisla,3,ac-milan,0.4615,
wit-georgia,1,viktoria-plze,0.5,
wit-georgia,2,paris-saint-germain-fc,0.4667,
wit-georgia,3,paris-saint-germain,0.4667,
wolfsburg,1,vfl-wolfsburg,0.8182,
wolfsburg,2,rb-salzburg,0.5,
wolfsburg,3,fc-red-bull-salzburg,0.4138,
young-boys,1,bsc-young-boys,0.8333,
young-boys,2,sporting-braga,0.4167,
young-boys,3,nk-maribor,0.4,
young-boys-sui,1,bsc-young-boys,0.8333,
young-boys-sui,2,sporting-braga,0.4167,
young-boys-sui,3,nk-maribor,0.4,
zaglebie,1,valencia-cf,0.5,
zaglebie,2,dinamo-zagreb,0.4762,
zaglebie,3,newcastle-united-fc,0.4167,
zalgiris-ltu,1,athletic-club,0.48,
zalgiris-ltu,2,rangers-fc,0.4211,
zalgiris-ltu,3,viktoria-plze,0.4,
zenit,1,be-ikta,0.5,
zenit,2,valencia-cf,0.4615,
zenit,3,kaa-gent,0.4615,
zeta,1,be-ikta,0.5455,
zeta,2,celtic-fc,0.4,
zeta,3,sevilla-fc,0.3636,
zhenis,1,chelsea-fc,0.4615,
zhenis,2,valencia-cf,0.4286,
zhenis,3,juventus-fc,0.4286,
zilina,1,girona-fc,0.5,
zilina,2,sevilla-fc,0.4615,
zilina,3,atalanta-bc,0.4286,
zurich,1,rb-salzburg,0.3529,
zurich,2,celtic-fc,0.3333,
zurich,3,austria-wien,0.3333,
