round_number,home_team,away_team,rules_margin,ml_margin,rules_home_prob,ml_h2h,game_date,date,home_win,home_margin,mkt_home_prob_open,h2h_home_close,h2h_away_close,home_line_close,date_gap,combined_h2h_home_prob,combined_h2h_home_odds,combined_h2h_away_odds,closing_no_vig_home_prob,h2h_home_edge,h2h_selection,h2h_edge,h2h_qualifies_7pp,h2h_odds,h2h_won,h2h_profit,combined_margin,handicap_edge_home,handicap_selection,handicap_edge,handicap_qualifies_6pt,handicap_won,handicap_push,handicap_profit_at_1_90
8,Collingwood Magpies,Hawthorn Hawks,-5.4,5.3,0.44,0.875,2026-04-30,2026-04-30,0.0,0.0,0.3333,4.2,1.23,27.5,0.0,0.6140000000000001,1.6286644951140063,2.5906735751295344,0.22651933701657456,0.38748066298342554,Collingwood Magpies,0.38748066298342554,True,4.2,False,-1.0,2.6249999999999996,30.125,Collingwood Magpies,30.125,True,True,False,0.9
8,Western Bulldogs,Fremantle Dockers,9.1,-5.8,0.6,0.687,2026-05-01,2026-05-01,0.0,-12.0,0.3224,3.15,1.36,19.5,0.0,0.6348,1.575299306868305,2.738225629791895,0.30155210643015523,0.3332478935698448,Western Bulldogs,0.3332478935698448,True,3.15,False,-1.0,-2.0749999999999997,17.425,Western Bulldogs,17.425,True,True,False,0.9
8,Adelaide Crows,Port Adelaide Power,55.7,47.3,0.9390000000000001,0.85,2026-05-01,2026-05-01,1.0,1.0,0.6881,1.58,2.4,-8.5,0.0,0.9034,1.1069293779056897,10.351966873706003,0.6030150753768844,0.3003849246231156,Adelaide Crows,0.3003849246231156,True,1.58,True,0.5800000000000001,49.39999999999999,40.89999999999999,Adelaide Crows,40.89999999999999,True,False,False,-1.0
8,Essendon Bombers,Brisbane Lions,-44.1,-14.5,0.11,0.517,2026-05-02,2026-05-02,0.0,-64.0,0.2077,8.5,1.07,47.5,0.0,0.27280000000000004,3.6656891495601167,1.3751375137513753,0.11180773249738768,0.16099226750261236,Essendon Bombers,0.16099226750261236,True,8.5,False,-1.0,-21.9,25.6,Essendon Bombers,25.6,True,False,False,-1.0
8,West Coast Eagles,Richmond Tigers,19.9,22.0,0.7090000000000001,0.777,2026-05-02,2026-05-02,0.0,-11.0,0.6744,1.37,3.05,-19.5,0.0,0.7362000000000001,1.3583265417006247,3.7907505686125864,0.6900452488687784,0.046154751131221694,West Coast Eagles,0.046154751131221694,False,1.37,False,,21.475,1.9750000000000014,West Coast Eagles,1.9750000000000014,False,False,False,
8,Geelong Cats,North Melbourne Kangaroos,62.3,41.5,0.958,0.8170000000000001,2026-05-02,2026-05-02,1.0,49.0,0.777,1.23,4.2,-27.5,0.0,0.9016,1.109139307897072,10.162601626016256,0.7734806629834253,0.12811933701657463,Geelong Cats,0.12811933701657463,True,1.23,True,0.22999999999999998,46.7,19.200000000000003,Geelong Cats,19.200000000000003,True,True,False,0.9
8,Carlton Blues,St Kilda Saints,6.4,0.9,0.57,0.757,2026-05-02,2026-05-02,0.0,-39.0,0.3781,2.45,1.54,10.5,0.0,0.6448,1.5508684863523572,2.8153153153153156,0.38596491228070173,0.2588350877192983,Carlton Blues,0.2588350877192983,True,2.45,False,-1.0,2.2750000000000004,12.775,Carlton Blues,12.775,True,False,False,-1.0
8,Sydney Swans,Melbourne Demons,56.8,38.8,0.943,0.8809999999999999,2026-05-03,2026-05-03,1.0,17.0,0.8104,1.12,6.25,-37.5,0.0,0.9181999999999999,1.0890873448050535,12.22493887530561,0.8480325644504749,0.07016743554952498,Sydney Swans,0.07016743554952498,True,1.12,True,0.1200000000000001,43.3,5.799999999999997,Sydney Swans,5.799999999999997,False,False,False,
8,Gold Coast Suns,Greater Western Sydney Giants,18.6,26.5,0.698,0.78,2026-05-03,2026-05-03,1.0,20.0,0.7081,1.57,2.4,-9.5,0.0,0.7308,1.3683634373289546,3.7147102526002973,0.6045340050377834,0.12626599496221658,Gold Coast Suns,0.12626599496221658,True,1.57,True,0.5700000000000001,24.525,15.024999999999999,Gold Coast Suns,15.024999999999999,True,True,False,0.9
9,Fremantle Dockers,Hawthorn Hawks,4.6,3.9,0.5513,0.7597,2026-05-07,2026-05-07,1.0,15.0,0.5134,1.7,2.15,-4.5,0.0,0.63466,1.5756468030126367,2.737176328899108,0.5584415584415584,0.0762184415584416,Fremantle Dockers,0.0762184415584416,True,1.7,True,0.7,4.074999999999999,-0.4250000000000007,Hawthorn Hawks,0.4250000000000007,False,False,False,
9,Brisbane Lions,Carlton Blues,60.8,65.6,0.9543,0.9834,2026-05-08,2026-05-08,1.0,11.0,0.8216,1.1,7.0,-41.5,0.0,0.96594,1.0352609892954014,29.35995302407518,0.8641975308641975,0.10174246913580254,Brisbane Lions,0.10174246913580254,True,1.1,True,0.10000000000000009,64.39999999999999,22.89999999999999,Brisbane Lions,22.89999999999999,True,False,False,-1.0
9,Port Adelaide Power,Western Bulldogs,-14.8,18.1,0.3401,0.6482,2026-05-08,2026-05-08,0.0,-2.0,0.4759,2.0,1.8,2.5,0.0,0.46334,2.158242327448526,1.8633771848097491,0.47368421052631576,-0.010344210526315789,Western Bulldogs,0.010344210526315789,False,1.8,True,,9.875,12.375,Port Adelaide Power,12.375,True,True,False,0.9
9,North Melbourne Kangaroos,Sydney Swans,-21.6,-4.2,0.2747,0.2916,2026-05-09,2026-05-09,0.0,-8.0,0.2525,3.35,1.32,22.5,0.0,0.28146000000000004,3.552902721523484,1.3917109694658614,0.28265524625267663,-0.001195246252676585,Sydney Swans,0.001195246252676585,False,1.32,True,,-8.55,13.95,North Melbourne Kangaroos,13.95,True,True,False,0.9
9,Greater Western Sydney Giants,Essendon Bombers,45.2,42.7,0.8956,0.9443,2026-05-09,2026-05-09,1.0,14.0,0.8663,1.1,7.0,-43.5,0.0,0.91508,1.0928006294531625,11.775788977861517,0.8641975308641975,0.05088246913580252,Greater Western Sydney Giants,0.05088246913580252,False,1.1,True,,43.325,-0.17499999999999716,Essendon Bombers,0.17499999999999716,False,True,False,
9,Gold Coast Suns,St Kilda Saints,48.9,50.8,0.913,0.9123,2026-05-09,2026-05-09,1.0,29.0,0.6611,1.34,3.2,-20.5,0.0,0.91272,1.095626259970199,11.457378551787349,0.7048458149779735,0.20787418502202648,Gold Coast Suns,0.20787418502202648,True,1.34,True,0.3400000000000001,50.324999999999996,29.824999999999996,Gold Coast Suns,29.824999999999996,True,True,False,0.9
9,Geelong Cats,Collingwood Magpies,23.2,8.4,0.7403,0.6377,2026-05-09,2026-05-09,1.0,54.0,0.6266,1.48,2.65,-13.5,0.0,0.69926,1.4300832308440352,3.325131342688036,0.6416464891041161,0.057613510895883846,Geelong Cats,0.057613510895883846,False,1.48,True,,12.100000000000001,-1.3999999999999986,Collingwood Magpies,1.3999999999999986,False,False,False,
9,Melbourne Demons,West Coast Eagles,45.2,41.9,0.8953,0.966,2026-05-10,2026-05-10,1.0,32.0,0.837,1.1,7.0,-41.5,0.0,0.9235800000000001,1.082743238268477,13.085579691180332,0.8641975308641975,0.059382469135802585,Melbourne Demons,0.059382469135802585,False,1.1,True,,42.724999999999994,1.2249999999999943,Melbourne Demons,1.2249999999999943,False,False,False,
9,Richmond Tigers,Adelaide Crows,-52.9,-22.6,0.0708,0.0954,2026-05-10,2026-05-10,0.0,-37.0,0.1784,6.0,1.13,38.5,0.0,0.08063999999999999,12.400793650793652,1.08771319178559,0.15848527349228608,-0.0778452734922861,Adelaide Crows,0.0778452734922861,True,1.13,True,0.1299999999999999,-30.175000000000004,8.324999999999996,Richmond Tigers,8.324999999999996,True,True,False,0.9
10,Brisbane Lions,Geelong Cats,24.0,17.6,0.748,0.889,2026-05-14,2026-05-14,0.0,-41.0,0.6579,1.47,2.7,-14.5,0.0,0.8044,1.2431626056688214,5.112474437627812,0.6474820143884892,0.15691798561151082,Brisbane Lions,0.15691798561151082,True,1.47,False,-1.0,19.200000000000003,4.700000000000003,Brisbane Lions,4.700000000000003,False,False,False,
10,Sydney Swans,Collingwood Magpies,27.2,14.9,0.775,0.851,2026-05-15,2026-05-15,1.0,6.0,0.7749,1.13,6.0,-35.5,0.0,0.8054,1.2416190712689348,5.138746145940391,0.8415147265077139,-0.03611472650771386,Collingwood Magpies,0.03611472650771386,False,6.0,False,,17.975,-17.525,Collingwood Magpies,17.525,True,True,False,0.9
10,Gold Coast Suns,Port Adelaide Power,29.7,34.5,0.795,0.85,2026-05-15,2026-05-15,1.0,25.0,0.7549,1.21,4.4,-25.5,0.0,0.817,1.2239902080783354,5.464480874316938,0.7843137254901962,0.03268627450980377,Gold Coast Suns,0.03268627450980377,False,1.21,True,,33.3,7.799999999999997,Gold Coast Suns,7.799999999999997,True,False,False,-1.0
10,Adelaide Crows,North Melbourne Kangaroos,45.4,46.9,0.8959999999999999,0.86,2026-05-16,2026-05-16,1.0,68.0,0.6865,1.48,2.65,-12.5,0.0,0.8815999999999999,1.134301270417423,8.445945945945942,0.6416464891041161,0.2399535108958838,Adelaide Crows,0.2399535108958838,True,1.48,True,0.48,46.525,34.025,Adelaide Crows,34.025,True,True,False,0.9
10,Melbourne Demons,Hawthorn Hawks,-43.4,-1.5,0.114,0.741,2026-05-16,2026-05-16,1.0,39.0,0.2952,2.8,1.44,15.5,0.0,0.3648,2.7412280701754383,1.5743073047858942,0.33962264150943394,0.02517735849056607,Melbourne Demons,0.02517735849056607,False,2.8,True,,-11.975,3.5250000000000004,Melbourne Demons,3.5250000000000004,False,True,False,
10,Carlton Blues,Western Bulldogs,-13.6,7.6,0.35200000000000004,0.614,2026-05-16,2026-05-16,1.0,12.0,0.3494,2.35,1.6,8.5,0.0,0.45680000000000004,2.189141856392294,1.8409425625920475,0.40506329113924056,0.051736708860759484,Carlton Blues,0.051736708860759484,False,2.35,True,,2.2999999999999994,10.799999999999999,Carlton Blues,10.799999999999999,True,True,False,0.9
10,Essendon Bombers,Fremantle Dockers,-42.9,-11.8,0.11699999999999999,0.695,2026-05-17,2026-05-17,0.0,-43.0,0.1797,4.8,1.19,76.5,0.0,0.34819999999999995,2.871912693854107,1.5342129487572873,0.1986644407345576,0.14953555926544235,Essendon Bombers,0.14953555926544235,True,4.8,False,-1.0,-19.575000000000003,56.925,Essendon Bombers,56.925,True,True,False,0.9
10,St Kilda Saints,Richmond Tigers,55.3,35.2,0.938,0.907,2026-05-17,2026-05-17,1.0,36.0,0.8653,1.09,7.5,-40.5,0.0,0.9256,1.08038029386344,13.44086021505376,0.8731082654249126,0.05249173457508738,St Kilda Saints,0.05249173457508738,False,1.09,True,,40.225,-0.2749999999999986,Richmond Tigers,0.2749999999999986,False,True,False,
10,West Coast Eagles,Greater Western Sydney Giants,-42.1,-29.0,0.121,0.21899999999999997,2026-05-17,2026-05-17,1.0,17.0,0.196,4.3,1.22,29.5,0.0,0.1602,6.242197253433208,1.1907597046915932,0.2210144927536232,-0.06081449275362319,Greater Western Sydney Giants,0.06081449275362319,False,1.22,False,,-32.275,-2.7749999999999986,Greater Western Sydney Giants,2.7749999999999986,False,False,False,
11,Hawthorn Hawks,Adelaide Crows,27.4,0.4,0.777,0.6943,2026-05-21,2026-05-21,1.0,9.0,0.6951,1.55,2.45,-10.5,0.0,0.74392,1.3442305624260673,3.9050296782255547,0.6125,0.13141999999999998,Hawthorn Hawks,0.13141999999999998,True,1.55,True,0.55,7.1499999999999995,-3.3500000000000005,Adelaide Crows,3.3500000000000005,False,True,False,
11,Fremantle Dockers,St Kilda Saints,47.3,18.1,0.9055,0.8951,2026-05-22,2026-05-22,1.0,30.0,0.7377,1.27,3.75,-23.5,0.0,0.90134,1.1094592495617634,10.135819987837019,0.7470119521912351,0.15432804780876497,Fremantle Dockers,0.15432804780876497,True,1.27,True,0.27,25.4,1.8999999999999986,Fremantle Dockers,1.8999999999999986,False,True,False,
11,Richmond Tigers,Essendon Bombers,-14.8,-13.1,0.3405,0.6135,2026-05-22,2026-05-22,1.0,18.0,0.3627,2.8,1.44,13.5,0.0,0.44970000000000004,2.2237046920169,1.8171906232963837,0.33962264150943394,0.1100773584905661,Richmond Tigers,0.1100773584905661,True,2.8,True,1.7999999999999998,-13.524999999999999,-0.02499999999999858,Essendon Bombers,0.02499999999999858,False,False,False,
11,Collingwood Magpies,West Coast Eagles,84.4,45.2,0.9905,0.9508,2026-05-23,2026-05-23,1.0,10.0,0.882,1.06,9.5,-47.5,0.0,0.97462,1.0260409185118302,39.40110323089053,0.8996212121212122,0.07499878787878789,Collingwood Magpies,0.07499878787878789,True,1.06,True,0.06000000000000005,55.00000000000001,7.500000000000007,Collingwood Magpies,7.500000000000007,True,False,False,-1.0
11,Geelong Cats,Sydney Swans,5.8,3.5,0.564,0.5587,2026-05-23,2026-05-23,1.0,27.0,0.6076,1.5,2.6,-10.5,0.0,0.5618799999999999,1.7797394461450846,2.2824796859307948,0.6341463414634148,-0.07226634146341482,Sydney Swans,0.07226634146341482,True,2.6,False,-1.0,4.075,-6.425,Sydney Swans,6.425,True,False,False,-1.0
11,North Melbourne Kangaroos,Gold Coast Suns,-18.9,-3.6,0.3,0.5229,2026-05-23,2026-05-23,1.0,6.0,0.3844,2.4,1.58,10.5,0.0,0.38916,2.5696371672319867,1.6370899089778008,0.39698492462311563,-0.007824924623115626,Gold Coast Suns,0.007824924623115626,False,1.58,False,,-7.425,3.075,North Melbourne Kangaroos,3.075,False,True,False,
11,Port Adelaide Power,Carlton Blues,29.3,23.8,0.7922,0.7333,2026-05-23,2026-05-23,0.0,-34.0,0.6373,1.44,2.8,-11.5,0.0,0.76864,1.300999167360533,4.322268326417704,0.660377358490566,0.10826264150943399,Port Adelaide Power,0.10826264150943399,True,1.44,False,-1.0,25.175,13.675,Port Adelaide Power,13.675,True,False,False,-1.0
11,Greater Western Sydney Giants,Brisbane Lions,-22.3,-3.6,0.2674,0.4891,2026-05-24,2026-05-24,1.0,78.0,0.3627,2.45,1.55,11.5,0.0,0.35608,2.808357672433161,1.552987948813517,0.3875,-0.031420000000000003,Brisbane Lions,0.031420000000000003,False,1.55,False,,-8.275,3.2249999999999996,Greater Western Sydney Giants,3.2249999999999996,False,True,False,
11,Western Bulldogs,Melbourne Demons,27.7,2.7,0.7795,0.7539,2026-05-24,2026-05-24,1.0,3.0,0.5714,2.08,1.75,3.5,0.0,0.76926,1.2999506018771285,4.333882291756957,0.4569190600522194,0.31234093994778067,Western Bulldogs,0.31234093994778067,True,2.08,True,1.08,8.95,12.45,Western Bulldogs,12.45,True,True,False,0.9
12,St Kilda Saints,Hawthorn Hawks,-30.4,-16.6,0.1989,0.4831,2026-05-28,2026-05-28,0.0,-52.0,0.3734,3.35,1.33,20.5,0.0,0.31257999999999997,3.199181009661527,1.4547147304413603,0.2841880341880342,0.02839196581196579,St Kilda Saints,0.02839196581196579,False,3.35,False,,-20.05,0.4499999999999993,St Kilda Saints,0.4499999999999993,False,False,False,
12,Carlton Blues,Geelong Cats,-44.1,-2.3,0.1102,0.7297,2026-05-29,2026-05-29,1.0,4.0,0.2706,4.4,1.21,26.5,0.0,0.35800000000000004,2.7932960893854744,1.5576323987538943,0.21568627450980393,0.1423137254901961,Carlton Blues,0.1423137254901961,True,4.4,True,3.4000000000000004,-12.75,13.75,Carlton Blues,13.75,True,True,False,0.9
12,Brisbane Lions,Fremantle Dockers,13.2,-13.1,0.6432,0.1469,2026-05-30,2026-05-30,0.0,-25.0,0.6266,1.58,2.4,-8.5,0.0,0.44467999999999996,2.2488081316902044,1.8007635237340631,0.6030150753768844,-0.1583350753768844,Fremantle Dockers,0.1583350753768844,True,2.4,True,1.4,-6.5249999999999995,-15.024999999999999,Fremantle Dockers,15.024999999999999,True,True,False,0.9
12,Sydney Swans,Richmond Tigers,95.6,49.0,0.9961,0.7224,2026-05-30,2026-05-30,1.0,114.0,0.9279,1.04,11.0,-55.5,0.0,0.88662,1.1278789109201237,8.819897689186803,0.9136212624584719,-0.027001262458471897,Richmond Tigers,0.027001262458471897,False,11.0,False,,60.65,5.149999999999999,Sydney Swans,5.149999999999999,False,True,False,
12,Western Bulldogs,Collingwood Magpies,2.0,6.9,0.5225,0.9053,2026-05-30,2026-05-30,1.0,4.0,0.528,1.6,2.35,-8.5,0.0,0.6756199999999999,1.480121962049673,3.0828041186263015,0.5949367088607596,0.08068329113924033,Western Bulldogs,0.08068329113924033,True,1.6,True,0.6000000000000001,5.675000000000001,-2.8249999999999993,Collingwood Magpies,2.8249999999999993,False,True,False,
12,Melbourne Demons,Greater Western Sydney Giants,15.2,1.9,0.6632,0.8156,2026-05-31,2026-05-31,0.0,-49.0,0.5541,2.2,1.67,4.5,0.0,0.72416,1.3809102960671675,3.6252900232018566,0.43152454780361754,0.2926354521963825,Melbourne Demons,0.2926354521963825,True,2.2,False,-1.0,5.225,9.725,Melbourne Demons,9.725,True,False,False,-1.0
12,West Coast Eagles,Essendon Bombers,-0.5,-7.6,0.4945,0.944,2026-05-31,2026-05-31,1.0,30.0,0.6296,1.44,2.8,-12.5,0.0,0.6742999999999999,1.4830194275545012,3.0703101013202323,0.660377358490566,0.013922641509433897,West Coast Eagles,0.013922641509433897,False,1.44,True,,-5.824999999999999,-18.325,Essendon Bombers,18.325,True,False,False,-1.0
13,Adelaide Crows,Geelong Cats,-6.6,-2.9,0.4276,0.4213,2026-06-04,2026-06-04,1.0,1.0,0.3959,2.6,1.5,11.5,0.0,0.42507999999999996,2.352498353251153,1.739372434425659,0.3658536585365854,0.059226341463414545,Adelaide Crows,0.059226341463414545,False,2.6,True,,-3.8249999999999997,7.675000000000001,Adelaide Crows,7.675000000000001,True,True,False,0.9
13,Hawthorn Hawks,Western Bulldogs,38.7,32.3,0.8588,0.8723,2026-06-05,2026-06-05,0.0,-6.0,0.708,1.5,2.6,-12.5,0.0,0.8642,1.1571395510298543,7.363770250368187,0.6341463414634148,0.23005365853658521,Hawthorn Hawks,0.23005365853658521,True,1.5,False,-1.0,33.9,21.4,Hawthorn Hawks,21.4,True,False,False,-1.0
13,Gold Coast Suns,Brisbane Lions,8.1,2.2,0.5892,0.6887,2026-06-06,2026-06-06,0.0,-31.0,0.5497,1.5,2.6,-13.5,0.0,0.629,1.589825119236884,2.6954177897574123,0.6341463414634148,-0.00514634146341475,Brisbane Lions,0.00514634146341475,False,2.6,True,,3.675,-9.825,Brisbane Lions,9.825,True,True,False,0.9
13,North Melbourne Kangaroos,Fremantle Dockers,-26.9,-22.8,0.227,0.0212,2026-06-06,2026-06-06,0.0,-124.0,0.2596,4.0,1.25,26.5,0.0,0.14467999999999998,6.911805363560963,1.1691530655193376,0.23809523809523808,-0.0934152380952381,Fremantle Dockers,0.0934152380952381,True,1.25,True,0.25,-23.825000000000003,2.674999999999997,North Melbourne Kangaroos,2.674999999999997,False,False,False,
13,West Coast Eagles,Port Adelaide Power,-25.5,-12.1,0.2395,0.7599,2026-06-06,2026-06-06,0.0,-6.0,0.3875,2.2,1.67,6.5,0.0,0.44766,2.2338381807621857,1.8104790527573593,0.43152454780361754,0.01613545219638246,West Coast Eagles,0.01613545219638246,False,2.2,False,,-15.45,-8.95,Port Adelaide Power,8.95,True,False,False,-1.0
13,Essendon Bombers,Carlton Blues,-21.9,-18.8,0.2717,0.5817,2026-06-07,2026-06-07,0.0,-5.0,0.2105,5.0,1.17,32.5,0.0,0.3957,2.5271670457417237,1.654807214959457,0.18962722852512157,0.20607277147487843,Essendon Bombers,0.20607277147487843,True,5.0,False,-1.0,-19.575000000000003,12.924999999999997,Essendon Bombers,12.924999999999997,True,True,False,0.9
13,Sydney Swans,St Kilda Saints,54.4,38.6,0.9345,0.9824,2026-06-07,2026-06-07,1.0,2.0,0.7634,1.19,4.75,-30.5,0.0,0.95366,1.0485917412914456,21.579628830384095,0.7996632996632997,0.1539967003367002,Sydney Swans,0.1539967003367002,True,1.19,True,0.18999999999999995,42.550000000000004,12.050000000000004,Sydney Swans,12.050000000000004,True,False,False,-1.0
13,Collingwood Magpies,Melbourne Demons,21.4,9.3,0.7243,0.9312,2026-06-08,2026-06-08,0.0,-8.0,0.4737,1.9,1.9,-1.5,0.0,0.8070600000000001,1.2390652491760215,5.182958432673373,0.5,0.3070600000000001,Collingwood Magpies,0.3070600000000001,True,1.9,False,-1.0,12.325,10.825,Collingwood Magpies,10.825,True,False,False,-1.0
14,Western Bulldogs,Adelaide Crows,-7.4,-15.4,0.4185,0.8493,2026-06-11,2026-06-11,0.0,-57.0,0.5348,1.65,2.25,-5.5,0.0,0.59082,1.6925628787109441,2.443912214673249,0.5769230769230769,0.01389692307692314,Western Bulldogs,0.01389692307692314,False,1.65,False,,-13.4,-18.9,Adelaide Crows,18.9,True,True,False,0.9
14,Geelong Cats,Gold Coast Suns,36.8,13.4,0.8465,0.7201,2026-06-12,2026-06-12,1.0,45.0,0.6982,1.21,4.4,-27.5,0.0,0.7959400000000001,1.2563761087519159,4.900519455062239,0.7843137254901962,0.011626274509803913,Geelong Cats,0.011626274509803913,False,1.21,True,,19.25,-8.25,Gold Coast Suns,8.25,True,False,False,-1.0
14,Melbourne Demons,Essendon Bombers,34.9,34.5,0.8342,0.9863,2026-06-13,2026-06-13,1.0,45.0,0.799,1.18,4.9,-28.5,0.0,0.89504,1.1172685019663926,9.527439024390238,0.8059210526315791,0.08911894736842085,Melbourne Demons,0.08911894736842085,True,1.18,True,0.17999999999999994,34.6,6.100000000000001,Melbourne Demons,6.100000000000001,True,True,False,0.9
14,North Melbourne Kangaroos,West Coast Eagles,27.4,12.6,0.7767,0.8765,2026-06-13,2026-06-13,1.0,1.0,0.5744,1.45,2.75,-13.5,0.0,0.8166199999999999,1.224559770762411,5.453157378121929,0.6547619047619047,0.16185809523809525,North Melbourne Kangaroos,0.16185809523809525,True,1.45,True,0.44999999999999996,16.299999999999997,2.799999999999997,North Melbourne Kangaroos,2.799999999999997,False,False,False,
14,Port Adelaide Power,Sydney Swans,-16.2,1.5,0.3265,0.6113,2026-06-13,2026-06-13,0.0,-3.0,0.3119,2.8,1.44,14.5,0.0,0.44042,2.2705599200762907,1.787054576646771,0.33962264150943394,0.10079735849056604,Port Adelaide Power,0.10079735849056604,True,2.8,False,-1.0,-2.925,11.575,Port Adelaide Power,11.575,True,True,False,0.9
14,Richmond Tigers,Brisbane Lions,-30.5,-28.4,0.1984,0.0367,2026-06-14,2026-06-14,0.0,-35.0,0.117,10.0,1.05,51.5,0.0,0.13372,7.478312892611426,1.154361176524911,0.09502262443438914,0.03869737556561087,Richmond Tigers,0.03869737556561087,False,10.0,False,,-28.924999999999997,22.575000000000003,Richmond Tigers,22.575000000000003,True,True,False,0.9
14,St Kilda Saints,Greater Western Sydney Giants,-12.2,-18.7,0.3675,0.9079,2026-06-14,2026-06-14,1.0,8.0,0.4759,1.95,1.85,1.5,0.0,0.5836600000000001,1.7133262515848267,2.4018830763318446,0.48684210526315796,0.0968178947368421,St Kilda Saints,0.0968178947368421,True,1.95,True,0.95,-17.075,-15.575,Greater Western Sydney Giants,15.575,True,False,False,-1.0
15,Fremantle Dockers,Geelong Cats,14.9,19.5,0.6602,0.9886,2026-06-18,2026-06-18,1.0,9.0,0.6266,1.33,3.3,-18.5,0.0,0.79156,1.2633281115771386,4.797543657647285,0.712742980561555,0.07881701943844499,Fremantle Dockers,0.07881701943844499,True,1.33,True,0.33000000000000007,18.35,-0.14999999999999858,Geelong Cats,0.14999999999999858,False,True,False,
15,Gold Coast Suns,Hawthorn Hawks,-8.4,-12.4,0.4072,0.3179,2026-06-19,2026-06-19,0.0,-16.0,0.4577,2.35,1.6,4.5,0.0,0.37148000000000003,2.691934962851297,1.591039266849106,0.40506329113924056,-0.03358329113924052,Hawthorn Hawks,0.03358329113924052,False,1.6,True,,-11.4,-6.9,Hawthorn Hawks,6.9,True,True,False,0.9
15,Adelaide Crows,Melbourne Demons,31.8,29.8,0.8113,0.916,2026-06-20,2026-06-20,1.0,17.0,0.6667,1.34,3.25,-18.5,0.0,0.85318,1.172085609132891,6.811061163329249,0.7080610021786492,0.14511899782135085,Adelaide Crows,0.14511899782135085,True,1.34,True,0.3400000000000001,30.3,11.8,Adelaide Crows,11.8,True,False,False,-1.0
15,Collingwood Magpies,Port Adelaide Power,26.8,5.5,0.7719,0.7862,2026-06-20,2026-06-20,1.0,26.0,0.6722,1.55,2.45,-9.5,0.0,0.77762,1.2859751549600063,4.496807266840543,0.6125,0.16511999999999993,Collingwood Magpies,0.16511999999999993,True,1.55,True,0.55,10.825,1.3249999999999993,Collingwood Magpies,1.3249999999999993,False,True,False,
15,Greater Western Sydney Giants,Carlton Blues,29.7,-3.1,0.7951,0.0967,2026-06-20,2026-06-20,0.0,-23.0,0.6538,1.29,3.6,-21.5,0.0,0.51574,1.9389614922247644,2.065006401519845,0.7361963190184049,-0.2204563190184049,Carlton Blues,0.2204563190184049,True,3.6,True,2.6,5.1,-16.4,Carlton Blues,16.4,True,True,False,0.9
15,Richmond Tigers,North Melbourne Kangaroos,-18.7,-37.3,0.3017,0.4219,2026-06-21,2026-06-21,0.0,-25.0,0.3171,3.6,1.29,23.5,0.0,0.34978000000000004,2.858939905083195,1.5379410045830642,0.2638036809815951,0.08597631901840491,Richmond Tigers,0.08597631901840491,True,3.6,False,-1.0,-32.65,-9.149999999999999,North Melbourne Kangaroos,9.149999999999999,True,True,False,0.9
15,St Kilda Saints,Western Bulldogs,-4.6,1.6,0.4487,0.6732,2026-06-21,2026-06-21,0.0,-22.0,0.4868,1.8,2.0,-2.5,0.0,0.5385,1.8570102135561746,2.1668472372697725,0.5263157894736842,0.012184210526315797,St Kilda Saints,0.012184210526315797,False,1.8,False,,0.050000000000000266,-2.4499999999999997,Western Bulldogs,2.4499999999999997,False,True,False,
16,Brisbane Lions,Sydney Swans,2.1,6.7,0.5229,0.7227,2026-06-26,2026-06-25,1.0,43.0,0.52,1.85,1.95,-1.5,1.0,0.60282,1.6588699777711422,2.517750138476258,0.513157894736842,0.08966210526315799,Brisbane Lions,0.08966210526315799,True,1.85,True,0.8500000000000001,5.550000000000001,4.050000000000001,Brisbane Lions,4.050000000000001,False,True,False,
16,Carlton Blues,West Coast Eagles,30.9,27.7,0.8046,0.9456,2026-06-27,2026-06-27,1.0,53.0,0.7721,1.13,6.0,-36.5,0.0,0.861,1.1614401858304297,7.194244604316546,0.8415147265077139,0.019485273492286126,Carlton Blues,0.019485273492286126,False,1.13,True,,28.5,-8.0,West Coast Eagles,8.0,True,False,False,-1.0
16,Hawthorn Hawks,Greater Western Sydney Giants,28.0,20.9,0.7816,0.8705,2026-06-27,2026-06-26,1.0,14.0,0.7031,1.26,3.8,-21.5,1.0,0.81716,1.2237505506877477,5.469262743382192,0.7509881422924901,0.06617185770750988,Hawthorn Hawks,0.06617185770750988,False,1.26,True,,22.674999999999997,1.1749999999999972,Hawthorn Hawks,1.1749999999999972,False,False,False,
16,Collingwood Magpies,Richmond Tigers,43.6,48.6,0.8871,0.998,2026-06-28,2026-06-27,1.0,34.0,0.8296,1.11,6.5,-38.5,1.0,0.93146,1.0735834066948662,14.590020426028588,0.8541392904073586,0.07732070959264137,Collingwood Magpies,0.07732070959264137,True,1.11,True,0.1100000000000001,47.35,8.850000000000001,Collingwood Magpies,8.850000000000001,True,False,False,-1.0
16,Port Adelaide Power,Adelaide Crows,-23.4,-11.4,0.2576,0.6772,2026-06-28,2026-06-27,1.0,26.0,0.358,3.7,1.25,23.5,1.0,0.42544000000000004,2.3505077096652873,1.7404622667780563,0.2525252525252525,0.17291474747474755,Port Adelaide Power,0.17291474747474755,True,3.7,True,2.7,-14.4,9.1,Port Adelaide Power,9.1,True,True,False,0.9
16,Fremantle Dockers,Gold Coast Suns,40.8,20.4,0.8715,0.9833,2026-06-29,2026-06-28,1.0,51.0,0.7895,1.18,4.5,-29.5,1.0,0.91622,1.091440920302984,11.936022917164006,0.7922535211267606,0.12396647887323942,Fremantle Dockers,0.12396647887323942,True,1.18,True,0.17999999999999994,25.5,-4.0,Gold Coast Suns,4.0,False,False,False,
16,North Melbourne Kangaroos,Essendon Bombers,29.1,27.4,0.7906,0.986,2026-06-29,2026-06-28,1.0,14.0,0.6548,1.45,2.75,-13.5,1.0,0.86876,1.1510658870113726,7.619628162145686,0.6547619047619047,0.21399809523809532,North Melbourne Kangaroos,0.21399809523809532,True,1.45,True,0.44999999999999996,27.824999999999996,14.324999999999996,North Melbourne Kangaroos,14.324999999999996,True,True,False,0.9
17,Geelong Cats,Brisbane Lions,29.8,15.2,0.796,0.5263,2026-07-02,2026-07-02,0.0,-22.0,0.6829,1.47,2.7,-12.5,0.0,0.6881200000000001,1.4532349008893797,3.2063614210593823,0.6474820143884892,0.040637985611510885,Geelong Cats,0.040637985611510885,False,1.47,False,,18.849999999999998,6.349999999999998,Geelong Cats,6.349999999999998,True,False,False,-1.0
17,Sydney Swans,Western Bulldogs,30.4,16.4,0.8007,0.4663,2026-07-03,2026-07-03,1.0,35.0,0.708,1.44,2.8,-14.5,0.0,0.66694,1.4993852520466608,3.002462018855461,0.660377358490566,0.006562641509433975,Sydney Swans,0.006562641509433975,False,1.44,True,,19.9,5.399999999999999,Sydney Swans,5.399999999999999,False,True,False,
17,West Coast Eagles,Adelaide Crows,-36.5,-18.2,0.155,0.5406,2026-07-03,2026-07-03,0.0,-25.0,0.2398,4.85,1.18,29.5,0.0,0.30923999999999996,3.233734316388566,1.4476808153338352,0.1956882255389718,0.11355177446102815,West Coast Eagles,0.11355177446102815,True,4.85,False,-1.0,-22.775,6.725000000000001,West Coast Eagles,6.725000000000001,True,True,False,0.9
17,Gold Coast Suns,Collingwood Magpies,7.4,10.0,0.5814,0.3629,2026-07-04,2026-07-04,0.0,-6.0,0.5949,1.62,2.3,-7.5,0.0,0.494,2.0242914979757085,1.976284584980237,0.586734693877551,-0.09273469387755096,Collingwood Magpies,0.09273469387755096,True,2.3,True,1.2999999999999998,9.35,1.8499999999999996,Gold Coast Suns,1.8499999999999996,False,False,False,
17,Greater Western Sydney Giants,Fremantle Dockers,-19.2,-19.8,0.2973,0.2685,2026-07-04,2026-07-04,1.0,21.0,0.2873,3.9,1.26,25.5,0.0,0.28578000000000003,3.4991951851074248,1.4001288118506903,0.24418604651162792,0.04159395348837211,Greater Western Sydney Giants,0.04159395348837211,False,3.9,True,,-19.650000000000002,5.849999999999998,Greater Western Sydney Giants,5.849999999999998,False,True,False,
17,Hawthorn Hawks,Melbourne Demons,29.9,23.3,0.7968,0.7979,2026-07-04,2026-07-04,0.0,-35.0,0.7292,1.42,2.9,-16.5,0.0,0.79724,1.2543274296322313,4.931939238508581,0.6712962962962963,0.12594370370370367,Hawthorn Hawks,0.12594370370370367,True,1.42,False,-1.0,24.950000000000003,8.450000000000003,Hawthorn Hawks,8.450000000000003,True,False,False,-1.0
17,Richmond Tigers,Carlton Blues,-23.6,-24.3,0.2561,0.2623,2026-07-04,2026-07-04,0.0,-2.0,0.1585,5.8,1.14,31.5,0.0,0.25858,3.8672751179518916,1.3487631841601253,0.1642651296829971,0.09431487031700286,Richmond Tigers,0.09431487031700286,True,5.8,False,-1.0,-24.125,7.375,Richmond Tigers,7.375,True,True,False,0.9
17,Essendon Bombers,St Kilda Saints,-20.1,-20.5,0.2883,0.1362,2026-07-05,2026-07-05,0.0,-67.0,0.2286,4.2,1.23,25.5,0.0,0.22746,4.396377385034731,1.294431356305175,0.22651933701657456,0.0009406629834254332,Essendon Bombers,0.0009406629834254332,False,4.2,False,,-20.4,5.100000000000001,Essendon Bombers,5.100000000000001,False,False,False,
17,Port Adelaide Power,North Melbourne Kangaroos,0.8,-9.4,0.5088,0.7111,2026-07-05,2026-07-05,1.0,21.0,0.6674,1.44,2.8,-15.5,0.0,0.58972,1.695720002713152,2.4373598518085213,0.660377358490566,-0.07065735849056598,North Melbourne Kangaroos,0.07065735849056598,True,2.8,False,-1.0,-6.8500000000000005,-22.35,North Melbourne Kangaroos,22.35,True,False,False,-1.0
18,Fremantle Dockers,Sydney Swans,28.5,7.1,0.7857,0.5584,2026-07-09,2026-07-09,1.0,38.0,0.6611,1.43,2.85,-12.5,0.0,0.69478,1.4393045280520453,3.27632527357316,0.6658878504672897,0.028892149532710243,Fremantle Dockers,0.028892149532710243,False,1.43,True,,12.45,-0.05000000000000071,Sydney Swans,0.05000000000000071,False,False,False,
18,Collingwood Magpies,North Melbourne Kangaroos,20.3,30.3,0.7137,0.733,2026-07-10,2026-07-10,1.0,4.0,0.642,1.39,3.0,-17.5,0.0,0.72142,1.3861550830306895,3.5896331394931433,0.683371298405467,0.038048701594532996,Collingwood Magpies,0.038048701594532996,False,1.39,True,,27.8,10.3,Collingwood Magpies,10.3,True,False,False,-1.0
18,Adelaide Crows,Gold Coast Suns,26.9,27.3,0.7722,0.7921,2026-07-11,2026-07-11,1.0,79.0,0.6674,1.29,3.6,-19.5,0.0,0.78016,1.2817883511074653,4.548762736535662,0.7361963190184049,0.04396368098159509,Adelaide Crows,0.04396368098159509,False,1.29,True,,27.200000000000003,7.700000000000003,Adelaide Crows,7.700000000000003,True,True,False,0.9
18,Carlton Blues,Hawthorn Hawks,-20.1,-32.5,0.2883,0.5187,2026-07-11,2026-07-11,0.0,-64.0,0.3462,2.3,1.62,6.5,0.0,0.38046,2.6283972033853753,1.6141007844529813,0.413265306122449,-0.032805306122448974,Hawthorn Hawks,0.032805306122448974,False,1.62,True,,-29.4,-22.9,Hawthorn Hawks,22.9,True,True,False,0.9
18,Greater Western Sydney Giants,Geelong Cats,-18.6,-6.3,0.3032,0.5457,2026-07-11,2026-07-11,1.0,13.0,0.4072,2.15,1.7,6.5,0.0,0.4002,2.498750624687656,1.6672224074691564,0.44155844155844154,-0.04135844155844154,Geelong Cats,0.04135844155844154,False,1.7,False,,-9.375,-2.875,Geelong Cats,2.875,False,False,False,
18,St Kilda Saints,Port Adelaide Power,6.8,6.1,0.5748,0.5381,2026-07-11,2026-07-11,1.0,14.0,0.5769,1.55,2.45,-8.5,0.0,0.56012,1.785331714632579,2.2733472765299623,0.6125,-0.05238000000000009,Port Adelaide Power,0.05238000000000009,False,2.45,False,,6.2749999999999995,-2.2250000000000005,Port Adelaide Power,2.2250000000000005,False,False,False,
18,Brisbane Lions,Essendon Bombers,55.3,82.4,0.9377,0.9773,2026-07-12,2026-07-12,1.0,90.0,0.9369,1.02,14.0,-67.5,0.0,0.95354,1.048723703253141,21.523891519586765,0.9320905459387483,0.02144945406125176,Brisbane Lions,0.02144945406125176,False,1.02,True,,75.625,8.125,Brisbane Lions,8.125,True,True,False,0.9
18,Melbourne Demons,Richmond Tigers,39.0,59.1,0.8607,0.9878,2026-07-12,2026-07-12,1.0,46.0,0.8642,1.1,7.0,-41.5,0.0,0.91154,1.0970445619501064,11.3045444268596,0.8641975308641975,0.047342469135802534,Melbourne Demons,0.047342469135802534,False,1.1,True,,54.075,12.575000000000003,Melbourne Demons,12.575000000000003,True,True,False,0.9
18,Western Bulldogs,West Coast Eagles,44.0,43.1,0.8892,0.8535,2026-07-12,2026-07-12,1.0,16.0,0.8296,1.13,6.0,-37.5,0.0,0.87492,1.1429616422072875,7.994883274704192,0.8415147265077139,0.03340527349228617,Western Bulldogs,0.03340527349228617,False,1.13,True,,43.325,5.825000000000003,Western Bulldogs,5.825000000000003,False,False,False,
19,Geelong Cats,St Kilda Saints,34.3,21.4,0.8295,0.637,2026-07-16,2026-07-16,1.0,27.0,0.7249,1.42,2.85,-15.5,0.0,0.7525,1.3289036544850499,4.04040404040404,0.667447306791569,0.0850526932084309,Geelong Cats,0.0850526932084309,True,1.42,True,0.41999999999999993,24.624999999999996,9.124999999999996,Geelong Cats,9.124999999999996,True,True,False,0.9
19,Sydney Swans,Adelaide Crows,26.7,9.6,0.7709,0.5667,2026-07-17,2026-07-17,0.0,-16.0,0.6234,1.41,2.9,-14.5,0.0,0.6892199999999999,1.4509155276979775,3.2177102773666255,0.6728538283062646,0.016366171693735332,Sydney Swans,0.016366171693735332,False,1.41,False,,13.875,-0.625,Adelaide Crows,0.625,False,True,False,
19,Collingwood Magpies,Carlton Blues,20.3,16.3,0.7132,0.5862,2026-07-18,2026-07-18,1.0,21.0,0.5859,1.7,2.15,-5.5,0.0,0.6624,1.5096618357487923,2.962085308056872,0.5584415584415584,0.10395844155844158,Collingwood Magpies,0.10395844155844158,True,1.7,True,0.7,17.3,11.8,Collingwood Magpies,11.8,True,True,False,0.9
19,North Melbourne Kangaroos,Melbourne Demons,-8.7,0.5,0.4041,0.6526,2026-07-18,2026-07-18,0.0,-16.0,0.3421,2.9,1.42,17.5,0.0,0.5035000000000001,1.9860973187686195,2.0140986908358514,0.32870370370370366,0.1747962962962964,North Melbourne Kangaroos,0.1747962962962964,True,2.9,False,-1.0,-1.7999999999999998,15.7,North Melbourne Kangaroos,15.7,True,True,False,0.9
19,Port Adelaide Power,Fremantle Dockers,-28.5,-35.2,0.2142,0.3616,2026-07-18,2026-07-18,0.0,-28.0,0.1459,8.5,1.07,45.5,0.0,0.27315999999999996,3.6608581051398454,1.375818612074184,0.11180773249738768,0.16135226750261228,Port Adelaide Power,0.16135226750261228,True,8.5,False,-1.0,-33.525000000000006,11.974999999999994,Port Adelaide Power,11.974999999999994,True,True,False,0.9
19,West Coast Eagles,Brisbane Lions,-44.9,-36.3,0.106,0.3543,2026-07-18,2026-07-18,0.0,-24.0,0.1497,7.0,1.1,41.5,0.0,0.20532,4.87044613286577,1.258368148185433,0.13580246913580246,0.06951753086419754,West Coast Eagles,0.06951753086419754,False,7.0,False,,-38.449999999999996,3.0500000000000043,West Coast Eagles,3.0500000000000043,False,True,False,
19,Essendon Bombers,Greater Western Sydney Giants,-21.7,-18.1,0.273,0.1758,2026-07-19,2026-07-19,1.0,3.0,0.1447,6.5,1.11,38.5,0.0,0.23412,4.271313856142149,1.3056875750770356,0.14586070959264127,0.08825929040735872,Essendon Bombers,0.08825929040735872,True,6.5,True,5.5,-19.0,19.5,Essendon Bombers,19.5,True,True,False,0.9
19,Gold Coast Suns,Western Bulldogs,5.0,-13.2,0.5558,0.4358,2026-07-19,2026-07-19,0.0,-9.0,0.5,1.67,2.2,-6.5,0.0,0.5078,1.9692792437967703,2.031694433157253,0.5684754521963824,-0.06067545219638237,Western Bulldogs,0.06067545219638237,False,2.2,True,,-8.649999999999999,-15.149999999999999,Western Bulldogs,15.149999999999999,True,True,False,0.9
19,Richmond Tigers,Hawthorn Hawks,-37.6,-46.7,0.1483,0.1058,2026-07-19,2026-07-19,0.0,-70.0,0.0995,10.0,1.05,49.5,0.0,0.1313,7.616146230007616,1.1511453896627144,0.09502262443438914,0.036277375565610864,Richmond Tigers,0.036277375565610864,False,10.0,False,,-44.425000000000004,5.074999999999996,Richmond Tigers,5.074999999999996,False,False,False,
21,Collingwood Magpies,Geelong Cats,0.5,-4.5,0.505,0.5048,2026-07-30,2026-07-30,0.0,-25.0,0.5,2.1,1.74,3.5,0.0,0.50492,1.9805117642398795,2.019875575664539,0.45312499999999994,0.05179500000000009,Collingwood Magpies,0.05179500000000009,False,2.1,False,,-3.25,0.25,Collingwood Magpies,0.25,False,False,False,
21,Fremantle Dockers,Western Bulldogs,37.2,14.0,0.8494,0.6115,2026-07-31,2026-07-31,1.0,37.0,0.7923,1.08,8.0,-44.5,0.0,0.75424,1.325837929571489,4.069010416666667,0.8810572687224669,-0.1268172687224669,Western Bulldogs,0.1268172687224669,True,8.0,False,-1.0,19.8,-24.7,Western Bulldogs,24.7,True,True,False,0.9
21,Carlton Blues,Brisbane Lions,-22.4,-21.5,0.2667,0.5457,2026-08-01,2026-08-01,1.0,76.0,0.2555,3.35,1.33,21.5,0.0,0.37829999999999997,2.6434047052603757,1.608492842206852,0.2841880341880342,0.09411196581196579,Carlton Blues,0.09411196581196579,True,3.35,True,2.35,-21.725,-0.22500000000000142,Brisbane Lions,0.22500000000000142,False,False,False,
21,Hawthorn Hawks,North Melbourne Kangaroos,42.7,64.9,0.8822,0.8445,2026-08-01,2026-08-01,1.0,16.0,0.7923,1.08,8.0,-42.5,0.0,0.8671200000000001,1.1532429190884765,7.525586995785678,0.8810572687224669,-0.013937268722466811,North Melbourne Kangaroos,0.013937268722466811,False,8.0,False,,59.35000000000001,16.85000000000001,Hawthorn Hawks,16.85000000000001,True,False,False,-1.0
21,Port Adelaide Power,Greater Western Sydney Giants,-10.8,-4.2,0.3822,0.5492,2026-08-01,2026-08-01,0.0,-12.0,0.484,2.0,1.8,1.5,0.0,0.44899999999999995,2.2271714922049,1.8148820326678765,0.47368421052631576,-0.02468421052631581,Greater Western Sydney Giants,0.02468421052631581,False,1.8,True,,-5.8500000000000005,-4.3500000000000005,Greater Western Sydney Giants,4.3500000000000005,False,True,False,
21,St Kilda Saints,Sydney Swans,-14.4,11.7,0.3445,0.5481,2026-08-01,2026-08-01,0.0,-19.0,0.4327,2.45,1.55,11.5,0.0,0.42594,2.347748509179697,1.7419781904330558,0.3875,0.038439999999999974,St Kilda Saints,0.038439999999999974,False,2.45,False,,5.174999999999999,16.674999999999997,St Kilda Saints,16.674999999999997,True,False,False,-1.0
21,Essendon Bombers,Adelaide Crows,-44.0,-29.8,0.1106,0.2692,2026-08-02,2026-08-02,0.0,-72.0,0.1109,7.5,1.09,40.5,0.0,0.17404,5.745805561939784,1.210712383166255,0.12689173457508732,0.04714826542491268,Essendon Bombers,0.04714826542491268,False,7.5,False,,-33.35,7.149999999999999,Essendon Bombers,7.149999999999999,True,False,False,-1.0
21,Gold Coast Suns,Melbourne Demons,-5.5,-2.7,0.4391,0.5187,2026-08-02,2026-08-02,0.0,-9.0,0.4541,2.05,1.77,3.5,0.0,0.47094,2.1234127489701446,1.890144785090538,0.46335078534031415,0.007589214659685872,Gold Coast Suns,0.007589214659685872,False,2.05,False,,-3.4000000000000004,0.09999999999999964,Gold Coast Suns,0.09999999999999964,False,False,False,
21,Richmond Tigers,West Coast Eagles,2.8,-17.8,0.5304,0.5187,2026-08-02,2026-08-02,1.0,11.0,0.504,2.15,1.7,4.5,0.0,0.52572,1.9021532374648102,2.108459138061904,0.44155844155844154,0.08416155844155843,Richmond Tigers,0.08416155844155843,True,2.15,True,1.15,-12.650000000000002,-8.150000000000002,West Coast Eagles,8.150000000000002,True,False,False,-1.0
22,Western Bulldogs,North Melbourne Kangaroos,25.1,25.1,0.7937,0.7937,,,,,,,,,,0.7937,1.2599218848431397,4.847309743092583,,,North Melbourne Kangaroos,,False,,False,,25.1,,North Melbourne Kangaroos,,False,False,False,
22,Brisbane Lions,Hawthorn Hawks,25.2,25.2,0.7937,0.7937,,,,,,,,,,0.7937,1.2599218848431397,4.847309743092583,,,Hawthorn Hawks,,False,,False,,25.2,,Hawthorn Hawks,,False,False,False,
22,Melbourne Demons,Fremantle Dockers,-14.5,-14.5,0.361,0.361,,,,,,,,,,0.361,2.770083102493075,1.5649452269170578,,,Fremantle Dockers,,False,,False,,-14.5,,Fremantle Dockers,,False,False,False,
22,Sydney Swans,Port Adelaide Power,45.7,45.7,0.9434,0.9434,,,,,,,,,,0.9434,1.0599957600169598,17.667844522968203,,,Port Adelaide Power,,False,,False,,45.7,,Port Adelaide Power,,False,False,False,
22,Geelong Cats,Essendon Bombers,51.5,51.5,0.9709,0.9709,,,,,,,,,,0.9709,1.0299721907508497,34.364261168384864,,,Essendon Bombers,,False,,False,,51.5,,Essendon Bombers,,False,False,False,
22,Adelaide Crows,Richmond Tigers,54.9,54.9,0.9804,0.9804,,,,,,,,,,0.9804,1.0199918400652794,51.02040816326544,,,Richmond Tigers,,False,,False,,54.9,,Richmond Tigers,,False,False,False,
22,Greater Western Sydney Giants,Gold Coast Suns,13.3,13.3,0.6757,0.6757,,,,,,,,,,0.6757,1.4799467219180111,3.083564600678384,,,Gold Coast Suns,,False,,False,,13.3,,Gold Coast Suns,,False,False,False,
22,West Coast Eagles,Collingwood Magpies,-24.0,-24.0,0.2653,0.2653,,,,,,,,,,0.2653,3.7693177534866193,1.3610997686130393,,,Collingwood Magpies,,False,,False,,-24.0,,Collingwood Magpies,,False,False,False,
22,St Kilda Saints,Carlton Blues,9.5,9.5,0.6369,0.6369,,,,,,,,,,0.6369,1.5701051970482023,2.754062241806665,,,Carlton Blues,,False,,False,,9.5,,Carlton Blues,,False,False,False,
