match_id,date,home_slug,away_slug,home_odds,draw_odds,away_odds
ucl-2024-25-001,17.09.2024,Young Boys,Aston Villa,5.33,4.16,1.62
ucl-2024-25-002,11.02.2025,Juventus,PSV,1.89,3.66,4.12
ucl-2024-25-003,17.09.2024,Sporting CP,Lille,1.51,4.37,6.5
ucl-2024-25-004,17.09.2024,Bayern Munich,Din. Zagreb,1.1,10.95,23.82
ucl-2024-25-005,17.09.2024,Real Madrid,Stuttgart,1.31,6.07,8.64
ucl-2024-25-006,17.09.2024,AC Milan,Liverpool,3.62,3.74,1.98
ucl-2024-25-007,18.09.2024,Bologna,Shakhtar Donetsk,1.91,3.58,4.08
ucl-2024-25-008,18.09.2024,Sparta Prague,Salzburg,2.21,3.64,3.11
ucl-2024-25-009,18.09.2024,Manchester City,Inter,1.37,5.09,8.11
ucl-2024-25-010,18.09.2024,PSG,Girona,1.29,6.04,9.8
ucl-2024-25-011,18.09.2024,Club Brugge KV,Dortmund,3.22,3.58,2.2
ucl-2024-25-012,18.09.2024,Celtic,Slovan Bratislava,1.22,6.54,13.18
ucl-2024-25-013,19.09.2024,Feyenoord,Bayer Leverkusen,4.79,4.18,1.68
ucl-2024-25-014,,,,,,
ucl-2024-25-015,19.09.2024,Monaco,Barcelona,4.34,4.21,1.73
ucl-2024-25-016,,,,,,
ucl-2024-25-017,19.09.2024,Atalanta,Arsenal,4.02,3.65,1.92
ucl-2024-25-018,19.09.2024,Atl. Madrid,RB Leipzig,1.71,3.99,4.76
ucl-2024-25-019,01.10.2024,Stuttgart,Sparta Prague,1.39,5.2,7.32
ucl-2024-25-020,,,,,,
ucl-2024-25-021,01.10.2024,Slovan Bratislava,Manchester City,40.42,15.57,1.05
ucl-2024-25-022,01.10.2024,Dortmund,Celtic,1.46,4.96,6.27
ucl-2024-25-023,01.10.2024,Barcelona,Young Boys,1.06,13.77,31.72
ucl-2024-25-024,,,,,,
ucl-2024-25-025,01.10.2024,Bayer Leverkusen,AC Milan,1.66,4.34,4.71
ucl-2024-25-026,29.04.2025,Arsenal,PSG,2.16,3.46,3.4
ucl-2024-25-027,01.10.2024,PSV,Sporting CP,3.21,3.67,2.18
ucl-2024-25-028,02.10.2024,Girona,Feyenoord,1.93,3.69,3.87
ucl-2024-25-029,02.10.2024,Shakhtar Donetsk,Atalanta,6.13,4.05,1.57
ucl-2024-25-030,02.10.2024,Aston Villa,Bayern Munich,4.62,4.15,1.7
ucl-2024-25-031,02.10.2024,Sturm Graz,Club Brugge KV,4.35,4.06,1.75
ucl-2024-25-032,02.10.2024,Liverpool,Bologna,1.15,8.29,17.73
ucl-2024-25-033,02.10.2024,RB Leipzig,Juventus,2.43,3.27,3.06
ucl-2024-25-034,02.10.2024,Benfica,Atl. Madrid,2.7,3.33,2.67
ucl-2024-25-035,02.10.2024,Din. Zagreb,Monaco,4.61,4.17,1.7
ucl-2024-25-036,02.10.2024,Lille,Real Madrid,4.35,3.78,1.81
ucl-2024-25-037,,,,,,
ucl-2024-25-038,22.10.2024,AC Milan,Club Brugge KV,1.38,5.23,7.7
ucl-2024-25-039,22.10.2024,Aston Villa,Bologna,1.63,3.89,5.67
ucl-2024-25-040,22.10.2024,Girona,Slovan Bratislava,1.21,7.14,12.77
ucl-2024-25-041,22.10.2024,Sturm Graz,Sporting CP,7.36,4.97,1.41
ucl-2024-25-042,22.10.2024,PSG,PSV,1.31,5.87,8.84
ucl-2024-25-043,22.10.2024,Real Madrid,Dortmund,1.41,5.28,6.74
ucl-2024-25-044,22.10.2024,Arsenal,Shakhtar Donetsk,1.13,9.19,21.1
ucl-2024-25-045,22.10.2024,Juventus,Stuttgart,2.06,3.46,3.7
ucl-2024-25-046,,,,,,
ucl-2024-25-047,23.10.2024,Atalanta,Celtic,1.41,5.21,6.95
ucl-2024-25-048,23.10.2024,Young Boys,Inter,9.02,5.39,1.33
ucl-2024-25-049,23.10.2024,Barcelona,Bayern Munich,2.64,3.8,2.47
ucl-2024-25-050,23.10.2024,Manchester City,Sparta Prague,1.12,9.95,19.55
ucl-2024-25-051,23.10.2024,RB Leipzig,Liverpool,3.52,3.76,2.01
ucl-2024-25-052,23.10.2024,Atl. Madrid,Lille,1.45,4.63,7.15
ucl-2024-25-053,23.10.2024,Benfica,Feyenoord,1.48,4.54,6.52
ucl-2024-25-054,23.10.2024,Salzburg,Din. Zagreb,1.89,3.82,3.91
ucl-2024-25-055,05.11.2024,Slovan Bratislava,Din. Zagreb,3.79,3.74,1.94
ucl-2024-25-056,05.11.2024,PSV,Girona,1.7,4.09,4.6
ucl-2024-25-057,05.11.2024,Sporting CP,Manchester City,3.47,3.75,2.03
ucl-2024-25-058,05.11.2024,Bologna,Monaco,2.7,3.28,2.7
ucl-2024-25-059,05.11.2024,Dortmund,Sturm Graz,1.21,7.18,12.91
ucl-2024-25-060,05.11.2024,Liverpool,Bayer Leverkusen,1.75,3.98,4.47
ucl-2024-25-061,05.11.2024,Real Madrid,AC Milan,1.44,4.92,6.57
ucl-2024-25-062,05.11.2024,Celtic,RB Leipzig,2.52,3.61,2.69
ucl-2024-25-063,05.11.2024,Lille,Juventus,3.03,3.18,2.48
ucl-2024-25-064,04.03.2025,Club Brugge KV,Aston Villa,3.1,3.3,2.4
ucl-2024-25-065,06.11.2024,Shakhtar Donetsk,Young Boys,1.77,3.88,4.45
ucl-2024-25-066,,,,,,
ucl-2024-25-067,06.11.2024,Stuttgart,Atalanta,2.67,3.54,2.57
ucl-2024-25-068,06.11.2024,Inter,Arsenal,2.71,3.14,2.81
ucl-2024-25-069,06.11.2024,PSG,Atl. Madrid,1.47,4.64,6.67
ucl-2024-25-070,06.11.2024,Feyenoord,Salzburg,1.48,4.67,6.44
ucl-2024-25-071,,,,,,
ucl-2024-25-072,06.11.2024,Bayern Munich,Benfica,1.23,6.77,11.71
ucl-2024-25-073,26.11.2024,Slovan Bratislava,AC Milan,11.81,6.59,1.24
ucl-2024-25-074,26.11.2024,Sparta Prague,Atl. Madrid,5.27,3.81,1.69
ucl-2024-25-075,26.11.2024,Sporting CP,Arsenal,3.65,3.49,2.05
ucl-2024-25-076,26.11.2024,Young Boys,Atalanta,5.85,4.3,1.55
ucl-2024-25-077,26.11.2024,Bayern Munich,PSG,1.57,4.48,5.32
ucl-2024-25-078,,,,,,
ucl-2024-25-079,26.11.2024,Inter,RB Leipzig,1.44,4.75,7.11
ucl-2024-25-080,26.11.2024,Manchester City,Feyenoord,1.17,7.82,15.88
ucl-2024-25-081,26.11.2024,Bayer Leverkusen,Salzburg,1.21,7.19,12.85
ucl-2024-25-082,27.11.2024,Sturm Graz,Girona,3.75,3.6,1.99
ucl-2024-25-083,,,,,,
ucl-2024-25-084,12.02.2025,Monaco,Benfica,2.5,3.53,2.76
ucl-2024-25-085,27.11.2024,Aston Villa,Juventus,2.22,3.19,3.55
ucl-2024-25-086,27.11.2024,Bologna,Lille,2.33,3.14,3.33
ucl-2024-25-087,27.11.2024,Liverpool,Real Madrid,1.83,4.02,3.95
ucl-2024-25-088,27.11.2024,Celtic,Club Brugge KV,2.05,3.56,3.57
ucl-2024-25-089,27.11.2024,Din. Zagreb,Dortmund,7.2,4.72,1.44
ucl-2024-25-090,27.11.2024,PSV,Shakhtar Donetsk,1.39,5.28,7.32
ucl-2024-25-091,10.12.2024,Girona,Liverpool,8.0,5.38,1.36
ucl-2024-25-092,10.12.2024,Din. Zagreb,Celtic,4.19,3.87,1.85
ucl-2024-25-093,,,,,,
ucl-2024-25-094,10.12.2024,RB Leipzig,Aston Villa,2.99,3.34,2.42
ucl-2024-25-095,10.12.2024,Atalanta,Real Madrid,2.63,3.56,2.58
ucl-2024-25-096,10.12.2024,Bayer Leverkusen,Inter,2.23,3.3,3.36
ucl-2024-25-097,10.12.2024,Club Brugge KV,Sporting CP,2.5,3.43,2.85
ucl-2024-25-098,10.12.2024,Shakhtar Donetsk,Bayern Munich,17.16,8.14,1.16
ucl-2024-25-099,10.12.2024,Salzburg,PSG,10.9,6.38,1.26
ucl-2024-25-100,11.12.2024,Atl. Madrid,Slovan Bratislava,1.05,16.64,40.09
ucl-2024-25-101,11.12.2024,Lille,Sturm Graz,1.5,4.41,6.66
ucl-2024-25-102,11.12.2024,Stuttgart,Young Boys,1.32,5.89,8.43
ucl-2024-25-103,15.04.2025,Dortmund,Barcelona,3.4,4.13,1.98
ucl-2024-25-104,,,,,,
ucl-2024-25-105,11.12.2024,Benfica,Bologna,1.41,4.82,8.05
ucl-2024-25-106,11.12.2024,Arsenal,Monaco,1.33,5.61,8.56
ucl-2024-25-107,11.12.2024,Juventus,Manchester City,4.04,3.64,1.92
ucl-2024-25-108,11.12.2024,Feyenoord,Sparta Prague,1.36,5.27,7.99
ucl-2024-25-109,21.01.2025,Monaco,Aston Villa,2.61,3.46,2.65
ucl-2024-25-110,21.01.2025,Atalanta,Sturm Graz,1.24,6.28,12.52
ucl-2024-25-111,21.01.2025,Bologna,Dortmund,2.65,3.26,2.72
ucl-2024-25-112,21.01.2025,Slovan Bratislava,Stuttgart,11.15,6.95,1.23
ucl-2024-25-113,21.01.2025,Liverpool,Lille,1.29,5.74,9.93
ucl-2024-25-114,21.01.2025,Atl. Madrid,Bayer Leverkusen,2.44,3.15,3.08
ucl-2024-25-115,05.03.2025,Benfica,Barcelona,3.87,4.2,1.81
ucl-2024-25-116,21.01.2025,Club Brugge KV,Juventus,3.27,3.15,2.33
ucl-2024-25-117,,,,,,
ucl-2024-25-118,22.01.2025,RB Leipzig,Sporting CP,2.87,3.69,2.34
ucl-2024-25-119,,,,,,
ucl-2024-25-120,22.01.2025,Sparta Prague,Inter,8.92,5.25,1.34
ucl-2024-25-121,22.01.2025,PSG,Manchester City,2.49,3.62,2.71
ucl-2024-25-122,22.01.2025,Real Madrid,Salzburg,1.06,14.63,28.92
ucl-2024-25-123,22.01.2025,AC Milan,Girona,1.59,4.17,5.57
ucl-2024-25-124,22.01.2025,Arsenal,Din. Zagreb,1.09,11.24,28.58
ucl-2024-25-125,22.01.2025,Celtic,Young Boys,1.28,5.96,10.34
ucl-2024-25-126,22.01.2025,Feyenoord,Bayern Munich,8.54,5.58,1.33
ucl-2024-25-127,29.01.2025,Sporting CP,Bologna,1.83,3.59,4.55
ucl-2024-25-128,,,,,,
ucl-2024-25-129,29.01.2025,Aston Villa,Celtic,1.55,4.56,5.45
ucl-2024-25-130,29.01.2025,Girona,Arsenal,6.16,4.13,1.56
ucl-2024-25-131,,,,,,
ucl-2024-25-132,29.01.2025,Sturm Graz,RB Leipzig,3.96,3.79,1.89
ucl-2024-25-133,29.01.2025,Stuttgart,PSG,3.78,2.74,2.39
ucl-2024-25-134,29.01.2025,Bayern Munich,Slovan Bratislava,1.02,27.91,53.0
ucl-2024-25-135,29.01.2025,Dortmund,Shakhtar Donetsk,1.37,5.54,7.34
ucl-2024-25-136,29.01.2025,Barcelona,Atalanta,1.68,4.39,4.48
ucl-2024-25-137,29.01.2025,Inter,Monaco,1.63,4.32,5.01
ucl-2024-25-138,29.01.2025,Manchester City,Club Brugge KV,1.22,7.01,11.97
ucl-2024-25-139,29.01.2025,Bayer Leverkusen,Sparta Prague,1.12,9.78,19.91
ucl-2024-25-140,29.01.2025,Juventus,Benfica,2.26,3.22,3.4
ucl-2024-25-141,29.01.2025,Din. Zagreb,AC Milan,5.79,4.68,1.52
ucl-2024-25-142,29.01.2025,Lille,Feyenoord,2.34,3.58,2.94
ucl-2024-25-143,29.01.2025,PSV,Liverpool,2.33,3.65,2.92
ucl-2024-25-144,29.01.2025,Salzburg,Atl. Madrid,7.01,4.52,1.47
ucl-2024-25-145,,,,,,
ucl-2024-25-146,11.02.2025,Manchester City,Real Madrid,1.98,3.94,3.51
ucl-2024-25-147,17.09.2024,Juventus,PSV,1.8,3.76,4.44
ucl-2024-25-148,11.02.2025,Sporting CP,Dortmund,2.6,3.28,2.82
ucl-2024-25-149,12.02.2025,Club Brugge KV,Atalanta,3.31,3.28,2.29
ucl-2024-25-150,27.11.2024,Monaco,Benfica,2.33,3.59,2.93
ucl-2024-25-151,12.02.2025,Celtic,Bayern Munich,7.31,5.27,1.39
ucl-2024-25-152,12.02.2025,Feyenoord,AC Milan,4.17,3.91,1.82
ucl-2024-25-153,18.02.2025,AC Milan,Feyenoord,1.28,6.14,10.23
ucl-2024-25-154,18.02.2025,Benfica,Monaco,1.86,4.05,3.84
ucl-2024-25-155,18.02.2025,Bayern Munich,Celtic,1.18,7.86,14.83
ucl-2024-25-156,18.02.2025,Atalanta,Club Brugge KV,1.47,4.64,6.75
ucl-2024-25-157,19.02.2025,Dortmund,Sporting CP,1.72,4.09,4.61
ucl-2024-25-158,,,,,,
ucl-2024-25-159,19.02.2025,Real Madrid,Manchester City,1.84,4.24,3.77
ucl-2024-25-160,19.02.2025,PSV,Juventus,2.23,3.61,3.12
ucl-2024-25-161,06.11.2024,Club Brugge KV,Aston Villa,3.54,3.57,2.06
ucl-2024-25-162,04.03.2025,Real Madrid,Atl. Madrid,1.88,3.68,4.12
ucl-2024-25-163,04.03.2025,PSV,Arsenal,4.14,3.45,1.95
ucl-2024-25-164,04.03.2025,Dortmund,Lille,1.59,4.07,5.87
ucl-2024-25-165,05.03.2025,Feyenoord,Inter,5.8,4.02,1.6
ucl-2024-25-166,05.03.2025,PSG,Liverpool,2.44,3.47,2.86
ucl-2024-25-167,05.03.2025,Bayern Munich,Bayer Leverkusen,1.75,3.82,4.71
ucl-2024-25-168,21.01.2025,Benfica,Barcelona,3.15,3.82,2.13
ucl-2024-25-169,11.03.2025,Barcelona,Benfica,1.45,5.24,6.12
ucl-2024-25-170,11.03.2025,Liverpool,PSG,2.3,3.94,2.81
ucl-2024-25-171,11.03.2025,Inter,Feyenoord,1.35,5.19,8.86
ucl-2024-25-172,11.03.2025,Bayer Leverkusen,Bayern Munich,2.86,3.69,2.37
ucl-2024-25-173,12.03.2025,Lille,Dortmund,2.69,3.32,2.68
ucl-2024-25-174,12.03.2025,Aston Villa,Club Brugge KV,1.76,3.97,4.49
ucl-2024-25-175,12.03.2025,Atl. Madrid,Real Madrid,2.72,3.48,2.57
ucl-2024-25-176,12.03.2025,Arsenal,PSV,1.51,4.43,6.31
ucl-2024-25-177,08.04.2025,Arsenal,Real Madrid,2.11,3.54,3.47
ucl-2024-25-178,08.04.2025,Bayern Munich,Inter,1.92,3.62,4.07
ucl-2024-25-179,09.04.2025,PSG,Aston Villa,1.51,4.52,6.12
ucl-2024-25-180,09.04.2025,Barcelona,Dortmund,1.33,5.83,8.22
ucl-2024-25-181,15.04.2025,Aston Villa,PSG,3.26,3.83,2.12
ucl-2024-25-182,11.12.2024,Dortmund,Barcelona,3.37,3.99,2.01
ucl-2024-25-183,16.04.2025,Real Madrid,Arsenal,1.78,4.07,4.23
ucl-2024-25-184,16.04.2025,Inter,Bayern Munich,2.67,3.75,2.48
ucl-2024-25-185,01.10.2024,Arsenal,PSG,1.73,3.68,5.07
ucl-2024-25-186,30.04.2025,Barcelona,Inter,1.71,4.12,4.65
ucl-2024-25-187,06.05.2025,Inter,Barcelona,2.57,3.7,2.58
ucl-2024-25-188,07.05.2025,PSG,Arsenal,2.32,3.51,3.06
ucl-2024-25-189,31.05.2025,PSG,Inter,2.1,3.5,3.57
