match_id,season,stage,y,total_xg,home_att,away_att,home_corners_for,home_corners_against,away_corners_for,away_corners_against,knockout,p_model,xbetCloseOver25,xbetCloseUnder25,market_over25,market_under25,actual_over25,p_market,p_final,edge_over,edge_under,bet,edge,odds,profit
ucl-2025-26-001,2025-26,league_phase,0,3.119089036264124,1.55,2.24646106867582,5.0,5.0,7.8,4.2,0,0.6222425418487937,2.21,1.69,0.4333333333333333,0.5666666666666667,Under,0.4333333333333333,0.4994515563137445,0.0661182229804112,-0.06611822298041115,Over,0.0661182229804112,2.21,-1.0
ucl-2025-26-002,2025-26,league_phase,1,3.412806524150069,0.9353374629281466,1.55,5.5,4.5,5.0,5.0,0,0.674068403728458,1.54,2.5,0.6188118811881189,0.3811881188118812,Over,0.6188118811881189,0.6381516640772376,0.01933978288911864,-0.01933978288911875,Over,0.01933978288911864,1.54,0.54
ucl-2025-26-006,2025-26,league_phase,1,3.9407499196434057,2.859359510475699,1.55,6.2,5.6,5.0,5.0,0,0.7279437422362792,1.43,2.9,0.6697459584295612,0.3302540415704388,Over,0.6697459584295612,0.6901151827619125,0.020369224332351332,-0.020369224332351332,Over,0.020369224332351332,1.43,0.42999999999999994
ucl-2025-26-003,2025-26,league_phase,1,3.052343604542907,1.0412533888593312,1.64292523005664,3.0,5.6,5.0,3.2,0,0.671247059217428,1.88,2.01,0.5167095115681234,0.4832904884318767,Over,0.5167095115681234,0.57079765324538,0.05408814167725662,-0.05408814167725673,Over,0.05408814167725662,1.88,0.8799999999999999
ucl-2025-26-005,2025-26,league_phase,0,3.1,1.55,1.55,5.0,5.0,5.0,5.0,0,0.6521865902893333,1.8,2.1,0.5384615384615385,0.4615384615384615,Under,0.5384615384615385,0.5782653066012667,0.03980376813972819,-0.039803768139728246,Over,0.03980376813972819,1.8,-1.0
ucl-2025-26-007,2025-26,league_phase,1,3.1,1.55,1.55,5.0,5.0,5.0,5.0,0,0.6521865902893333,1.62,2.34,0.5909090909090909,0.4090909090909091,Over,0.5909090909090909,0.6123562156921758,0.02144712478308486,-0.021447124783084914,Over,0.02144712478308486,1.62,0.6200000000000001
ucl-2025-26-008,2025-26,league_phase,0,3.1,1.55,1.55,5.0,5.0,5.0,5.0,0,0.6521865902893333,1.73,2.21,0.5609137055837563,0.4390862944162436,Under,0.5609137055837563,0.5928592152307083,0.031945509646951975,-0.031945509646951864,Over,0.031945509646951975,1.73,-1.0
ucl-2025-26-009,2025-26,league_phase,0,3.0567240888369094,1.55,1.8375354973754288,5.0,5.0,3.6,3.6,0,0.6849482215260453,1.63,2.3,0.5852417302798981,0.4147582697201017,Under,0.5852417302798981,0.6201390022160496,0.03489727193615144,-0.034897271936151275,Over,0.03489727193615144,1.63,-1.0
ucl-2025-26-010,2025-26,league_phase,1,3.7038395986619608,2.0433141922810685,1.8721196219635021,5.8,6.2,5.8,5.2,0,0.694706367428694,1.6,2.38,0.5979899497487436,0.4020100502512562,Over,0.5979899497487436,0.6318406959367262,0.03385074618798256,-0.033850746187982395,Over,0.03385074618798256,1.6,0.6000000000000001
ucl-2025-26-011,2025-26,league_phase,1,3.773000765696616,2.270397961147431,2.715068239353893,7.2,4.0,7.4,3.0,0,0.6983856486636904,1.5,2.63,0.6368038740920097,0.3631961259079903,Over,0.6368038740920097,0.6583574951920979,0.021553621100088183,-0.021553621100088127,Over,0.021553621100088183,1.5,0.5
ucl-2025-26-012,2025-26,league_phase,1,3.4251918738746614,2.462243342585859,1.55,7.8,4.6,5.0,5.0,0,0.7187230523459651,1.54,2.53,0.6216216216216216,0.3783783783783784,Over,0.6216216216216216,0.6556071223751418,0.03398550075352025,-0.03398550075352025,Over,0.03398550075352025,1.54,0.54
ucl-2025-26-013,2025-26,league_phase,1,2.928205492165088,1.55,1.2629944622516642,5.0,5.0,6.8,4.0,0,0.6823535174471397,2.09,1.81,0.464102564102564,0.5358974358974359,Over,0.464102564102564,0.5404903977731655,0.07638783367060153,-0.07638783367060142,Over,0.07638783367060153,2.09,1.0899999999999999
ucl-2025-26-014,2025-26,league_phase,1,2.9992675521604752,0.9577852666455549,1.7136807890686376,1.8,5.6,5.2,3.4,0,0.6291533232776537,1.58,2.42,0.605,0.395,Over,0.605,0.6134536631471788,0.00845366314717877,-0.00845366314717877,Over,0.00845366314717877,1.58,0.5800000000000001
ucl-2025-26-018,2025-26,league_phase,1,2.924341824557631,1.271127933636303,1.55,6.0,1.0,5.0,5.0,0,0.5841484000673104,1.28,3.81,0.7485265225933202,0.2514734774066797,Over,0.7485265225933202,0.6909941797092167,-0.05753234288410347,0.05753234288410358,Under,0.05753234288410358,3.81,-1.0
ucl-2025-26-017,2025-26,league_phase,1,3.1,1.55,1.55,5.0,5.0,5.0,5.0,0,0.6521865902893333,1.46,2.77,0.6548463356973996,0.3451536643026005,Over,0.6548463356973996,0.6539154248045764,-0.0009309108928231558,0.0009309108928230447,Under,0.0009309108928230447,2.77,-1.0
ucl-2025-26-016,2025-26,league_phase,0,3.53019831059888,2.127233683884439,1.55,7.4,4.8,5.0,5.0,0,0.7208627826278244,1.64,2.29,0.5826972010178116,0.4173027989821883,Under,0.5826972010178116,0.6310551545813161,0.048357953563504474,-0.04835795356350442,Over,0.048357953563504474,1.64,-1.0
ucl-2025-26-015,2025-26,league_phase,1,3.847888081908822,1.55,2.7739517210206395,5.0,5.0,6.2,3.8,0,0.6538544341421624,1.54,2.48,0.6169154228855721,0.3830845771144278,Over,0.6169154228855721,0.6298440768253787,0.012928653939806578,-0.012928653939806467,Over,0.012928653939806578,1.54,0.54
ucl-2025-26-019,2025-26,league_phase,1,3.508243848123403,2.304372252531646,1.3157255776304022,6.6,3.6,2.6,3.8,0,0.7396789829269148,1.42,2.9,0.6712962962962963,0.3287037037037036,Over,0.6712962962962963,0.6952302366170128,0.023933940320716496,-0.023933940320716385,Over,0.023933940320716496,1.42,0.41999999999999993
ucl-2025-26-020,2025-26,league_phase,1,4.587937032776628,0.655097464099524,2.9490426120036872,3.0,8.0,7.0,5.2,0,0.653482424346543,1.23,4.21,0.7738970588235294,0.2261029411764706,Over,0.7738970588235294,0.7317519367565841,-0.04214512206694532,0.04214512206694529,Under,0.04214512206694529,4.21,-1.0
ucl-2025-26-026,2025-26,league_phase,0,3.771649668041613,0.7316614557057647,2.305971311424677,2.0,6.0,1.5,6.5,0,0.5652503657013982,1.78,2.1,0.5412371134020618,0.458762886597938,Under,0.5412371134020618,0.5496417517068295,0.008404638304767675,-0.008404638304767509,Over,0.008404638304767675,1.78,-1.0
ucl-2025-26-025,2025-26,league_phase,1,2.69010710474878,0.272198724560442,2.4440432425665826,0.0,9.0,7.8,2.2,0,0.6231156294986301,1.27,3.75,0.7470119521912351,0.252988047808765,Over,0.7470119521912351,0.7036482392488234,-0.0433637129424117,0.04336371294241165,Under,0.04336371294241165,3.75,-1.0
ucl-2025-26-024,2025-26,league_phase,1,4.232965672175213,3.458515806162358,0.537447337992493,4.0,8.0,3.0,3.0,0,0.8371485494387996,1.71,2.21,0.5637755102040817,0.4362244897959184,Over,0.5637755102040817,0.659456073936233,0.09568056373215128,-0.09568056373215134,Over,0.09568056373215128,1.71,0.71
ucl-2025-26-027,2025-26,league_phase,1,5.17947529985875,1.7869876990249753,3.987098574638368,3.6,3.0,8.0,4.0,0,0.5627749816503198,1.45,2.75,0.6547619047619047,0.3452380952380952,Over,0.6547619047619047,0.62256648167285,-0.03219542308905465,0.03219542308905482,Under,0.03219542308905482,2.75,-1.0
ucl-2025-26-022,2025-26,league_phase,1,2.9528556091167086,1.633627069586217,1.205874467268587,5.4,6.2,4.0,3.0,0,0.7576954991611197,1.35,3.2,0.7032967032967032,0.2967032967032967,Over,0.7032967032967032,0.7223362818492489,0.019039578552545677,-0.019039578552545622,Over,0.019039578552545677,1.35,0.3500000000000001
ucl-2025-26-021,2025-26,league_phase,0,3.1282227644036786,1.0924662882462242,2.108005076670053,3.0,4.0,5.8,6.4,0,0.4965068517983993,1.35,3.19,0.7026431718061673,0.2973568281938326,Under,0.7026431718061673,0.6304954598034485,-0.07214771200271886,0.07214771200271897,Under,0.07214771200271897,3.19,2.19
ucl-2025-26-023,2025-26,league_phase,1,3.4976804783023843,0.750535441562536,1.255331936292347,4.0,9.0,3.0,5.0,0,0.7541972760602622,1.58,2.38,0.601010101010101,0.398989898989899,Over,0.601010101010101,0.6546256122776575,0.05361551126755648,-0.05361551126755648,Over,0.05361551126755648,1.58,0.5800000000000001
ucl-2025-26-028,2025-26,league_phase,0,3.100795719958839,1.55,1.893682098016139,5.0,5.0,4.0,5.0,0,0.636677371460158,1.96,1.9,0.4922279792746114,0.5077720207253886,Under,0.4922279792746114,0.5427852665395527,0.0505572872649413,-0.05055728726494135,Over,0.0505572872649413,1.96,-1.0
ucl-2025-26-029,2025-26,league_phase,1,3.9282747977606967,3.343834613488624,1.21741271018982,7.0,7.0,6.0,4.0,0,0.7996936637013494,1.84,2.03,0.524547803617571,0.4754521963824289,Over,0.524547803617571,0.6208488546468934,0.0963010510293224,-0.09630105102932235,Over,0.0963010510293224,1.84,0.8400000000000001
ucl-2025-26-035,2025-26,league_phase,1,2.123089985025559,0.4828696255572077,1.3477105997037122,3.0,3.0,3.2,5.4,0,0.5168326920210755,1.95,1.91,0.4948186528497409,0.5051813471502591,Over,0.4948186528497409,0.5025235665597081,0.007704913709967176,-0.007704913709967176,Over,0.007704913709967176,1.95,0.95
ucl-2025-26-030,2025-26,league_phase,1,2.702690094232066,1.9274232579627593,0.3468005741015076,4.4,3.8,2.0,2.0,0,0.7645474398700454,1.95,1.91,0.4948186528497409,0.5051813471502591,Over,0.4948186528497409,0.5892237283068475,0.09440507545710664,-0.09440507545710664,Over,0.09440507545710664,1.95,0.95
ucl-2025-26-031,2025-26,league_phase,1,3.862216756698488,2.4354870293444373,2.662637947328986,5.6,4.0,7.4,3.2,0,0.6640321966613465,1.32,3.4,0.7203389830508474,0.2796610169491525,Over,0.7203389830508474,0.700631607814522,-0.019707375236325375,0.01970737523632543,Under,0.01970737523632543,3.4,-1.0
ucl-2025-26-032,2025-26,league_phase,1,3.7070486257046484,1.7560596080651876,1.806035461657047,4.2,4.2,6.2,5.2,0,0.6223089820262869,1.33,3.37,0.7170212765957447,0.2829787234042553,Over,0.7170212765957447,0.6838719734964345,-0.03314930309931019,0.033149303099310246,Under,0.033149303099310246,3.37,-1.0
ucl-2025-26-033,2025-26,league_phase,0,3.5440639220281414,1.1021542767062784,1.3438510829582813,6.8,4.0,6.0,5.333333333333333,0,0.6956183811480319,1.53,2.5,0.6203473945409429,0.3796526054590571,Under,0.6203473945409429,0.6466922398534241,0.026344845312481158,-0.026344845312481158,Over,0.026344845312481158,1.53,-1.0
ucl-2025-26-034,2025-26,league_phase,0,2.2811770509113347,2.09267748148799,1.5188794741406937,7.4,2.6,9.0,0.0,0,0.7468979975311595,1.57,2.42,0.606516290726817,0.3934837092731829,Under,0.606516290726817,0.6556498881083368,0.04913359738151979,-0.04913359738151968,Over,0.04913359738151979,1.57,-1.0
ucl-2025-26-036,2025-26,league_phase,1,2.8022985146445523,0.16678512096405,2.1169759587824326,2.0,9.0,6.666666666666667,1.6666666666666667,0,0.7162260198303623,1.86,2.0,0.5181347150259067,0.4818652849740932,Over,0.5181347150259067,0.5874666717074661,0.06933195668155945,-0.06933195668155934,Over,0.06933195668155945,1.86,0.8600000000000001
ucl-2025-26-038,2025-26,league_phase,0,3.8240623870126846,0.5445896028541037,0.3324482855387015,3.0,7.0,1.0,7.5,0,0.7025847106382471,2.08,1.8,0.4639175257731959,0.5360824742268042,Under,0.4639175257731959,0.5474510404759638,0.08353351470276793,-0.08353351470276804,Over,0.08353351470276793,2.08,-1.0
ucl-2025-26-037,2025-26,league_phase,1,3.499585690919749,2.4176274094885586,1.0086598661728132,5.0,5.4,7.0,1.5,0,0.7937636161676636,1.36,3.16,0.6991150442477876,0.3008849557522123,Over,0.6991150442477876,0.7322420444197442,0.03312700017195658,-0.03312700017195647,Over,0.03312700017195658,1.36,0.3600000000000001
ucl-2025-26-039,2025-26,league_phase,1,3.7916855606346958,2.1102823529120567,2.1659808579909825,7.0,6.0,3.4,2.4,0,0.7907239525620475,1.95,1.91,0.4948186528497409,0.5051813471502591,Over,0.4948186528497409,0.5983855077490483,0.10356685489930739,-0.10356685489930739,Over,0.10356685489930739,1.95,0.95
ucl-2025-26-040,2025-26,league_phase,1,3.178791410320736,1.437061555217952,1.5511211926272477,5.5,4.5,4.6,3.0,0,0.7222265298290819,1.86,2.0,0.5181347150259067,0.4818652849740932,Over,0.5181347150259067,0.5895668502070179,0.07143213518111124,-0.07143213518111113,Over,0.07143213518111124,1.86,0.8600000000000001
ucl-2025-26-041,2025-26,league_phase,1,3.15273227608606,1.3795275641605245,2.6056192319995164,8.0,3.8,7.4,3.8,0,0.6639673823920041,1.45,2.77,0.6563981042654028,0.3436018957345971,Over,0.6563981042654028,0.6590473516097133,0.0026492473443104902,-0.0026492473443103792,Over,0.0026492473443104902,1.45,0.44999999999999996
ucl-2025-26-042,2025-26,league_phase,0,2.8480814425585073,1.101160931633779,1.8392247395667423,3.5,3.0,5.8,5.2,0,0.5307864814195555,1.61,2.32,0.5903307888040712,0.4096692111959288,Under,0.5903307888040712,0.5694902812194907,-0.020840507584580448,0.020840507584580448,Under,0.020840507584580448,2.32,1.3199999999999998
ucl-2025-26-043,2025-26,league_phase,1,3.5374261645172522,2.172626584411259,2.523956249693038,6.8,3.2,5.8,5.4,0,0.6018110319992178,1.86,2.01,0.5193798449612403,0.4806201550387597,Over,0.5193798449612403,0.5482307604245324,0.028850915463292104,-0.02885091546329216,Over,0.028850915463292104,1.86,0.8600000000000001
ucl-2025-26-044,2025-26,league_phase,1,3.29667549999424,1.9857292399197788,1.8222939179718498,5.5,5.5,2.6666666666666665,5.333333333333333,0,0.6674806675434999,1.86,2.0,0.5181347150259067,0.4818652849740932,Over,0.5181347150259067,0.5704057984070643,0.0522710833811576,-0.05227108338115749,Over,0.0522710833811576,1.86,0.8600000000000001
ucl-2025-26-045,2025-26,league_phase,1,3.0166558635100724,1.1302112331613907,0.5218285839073372,5.5,5.75,4.5,5.5,0,0.7202771472452701,1.67,2.2,0.5684754521963824,0.4315245478036175,Over,0.5684754521963824,0.6216060454634931,0.05313059326711067,-0.05313059326711056,Over,0.05313059326711067,1.67,0.6699999999999999
ucl-2025-26-047,2025-26,league_phase,1,2.393344677286226,0.6534850080497573,1.921481711789974,1.0,3.0,4.0,7.0,0,0.38376538758175577,1.58,2.38,0.601010101010101,0.398989898989899,Over,0.601010101010101,0.5249744513101802,-0.07603564969992083,0.07603564969992083,Under,0.07603564969992083,2.38,-1.0
ucl-2025-26-046,2025-26,league_phase,1,4.289886940998217,1.3803452416516895,2.9903099900499033,3.0,5.5,4.0,6.5,0,0.5486047984601827,1.33,3.37,0.7170212765957447,0.2829787234042553,Over,0.7170212765957447,0.6580755092482979,-0.05894576734744672,0.058945767347446776,Under,0.058945767347446776,3.37,-1.0
ucl-2025-26-054,2025-26,league_phase,0,4.067417975367569,3.5573017020475888,1.048265488957986,7.6,4.8,3.4,5.4,0,0.7657452054668027,1.49,2.63,0.6383495145631067,0.3616504854368932,Under,0.6383495145631067,0.6829380063794004,0.04458849181629365,-0.044588491816293596,Over,0.04458849181629365,1.49,-1.0
ucl-2025-26-053,2025-26,league_phase,1,2.2203765134423907,0.7106508910655978,1.028921578079463,2.5,5.5,5.0,2.5,0,0.672207379949299,1.45,2.75,0.6547619047619047,0.3452380952380952,Over,0.6547619047619047,0.6608678210774926,0.006105916315587989,-0.006105916315587823,Over,0.006105916315587989,1.45,0.44999999999999996
ucl-2025-26-052,2025-26,league_phase,1,3.5509636235112665,3.077896500200324,1.2081806386820981,7.8,1.6,2.0,4.8,0,0.7071058378078949,1.21,4.5,0.7880910683012259,0.211908931698774,Over,0.7880910683012259,0.75974623762856,-0.02834483067266591,0.02834483067266602,Under,0.02834483067266602,4.5,-1.0
ucl-2025-26-048,2025-26,league_phase,1,4.012247606966354,0.8582003684714425,2.2269532826030276,3.0,4.0,6.2,6.4,0,0.5425881595903479,1.32,3.4,0.7203389830508474,0.2796610169491525,Over,0.7203389830508474,0.6581261948396726,-0.06221278821117482,0.062212788211174874,Under,0.062212788211174874,3.4,-1.0
ucl-2025-26-050,2025-26,league_phase,1,3.1282471994927166,1.9157429207310073,0.940763653255999,5.5,3.0,2.0,8.0,0,0.574441184224032,1.62,2.3,0.586734693877551,0.413265306122449,Over,0.586734693877551,0.5824319654988194,-0.0043027283787315795,0.004302728378731635,Under,0.004302728378731635,2.3,-1.0
ucl-2025-26-049,2025-26,league_phase,0,4.896118587276787,2.227363351553973,2.049328433349729,5.2,3.8,4.0,4.5,0,0.7190222211202417,1.58,2.38,0.601010101010101,0.398989898989899,Under,0.601010101010101,0.6423143430486502,0.04130424203854921,-0.04130424203854921,Over,0.04130424203854921,1.58,-1.0
ucl-2025-26-051,2025-26,league_phase,0,3.115790946690405,1.632740304448307,0.9766917699016644,4.8,4.4,4.0,3.5,0,0.7211127106100801,1.61,2.32,0.5903307888040712,0.4096692111959288,Under,0.5903307888040712,0.6361044614361744,0.04577367263210319,-0.04577367263210319,Over,0.04577367263210319,1.61,-1.0
ucl-2025-26-055,2025-26,league_phase,1,3.8641478375518523,1.644533923827111,2.2768141359245715,3.6666666666666665,5.0,6.4,3.4,0,0.6655505914986899,1.7,2.23,0.5674300254452926,0.4325699745547073,Over,0.5674300254452926,0.6017722235639817,0.034342198118689105,-0.03434219811868905,Over,0.034342198118689105,1.7,0.7
ucl-2025-26-056,2025-26,league_phase,0,3.2536391557013014,0.7339684062947823,0.6807292628412439,5.666666666666667,5.0,2.6666666666666665,6.0,0,0.7094356134334582,1.67,2.2,0.5684754521963824,0.4315245478036175,Under,0.5684754521963824,0.617811508629359,0.04933605643297656,-0.04933605643297645,Over,0.04933605643297656,1.67,-1.0
ucl-2025-26-063,2025-26,league_phase,0,4.232309666784261,2.8134585101389904,3.1013006381922965,7.8,4.0,8.2,4.2,0,0.6700708847191263,1.39,3.0,0.683371298405467,0.316628701594533,Under,0.683371298405467,0.6787161536152477,-0.004655144790219223,0.004655144790219279,Under,0.004655144790219279,3.0,2.0
ucl-2025-26-062,2025-26,league_phase,1,4.1452668051429065,2.6458041258233793,3.4649706086221266,7.6,3.2,8.6,1.6,0,0.7047113006440833,1.42,2.9,0.6712962962962963,0.3287037037037036,Over,0.6712962962962963,0.6829915478180217,0.011695251521725458,-0.011695251521725347,Over,0.011695251521725458,1.42,0.41999999999999993
ucl-2025-26-060,2025-26,league_phase,0,4.542340911918333,2.4099902324636777,1.4579812055608674,4.0,6.666666666666667,4.2,4.2,0,0.7638719974358218,1.3,3.5,0.7291666666666667,0.2708333333333333,Under,0.7291666666666667,0.7413135324358711,0.012146865769204318,-0.012146865769204374,Over,0.012146865769204318,1.3,-1.0
ucl-2025-26-059,2025-26,league_phase,1,2.792261701167749,0.9431583027665843,1.2305293775474027,4.0,4.0,5.0,5.333333333333333,0,0.6016555709558876,1.78,2.1,0.5412371134020618,0.458762886597938,Over,0.5412371134020618,0.5623835735459009,0.02114646014383903,-0.021146460143838863,Over,0.02114646014383903,1.78,0.78
ucl-2025-26-058,2025-26,league_phase,1,4.059737477512309,1.744822491061242,1.7356645339297765,4.6,4.0,5.666666666666667,5.333333333333333,0,0.6507358808487186,1.49,2.63,0.6383495145631067,0.3616504854368932,Over,0.6383495145631067,0.6426847427630709,0.004335228199964125,-0.00433522819996407,Over,0.004335228199964125,1.49,0.49
ucl-2025-26-057,2025-26,league_phase,0,2.9952651108071566,1.1715621346142144,1.753682781771423,4.0,6.0,5.0,2.6,0,0.7090094150871135,1.86,2.0,0.5181347150259067,0.4818652849740932,Under,0.5181347150259067,0.584940860047329,0.06680614502142235,-0.06680614502142224,Over,0.06680614502142235,1.86,-1.0
ucl-2025-26-064,2025-26,league_phase,0,2.8007747050529903,0.8565593619520433,1.161429354455315,2.0,7.0,2.6666666666666665,3.0,0,0.7085192029032041,1.61,2.32,0.5903307888040712,0.4096692111959288,Under,0.5903307888040712,0.6316967337387678,0.041365944934696586,-0.041365944934696586,Over,0.041365944934696586,1.61,-1.0
ucl-2025-26-065,2025-26,league_phase,1,3.3048431519677264,1.2780642719008095,1.6898866674810673,3.5,7.5,5.333333333333333,3.6666666666666665,0,0.7113461662369165,1.45,2.75,0.6547619047619047,0.3452380952380952,Over,0.6547619047619047,0.6745663962781587,0.019804491516254075,-0.019804491516253908,Over,0.019804491516254075,1.45,0.44999999999999996
ucl-2025-26-072,2025-26,league_phase,0,2.816749893840275,2.2021643587956823,1.6158231189474461,7.666666666666667,6.333333333333333,3.3333333333333335,3.0,0,0.7758627459189807,1.78,2.1,0.5412371134020618,0.458762886597938,Under,0.5412371134020618,0.6233560847829834,0.08211897138092161,-0.08211897138092145,Over,0.08211897138092161,1.78,-1.0
ucl-2025-26-070,2025-26,league_phase,0,3.4533863846729673,0.8078872010422238,2.53539630752831,1.6666666666666667,6.333333333333333,6.0,3.6,0,0.6060289659651044,1.78,2.1,0.5412371134020618,0.458762886597938,Under,0.5412371134020618,0.5639142617991266,0.022677148397064806,-0.02267714839706464,Over,0.022677148397064806,1.78,-1.0
ucl-2025-26-069,2025-26,league_phase,0,3.1692033808901163,1.4512636414825923,1.5465778529798992,4.0,7.0,5.8,3.4,0,0.7184139033989768,1.61,2.32,0.5903307888040712,0.4096692111959288,Under,0.5903307888040712,0.6351598789122881,0.044829090108216896,-0.044829090108216896,Over,0.044829090108216896,1.61,-1.0
ucl-2025-26-071,2025-26,league_phase,1,3.3593739001338663,1.0552796963731452,2.236977121805648,3.3333333333333335,5.333333333333333,4.333333333333333,5.0,0,0.5982162496502077,1.57,2.42,0.606516290726817,0.3934837092731829,Over,0.606516290726817,0.6036112763500037,-0.002905014376813342,0.002905014376813453,Under,0.002905014376813453,2.42,-1.0
ucl-2025-26-067,2025-26,league_phase,1,2.9982321549129094,1.7989028034731736,1.5907872051233007,5.2,4.4,4.8,3.0,0,0.700201771160929,1.45,2.75,0.6547619047619047,0.3452380952380952,Over,0.6547619047619047,0.6706658580015632,0.01590395323965854,-0.015903953239658375,Over,0.01590395323965854,1.45,0.44999999999999996
ucl-2025-26-066,2025-26,league_phase,1,3.7201748232874277,2.9873244760713007,0.7819418432191014,4.0,2.0,4.0,6.0,0,0.615175499402506,1.17,5.0,0.8103727714748785,0.1896272285251215,Over,0.8103727714748785,0.7420537262495481,-0.06831904522533039,0.06831904522533036,Under,0.06831904522533036,5.0,-1.0
ucl-2025-26-068,2025-26,league_phase,1,3.6890247721961873,1.2386423039250085,2.1996210742974247,2.0,6.0,5.6,4.6,0,0.6078455000036375,1.32,3.4,0.7203389830508474,0.2796610169491525,Over,0.7203389830508474,0.6809662639843239,-0.03937271906652351,0.039372719066523565,Under,0.039372719066523565,3.4,-1.0
ucl-2025-26-073,2025-26,league_phase,0,3.1934559170980736,1.0113153243534276,1.4843267617824665,3.25,4.5,4.4,5.6,0,0.5956001633507518,1.84,2.03,0.524547803617571,0.4754521963824289,Under,0.524547803617571,0.5494161295241843,0.024868325906613253,-0.024868325906613198,Over,0.024868325906613253,1.84,-1.0
ucl-2025-26-074,2025-26,league_phase,0,4.127180580141857,2.330706905602663,1.5795230617610745,3.75,4.5,4.5,6.25,0,0.6272456478670826,1.49,2.63,0.6383495145631067,0.3616504854368932,Under,0.6383495145631067,0.6344631612194983,-0.0038863533436084285,0.003886353343608484,Under,0.003886353343608484,2.63,1.63
ucl-2025-26-081,2025-26,league_phase,1,3.2526530849135646,1.5835003275617991,1.954691984139679,6.0,3.25,5.0,4.2,0,0.6505356294358189,1.44,2.79,0.6595744680851063,0.3404255319148936,Over,0.6595744680851063,0.6564108745578557,-0.0031635935272505966,0.003163593527250652,Under,0.003163593527250652,2.79,-1.0
ucl-2025-26-075,2025-26,league_phase,1,2.568997595827856,1.5978951933017314,1.3138499801279926,4.6,2.6,2.75,2.75,0,0.6645551489665701,1.78,2.1,0.5412371134020618,0.458762886597938,Over,0.5412371134020618,0.5843984258496397,0.043161312447577926,-0.04316131244757776,Over,0.043161312447577926,1.78,0.78
ucl-2025-26-076,2025-26,league_phase,0,2.9344387989607474,1.815692402608694,1.5229780387288347,4.8,3.0,5.0,4.0,0,0.6310979931643159,1.45,2.77,0.6563981042654028,0.3436018957345971,Under,0.6563981042654028,0.6475430653800224,-0.008855038885380417,0.008855038885380528,Under,0.008855038885380528,2.77,1.77
ucl-2025-26-077,2025-26,league_phase,1,3.769710295730788,2.2314071371413746,1.236229575192559,4.0,6.0,4.8,4.4,0,0.7195849322316036,1.67,2.2,0.5684754521963824,0.4315245478036175,Over,0.5684754521963824,0.6213637702087098,0.05288831801232741,-0.052888318012327296,Over,0.05288831801232741,1.67,0.6699999999999999
ucl-2025-26-078,2025-26,league_phase,1,2.6213361323121944,0.830373398610392,1.9511037613458921,2.75,5.5,6.25,6.0,0,0.5152650510135668,1.86,2.0,0.5181347150259067,0.4818652849740932,Over,0.5181347150259067,0.5171303326215877,-0.001004382404318993,0.001004382404319104,Under,0.001004382404319104,2.0,-1.0
ucl-2025-26-079,2025-26,league_phase,0,3.3705489682130483,1.351871516089885,1.3558896207250646,3.75,5.5,3.75,2.75,0,0.7357309911171284,2.19,1.73,0.4413265306122448,0.5586734693877551,Under,0.4413265306122448,0.5443680917889541,0.10304156117670926,-0.10304156117670915,Over,0.10304156117670926,2.19,-1.0
ucl-2025-26-080,2025-26,league_phase,0,3.03887591640198,1.0117941370699515,1.465705426422759,5.5,4.5,3.0,7.666666666666667,0,0.5781322726641945,1.49,2.63,0.6383495145631067,0.3616504854368932,Under,0.6383495145631067,0.6172734798984875,-0.02107603466461927,0.021076034664619325,Under,0.021076034664619325,2.63,1.63
ucl-2025-26-083,2025-26,league_phase,1,3.294608657733348,1.0108238712418818,0.6244101049378515,5.25,4.75,3.75,6.75,0,0.671265048176542,1.88,1.98,0.5129533678756476,0.4870466321243523,Over,0.5129533678756476,0.5683624559809606,0.055409088105312976,-0.055409088105312865,Over,0.055409088105312976,1.88,0.8799999999999999
ucl-2025-26-082,2025-26,league_phase,1,3.3837266686488667,0.8291974102612567,1.385677682065073,2.0,6.0,4.2,3.6,0,0.6822584309776937,1.62,2.3,0.586734693877551,0.413265306122449,Over,0.586734693877551,0.6201680018626009,0.033433307985049954,-0.0334333079850499,Over,0.033433307985049954,1.62,0.6200000000000001
ucl-2025-26-084,2025-26,league_phase,1,3.544875696681736,2.5414669509977093,1.483138966560363,6.2,3.2,5.2,6.2,0,0.6272825463732283,1.25,4.0,0.7619047619047619,0.238095238095238,Over,0.7619047619047619,0.7147869864687252,-0.04711777543603668,0.04711777543603682,Under,0.04711777543603682,4.0,-1.0
ucl-2025-26-085,2025-26,league_phase,1,3.378192656031235,2.471438476264773,1.5377686515081692,7.2,2.2,3.75,4.5,0,0.6810802621507617,1.57,2.42,0.606516290726817,0.3934837092731829,Over,0.606516290726817,0.6326136807251976,0.026097389998380627,-0.026097389998380516,Over,0.026097389998380627,1.57,0.5700000000000001
ucl-2025-26-086,2025-26,league_phase,1,3.358762234861662,0.6012903233058737,1.719283572972411,2.75,5.75,4.2,4.6,0,0.6419205194201226,1.78,2.1,0.5412371134020618,0.458762886597938,Over,0.5412371134020618,0.576476305508383,0.035239192106321204,-0.03523919210632104,Over,0.035239192106321204,1.78,0.78
ucl-2025-26-087,2025-26,league_phase,1,3.430991012618545,1.4549309287375245,1.5369111443869785,4.4,3.4,1.4,5.8,0,0.6185284180500954,1.53,2.5,0.6203473945409429,0.3796526054590571,Over,0.6203473945409429,0.6197107527691462,-0.0006366417717966755,0.0006366417717966755,Under,0.0006366417717966755,2.5,-1.0
ucl-2025-26-088,2025-26,league_phase,1,3.4217003249252507,2.1414143480592895,3.300293280378277,5.6,3.6,6.2,3.2,0,0.5990160960509502,1.77,2.13,0.5461538461538462,0.4538461538461538,Over,0.5461538461538462,0.5646556336178326,0.01850178746398634,-0.01850178746398634,Over,0.01850178746398634,1.77,0.77
ucl-2025-26-089,2025-26,league_phase,1,3.440904634656702,1.0055290830140264,2.625923148565888,5.333333333333333,3.3333333333333335,6.6,4.4,0,0.593029926331116,1.45,2.75,0.6547619047619047,0.3452380952380952,Over,0.6547619047619047,0.6331557123111287,-0.021606192450775996,0.021606192450776163,Under,0.021606192450776163,2.75,-1.0
ucl-2025-26-090,2025-26,league_phase,1,3.677726196928396,2.0782195092256357,3.304129658468665,5.8,3.4,5.2,1.8,0,0.6668401113576172,1.78,2.1,0.5412371134020618,0.458762886597938,Over,0.5412371134020618,0.5851981626865062,0.04396104928444433,-0.043961049284444165,Over,0.04396104928444433,1.78,0.78
ucl-2025-26-091,2025-26,league_phase,0,3.519668900987946,0.8759815394878376,1.1770250112846443,3.0,6.4,4.75,3.75,0,0.7219956588260327,1.61,2.32,0.5903307888040712,0.4096692111959288,Under,0.5903307888040712,0.6364134933117578,0.04608270450768659,-0.04608270450768659,Over,0.04608270450768659,1.61,-1.0
ucl-2025-26-092,2025-26,league_phase,1,3.2044322701752934,2.67728325669497,1.640120904721919,4.6,4.0,3.2,4.4,0,0.6471150587295379,1.33,3.37,0.7170212765957447,0.2829787234042553,Over,0.7170212765957447,0.6925541003425723,-0.024467176253172407,0.024467176253172462,Under,0.024467176253172462,3.37,-1.0
ucl-2025-26-093,2025-26,league_phase,1,3.3146051253308344,1.608342268884477,0.6736209195107198,3.6,4.2,3.2,5.8,0,0.651930514231375,1.16,5.26,0.8193146417445484,0.1806853582554517,Over,0.8193146417445484,0.7607301971149378,-0.058584444629610544,0.05858444462961046,Under,0.05858444462961046,5.26,-1.0
ucl-2025-26-095,2025-26,league_phase,1,3.526203347955943,1.5914319318796708,1.0832626682706188,4.6,5.8,4.4,5.4,0,0.6993136626763322,1.86,2.0,0.5181347150259067,0.4818652849740932,Over,0.5181347150259067,0.5815473467035557,0.06341263167764899,-0.06341263167764888,Over,0.06341263167764899,1.86,0.8600000000000001
ucl-2025-26-096,2025-26,league_phase,1,3.4804241382244965,1.5922438932660228,1.195301438122987,4.0,4.6,3.4,5.4,0,0.6592001801386926,1.86,2.0,0.5181347150259067,0.4818652849740932,Over,0.5181347150259067,0.5675076278153818,0.04937291278947509,-0.049372912789474976,Over,0.04937291278947509,1.86,0.8600000000000001
ucl-2025-26-097,2025-26,league_phase,0,3.4137541379973273,1.653212430529892,2.117587877460718,4.8,4.0,3.8,4.6,0,0.6298451111867595,1.42,2.9,0.6712962962962963,0.3287037037037036,Under,0.6712962962962963,0.6567883815079584,-0.014507914788337906,0.014507914788338017,Under,0.014507914788338017,2.9,1.9
ucl-2025-26-098,2025-26,league_phase,1,3.221575044359339,2.0578847123464885,1.6447908386743126,4.6,4.2,5.6,2.6,0,0.6994859062761503,1.78,2.1,0.5412371134020618,0.458762886597938,Over,0.5412371134020618,0.5966241909079928,0.05538707750593097,-0.055387077505930804,Over,0.05538707750593097,1.78,0.78
ucl-2025-26-099,2025-26,league_phase,0,3.5443917374242835,2.798938204355835,2.536058511212467,5.8,3.2,7.8,3.4,0,0.6316396032282392,1.71,2.21,0.5637755102040817,0.4362244897959184,Under,0.5637755102040817,0.5875279427625368,0.02375243255845516,-0.023752432558455217,Over,0.02375243255845516,1.71,-1.0
ucl-2025-26-100,2025-26,league_phase,1,3.2206886010903863,1.2163377360440752,1.4911034863519679,2.6,2.8,5.2,3.8,0,0.6019928858055409,1.39,3.0,0.683371298405467,0.316628701594533,Over,0.683371298405467,0.6548888539954928,-0.02848244440997416,0.028482444409974217,Under,0.028482444409974217,3.0,-1.0
ucl-2025-26-101,2025-26,league_phase,1,3.2516361481567877,1.2235671337790819,1.0110517291429637,3.25,7.25,4.6,4.4,0,0.7178223310293351,1.62,2.3,0.586734693877551,0.413265306122449,Over,0.586734693877551,0.6326153668806754,0.045880673003124484,-0.04588067300312443,Over,0.045880673003124484,1.62,0.6200000000000001
ucl-2025-26-107,2025-26,league_phase,0,3.26297993155505,1.8484560125973104,0.9058039965108022,5.6,5.0,2.6,5.4,0,0.7094175600483272,1.39,3.0,0.683371298405467,0.316628701594533,Under,0.683371298405467,0.692487489980468,0.009116191575001098,-0.009116191575001042,Over,0.009116191575001098,1.39,-1.0
ucl-2025-26-108,2025-26,league_phase,1,3.1674309193311596,2.4381633458891474,1.7586373133584847,7.0,4.2,5.6,3.4,0,0.71507155286392,1.42,2.9,0.6712962962962963,0.3287037037037036,Over,0.6712962962962963,0.6866176360949646,0.015321339798668343,-0.015321339798668232,Over,0.015321339798668343,1.42,0.41999999999999993
ucl-2025-26-106,2025-26,league_phase,0,3.067028916553405,1.4651314796957373,1.4996953057202675,5.0,6.2,5.6,4.4,0,0.6929824999730483,2.29,1.63,0.4158163265306122,0.5841836734693877,Under,0.4158163265306122,0.5128244872354648,0.09700816070485263,-0.09700816070485252,Over,0.09700816070485263,2.29,-1.0
ucl-2025-26-104,2025-26,league_phase,1,2.937617697535675,1.288868869111537,1.8551899995809773,3.6,5.4,6.0,7.0,0,0.523463772506397,1.53,2.5,0.6203473945409429,0.3796526054590571,Over,0.6203473945409429,0.5864381268288518,-0.03390926771209113,0.03390926771209113,Under,0.03390926771209113,2.5,-1.0
ucl-2025-26-105,2025-26,league_phase,1,3.425506636698241,1.3884646664373559,2.3406145922917068,2.2,5.4,4.2,3.2,0,0.6304821614339371,1.53,2.5,0.6203473945409429,0.3796526054590571,Over,0.6203473945409429,0.6238945629534909,0.003547168412547985,-0.003547168412547985,Over,0.003547168412547985,1.53,0.53
ucl-2025-26-103,2025-26,league_phase,0,3.0975427804669717,1.3577359657734613,2.3610711898809655,4.0,2.6,6.6,2.8,0,0.5951334961387331,1.61,2.32,0.5903307888040712,0.4096692111959288,Under,0.5903307888040712,0.5920117363712029,0.0016809475671316632,-0.0016809475671316632,Over,0.0016809475671316632,1.61,-1.0
ucl-2025-26-102,2025-26,league_phase,1,4.157068983469267,2.039496972629127,2.14301032817453,4.0,2.8,4.4,6.4,0,0.5599405156631804,1.39,3.0,0.683371298405467,0.316628701594533,Over,0.683371298405467,0.6401705244456667,-0.043200773959800265,0.04320077395980032,Under,0.04320077395980032,3.0,-1.0
ucl-2025-26-109,2025-26,league_phase,1,3.697632584592773,0.7880816202610724,0.9800707994960247,2.6,6.4,1.6,5.4,0,0.6999952582955637,1.58,2.38,0.601010101010101,0.398989898989899,Over,0.601010101010101,0.635654906060013,0.034644805049911964,-0.034644805049911964,Over,0.034644805049911964,1.58,0.5800000000000001
ucl-2025-26-110,2025-26,league_phase,1,3.7142222939214076,1.7021204149505489,1.8654315799552197,4.4,6.8,4.4,3.6,0,0.7328393228412335,1.28,3.68,0.7419354838709676,0.2580645161290322,Over,0.7419354838709676,0.7387518275105607,-0.003183656360406961,0.0031836563604071277,Under,0.0031836563604071277,3.68,-1.0
ucl-2025-26-117,2025-26,league_phase,1,3.3734982475288926,2.6372228721234205,2.6818321079093197,6.0,3.2,4.8,3.0,0,0.6478116347142199,2.09,1.8,0.4627249357326478,0.5372750642673522,Over,0.4627249357326478,0.5275052803761979,0.06478034464355015,-0.06478034464355009,Over,0.06478034464355015,2.09,1.0899999999999999
ucl-2025-26-116,2025-26,league_phase,1,3.5154660388982264,1.987975822769399,2.0834815073913333,5.8,4.0,5.2,3.8,0,0.6776443306733617,1.3,3.5,0.7291666666666667,0.2708333333333333,Over,0.7291666666666667,0.71113384906901,-0.018032817597656736,0.01803281759765668,Under,0.01803281759765668,3.5,-1.0
ucl-2025-26-115,2025-26,league_phase,0,3.305972993300107,1.3839174464422472,1.593832297072111,5.2,4.0,6.4,3.0,0,0.7028159225135963,2.19,1.73,0.4413265306122448,0.5586734693877551,Under,0.4413265306122448,0.5328478177777178,0.09152128716547303,-0.09152128716547292,Over,0.09152128716547303,2.19,-1.0
ucl-2025-26-114,2025-26,league_phase,1,3.2360902869413812,1.5421866750344602,1.0947822721752547,3.2,3.0,5.2,4.2,0,0.6309278589374567,1.3,3.5,0.7291666666666667,0.2708333333333333,Over,0.7291666666666667,0.6947830839614432,-0.03438358270522357,0.034383582705223514,Under,0.034383582705223514,3.5,-1.0
ucl-2025-26-113,2025-26,league_phase,0,3.0150384348079498,1.4169806189912513,1.2873580917870986,5.4,3.2,4.4,5.8,0,0.6130880942494719,1.95,1.91,0.4948186528497409,0.5051813471502591,Under,0.4948186528497409,0.5362129573396468,0.041394304489905887,-0.041394304489905887,Over,0.041394304489905887,1.95,-1.0
ucl-2025-26-112,2025-26,league_phase,1,2.8183671893241273,0.9346842570307882,2.121374412447511,2.2,4.6,6.6,3.4,0,0.5733645928871723,1.45,2.75,0.6547619047619047,0.3452380952380952,Over,0.6547619047619047,0.6262728456057484,-0.028489059156156293,0.02848905915615646,Under,0.02848905915615646,2.75,-1.0
ucl-2025-26-111,2025-26,league_phase,0,3.5827470515233304,2.03681922333777,2.3728828599908924,5.0,4.6,5.6,2.8,0,0.6876231992462829,1.78,2.1,0.5412371134020618,0.458762886597938,Under,0.5412371134020618,0.5924722434475391,0.051235130045477306,-0.05123513004547714,Over,0.051235130045477306,1.78,-1.0
ucl-2025-26-118,2025-26,league_phase,1,3.397289994836302,1.1993040142658382,0.5835599791258542,3.4,7.0,2.4,6.2,0,0.7043581050759574,1.49,2.63,0.6383495145631067,0.3616504854368932,Over,0.6383495145631067,0.6614525212426045,0.023103006679497717,-0.023103006679497662,Over,0.023103006679497717,1.49,0.49
ucl-2025-26-119,2025-26,league_phase,0,3.7350159113954744,2.1571209917077403,1.8687427102665584,3.8,5.2,6.2,3.8,0,0.6750186169962398,1.57,2.42,0.606516290726817,0.3934837092731829,Under,0.606516290726817,0.630492104921115,0.02397581419429795,-0.02397581419429784,Over,0.02397581419429795,1.57,-1.0
ucl-2025-26-125,2025-26,league_phase,0,3.749377635272664,2.661358881741761,1.0564044504426415,4.2,4.2,3.6,5.0,0,0.6853773851479814,1.23,4.21,0.7738970588235294,0.2261029411764706,Under,0.7738970588235294,0.7429151730370877,-0.030981885786441787,0.03098188578644176,Under,0.03098188578644176,4.21,3.21
ucl-2025-26-124,2025-26,league_phase,1,3.486521166163307,1.9780319560551622,1.709190811224581,6.0,8.0,5.2,8.0,0,0.6457921296879409,1.3,3.5,0.7291666666666667,0.2708333333333333,Over,0.7291666666666667,0.6999855787241127,-0.02918108794255403,0.029181087942553974,Under,0.029181087942553974,3.5,-1.0
ucl-2025-26-123,2025-26,league_phase,0,2.9344903944098935,1.9932708712294733,1.2404047502204747,7.4,5.4,5.0,6.2,0,0.6823418761860501,1.95,1.91,0.4948186528497409,0.5051813471502591,Under,0.4948186528497409,0.5604517810174492,0.06563312816770828,-0.06563312816770828,Over,0.06563312816770828,1.95,-1.0
ucl-2025-26-126,2025-26,league_phase,0,3.230665756451558,1.7723494892163623,1.0741204731166345,6.2,1.8,3.4,6.2,0,0.6191818187765251,1.22,4.33,0.7801801801801801,0.2198198198198198,Under,0.7801801801801801,0.7238307536889008,-0.056349426491279275,0.056349426491279386,Under,0.056349426491279386,4.33,3.33
ucl-2025-26-121,2025-26,league_phase,1,3.12262336203903,0.5488587530329827,1.6850170180279016,2.4,6.2,3.8,3.0,0,0.6856565998165028,1.3,3.5,0.7291666666666667,0.2708333333333333,Over,0.7291666666666667,0.7139381432691093,-0.015228523397557425,0.01522852339755737,Under,0.01522852339755737,3.5,-1.0
ucl-2025-26-120,2025-26,league_phase,1,2.7972209825801104,1.2459456582553685,2.276630258381661,4.2,4.0,7.0,3.4,0,0.5945096745658736,1.53,2.5,0.6203473945409429,0.3796526054590571,Over,0.6203473945409429,0.6113041925496686,-0.009043201991274286,0.009043201991274286,Under,0.009043201991274286,2.5,-1.0
ucl-2025-26-122,2025-26,league_phase,1,2.919979328856165,2.290676207855932,1.3873445704579335,4.8,4.0,4.4,3.4,0,0.6786943327481959,2.19,1.73,0.4413265306122448,0.5586734693877551,Over,0.4413265306122448,0.5244052613598277,0.08307873074758287,-0.08307873074758276,Over,0.08307873074758287,2.19,1.19
ucl-2025-26-144,2025-26,league_phase,0,3.407375153732297,2.2126164967426645,2.0992227250787607,5.2,3.6,5.8,4.6,0,0.6180616565682105,1.78,2.1,0.5412371134020618,0.458762886597938,Under,0.5412371134020618,0.5681257035102139,0.026888590108152033,-0.026888590108151866,Over,0.026888590108152033,1.78,-1.0
ucl-2025-26-143,2025-26,league_phase,1,3.2535385858344985,1.3581536512899386,2.0514533139765208,5.4,6.4,6.6,4.6,0,0.6731472669351408,1.49,2.63,0.6383495145631067,0.3616504854368932,Over,0.6383495145631067,0.6505287278933187,0.012179213330211991,-0.012179213330211935,Over,0.012179213330211991,1.49,0.49
ucl-2025-26-142,2025-26,league_phase,1,3.2394941052188706,1.7258001772764309,2.0036930007083757,7.2,2.8,8.6,1.2,0,0.7376385409668298,1.86,2.0,0.5181347150259067,0.4818652849740932,Over,0.5181347150259067,0.5949610541052297,0.07682633907932301,-0.0768263390793229,Over,0.07682633907932301,1.86,0.8600000000000001
ucl-2025-26-141,2025-26,league_phase,1,3.7330810702560853,1.6116013111624128,2.3496516183173677,4.0,7.2,3.8,4.0,0,0.6980778889399873,1.33,3.37,0.7170212765957447,0.2829787234042553,Over,0.7170212765957447,0.7103910909162297,-0.0066301856795150105,0.006630185679515066,Under,0.006630185679515066,3.37,-1.0
ucl-2025-26-140,2025-26,league_phase,1,2.780192165460881,1.0255071392282837,0.724144131504001,3.4,8.0,3.4,6.0,0,0.6844688587373414,1.86,2.0,0.5181347150259067,0.4818652849740932,Over,0.5181347150259067,0.5763516653249088,0.05821695029900209,-0.05821695029900198,Over,0.05821695029900209,1.86,0.8600000000000001
ucl-2025-26-139,2025-26,league_phase,0,3.15277322858259,2.071643644020259,1.907055974759459,6.8,3.0,5.6,6.8,0,0.5664964234275374,1.39,3.0,0.683371298405467,0.316628701594533,Under,0.683371298405467,0.6424650921631916,-0.04090620624227537,0.04090620624227542,Under,0.04090620624227542,3.0,2.0
ucl-2025-26-138,2025-26,league_phase,1,3.2397037305209024,1.116753144197466,1.3121565891507243,4.8,5.6,4.0,4.8,0,0.6944189045256641,1.67,2.2,0.5684754521963824,0.4315245478036175,Over,0.5684754521963824,0.612555660511631,0.044080208315248615,-0.044080208315248504,Over,0.044080208315248615,1.67,0.6699999999999999
ucl-2025-26-137,2025-26,league_phase,1,2.499731912603603,1.6091095507144921,0.8510911794379388,4.8,3.6,2.2,5.2,0,0.6354876926393392,1.95,1.91,0.4948186528497409,0.5051813471502591,Over,0.4948186528497409,0.5440528167761003,0.049234163926359376,-0.049234163926359376,Over,0.049234163926359376,1.95,0.95
ucl-2025-26-136,2025-26,league_phase,1,3.688349677443799,2.0433104417364274,1.5168275764289476,6.4,3.2,4.0,7.6,0,0.5996615456294894,1.22,4.33,0.7801801801801801,0.2198198198198198,Over,0.7801801801801801,0.7169986580874383,-0.06318152209274175,0.06318152209274186,Under,0.06318152209274186,4.33,-1.0
ucl-2025-26-135,2025-26,league_phase,0,3.6463305876706524,2.0746071633028977,1.9852989524602893,5.0,5.2,7.6,6.0,0,0.610758730563269,1.78,2.1,0.5412371134020618,0.458762886597938,Under,0.5412371134020618,0.5655696794084843,0.02433256600642253,-0.024332566006422363,Over,0.02433256600642253,1.78,-1.0
ucl-2025-26-133,2025-26,league_phase,1,3.024263779590057,1.310727059096099,1.1935461671091616,2.0,4.2,5.6,3.4,0,0.6347758716789567,1.53,2.5,0.6203473945409429,0.3796526054590571,Over,0.6203473945409429,0.6253973615392476,0.0050499669983047335,-0.0050499669983047335,Over,0.0050499669983047335,1.53,0.53
ucl-2025-26-132,2025-26,league_phase,0,3.515073910045098,1.0477132542058818,2.1034866964521948,2.4,4.8,4.4,4.2,0,0.6094776770670509,1.67,2.2,0.5684754521963824,0.4315245478036175,Under,0.5684754521963824,0.5828262309011163,0.01435077870473389,-0.01435077870473378,Over,0.01435077870473389,1.67,-1.0
ucl-2025-26-131,2025-26,league_phase,1,3.279418996682687,2.4247072273942836,0.7578463161364185,5.6,2.8,2.2,5.8,0,0.6639809568485399,1.22,4.33,0.7801801801801801,0.2198198198198198,Over,0.7801801801801801,0.739510452014106,-0.04066972816607406,0.04066972816607417,Under,0.04066972816607417,4.33,-1.0
ucl-2025-26-130,2025-26,league_phase,1,3.2705161232694975,1.454467674360275,1.4701077306643109,4.6,5.4,3.8,3.4,0,0.7208133824896097,1.62,2.3,0.586734693877551,0.413265306122449,Over,0.586734693877551,0.6336622348917715,0.046927541014220586,-0.04692754101422053,Over,0.046927541014220586,1.62,0.6200000000000001
ucl-2025-26-129,2025-26,league_phase,0,3.3403022983732056,1.7973468668836368,1.9229912976889303,5.6,2.6,4.0,5.2,0,0.6053930705108527,1.23,4.13,0.7705223880597014,0.2294776119402985,Under,0.7705223880597014,0.7127271269176043,-0.0577952611420971,0.05779526114209718,Under,0.05779526114209718,4.13,3.13
ucl-2025-26-128,2025-26,league_phase,1,3.422782804095148,1.725919585869012,1.6459131764402983,3.8,2.2,4.0,5.4,0,0.5688779398566696,1.15,5.5,0.8270676691729323,0.1729323308270676,Over,0.8270676691729323,0.7367012639122403,-0.09036640526069195,0.09036640526069206,Under,0.09036640526069206,5.5,-1.0
ucl-2025-26-127,2025-26,league_phase,1,3.2402725374519816,2.2066835453811247,1.1952122883948677,6.4,4.2,4.0,5.8,0,0.6731316765174354,1.17,5.0,0.8103727714748785,0.1896272285251215,Over,0.8103727714748785,0.7623383882397734,-0.048034383235105116,0.04803438323510509,Under,0.04803438323510509,5.0,-1.0
ucl-2025-26-134,2025-26,league_phase,0,3.153701505456862,0.7231933467167581,2.1470635403180105,2.2,6.6,4.8,4.2,0,0.6176185466784827,1.67,2.2,0.5684754521963824,0.4315245478036175,Under,0.5684754521963824,0.5856755352651175,0.017200083068735106,-0.017200083068734995,Over,0.017200083068735106,1.67,-1.0
ucl-2025-26-145,2025-26,knockout_phase_play_off,1,3.013711707732455,1.1858106362788383,1.8573031567037106,3.4,5.2,6.2,4.6,1,0.7304495355852434,1.84,2.03,0.524547803617571,0.4754521963824289,Over,0.524547803617571,0.5966134098062563,0.0720656061886853,-0.07206560618868524,Over,0.0720656061886853,1.84,0.8400000000000001
ucl-2025-26-148,2025-26,knockout_phase_play_off,0,3.2336366447270644,2.0662328103712206,1.7507538402530503,4.8,3.4,4.4,3.6,1,0.7739170980251827,1.86,2.01,0.5193798449612403,0.4806201550387597,Under,0.5193798449612403,0.6084678835336201,0.08908803857237979,-0.08908803857237985,Over,0.08908803857237979,1.86,-1.0
ucl-2025-26-147,2025-26,knockout_phase_play_off,1,3.317885577783432,1.7917777404266573,2.0033446988245807,5.2,4.4,7.0,2.6,1,0.8026779838203842,1.45,2.75,0.6547619047619047,0.3452380952380952,Over,0.6547619047619047,0.7065325324323726,0.05177062767046792,-0.05177062767046775,Over,0.05177062767046792,1.45,0.44999999999999996
ucl-2025-26-146,2025-26,knockout_phase_play_off,0,3.4976332241824215,1.892784343675374,1.8022067192941855,5.0,5.0,5.0,4.4,1,0.7888604116439909,1.6,2.34,0.5939086294416244,0.4060913705583756,Under,0.5939086294416244,0.6621417532124527,0.06823312377082835,-0.0682331237708283,Over,0.06823312377082835,1.6,-1.0
ucl-2025-26-149,2025-26,knockout_phase_play_off,1,3.379765158538518,1.1114681754338724,1.6039273656982171,3.6,7.0,3.4,6.2,1,0.7630990224705088,1.42,2.9,0.6712962962962963,0.3287037037037036,Over,0.6712962962962963,0.7034272504572707,0.032130954160974445,-0.032130954160974334,Over,0.032130954160974445,1.42,0.41999999999999993
ucl-2025-26-150,2025-26,knockout_phase_play_off,1,3.162113433051854,1.5437979109585291,1.5489707984961536,2.6,4.4,7.8,3.0,1,0.7596116546279112,1.7,2.23,0.5674300254452926,0.4325699745547073,Over,0.5674300254452926,0.6346935956592091,0.06726357021391649,-0.06726357021391643,Over,0.06726357021391649,1.7,0.7
ucl-2025-26-151,2025-26,knockout_phase_play_off,0,2.9006030077269624,1.3344137126657347,1.3838041953742493,3.8,5.2,4.8,4.8,1,0.7568108399011106,1.95,1.91,0.4948186528497409,0.5051813471502591,Under,0.4948186528497409,0.5865159183177203,0.0916972654679794,-0.0916972654679794,Over,0.0916972654679794,1.95,-1.0
ucl-2025-26-152,2025-26,knockout_phase_play_off,1,3.2472234076897784,1.7419554160985329,1.3190616607666013,3.4,8.6,5.6,5.0,1,0.8086825289101365,1.53,2.5,0.6203473945409429,0.3796526054590571,Over,0.6203473945409429,0.6862646915701607,0.06591729702921778,-0.06591729702921778,Over,0.06591729702921778,1.53,0.53
ucl-2025-26-153,2025-26,knockout_phase_play_off,1,3.3784012079782055,1.889496819868981,1.5937199275940659,8.2,3.2,3.4,5.0,1,0.8114752661069339,1.45,2.77,0.6563981042654028,0.3436018957345971,Over,0.6563981042654028,0.7106751109099387,0.05427700664453594,-0.05427700664453583,Over,0.05427700664453594,1.45,0.44999999999999996
ucl-2025-26-154,2025-26,knockout_phase_play_off,1,4.139125867964027,2.516616930090785,0.8382913934066876,4.2,6.8,4.8,6.6,1,0.8152368149910135,1.32,3.4,0.7203389830508474,0.2796610169491525,Over,0.7203389830508474,0.7535532242299056,0.033214241179058135,-0.03321424117905808,Over,0.033214241179058135,1.32,0.32000000000000006
ucl-2025-26-155,2025-26,knockout_phase_play_off,0,2.8464556303884048,1.629389218986032,1.2841962121427037,5.4,4.2,4.0,4.4,1,0.7845073325198082,1.78,2.1,0.5412371134020618,0.458762886597938,Under,0.5412371134020618,0.626381690093273,0.08514457669121123,-0.08514457669121106,Over,0.08514457669121123,1.78,-1.0
ucl-2025-26-156,2025-26,knockout_phase_play_off,1,3.238238948777617,1.138716585561634,1.6413950739505894,4.4,5.0,3.2,8.4,1,0.6715741301940847,1.27,3.75,0.7470119521912351,0.252988047808765,Over,0.7470119521912351,0.7206087144922324,-0.026403237699002657,0.026403237699002602,Under,0.026403237699002602,3.75,-1.0
ucl-2025-26-157,2025-26,knockout_phase_play_off,1,3.231640319953037,1.5933092536404676,2.2818150953544696,4.2,3.0,4.6,3.0,1,0.7475476760576603,1.6,2.34,0.5939086294416244,0.4060913705583756,Over,0.5939086294416244,0.6476822957572369,0.053773666315612534,-0.05377366631561248,Over,0.053773666315612534,1.6,0.6000000000000001
ucl-2025-26-158,2025-26,knockout_phase_play_off,1,3.240294851843861,1.887646923586722,1.6629487237116707,5.8,4.2,4.4,6.2,1,0.7417698423120473,1.7,2.23,0.5674300254452926,0.4325699745547073,Over,0.5674300254452926,0.6284489613486568,0.06101893590336416,-0.0610189359033641,Over,0.06101893590336416,1.7,0.7
ucl-2025-26-159,2025-26,knockout_phase_play_off,1,3.517205030490455,2.2344243299448454,1.7660461146461952,6.8,2.6,4.6,5.2,1,0.7666667667043371,1.32,3.4,0.7203389830508474,0.2796610169491525,Over,0.7203389830508474,0.7365537073295687,0.016214724278721282,-0.016214724278721226,Over,0.016214724278721282,1.32,0.32000000000000006
ucl-2025-26-160,2025-26,knockout_phase_play_off,1,3.3271616454818096,1.7916240166872732,1.2520982271991663,6.0,5.6,4.0,5.6,1,0.8065234528465645,1.36,3.16,0.6991150442477876,0.3008849557522123,Over,0.6991150442477876,0.7367079872573595,0.037592943009571944,-0.03759294300957183,Over,0.037592943009571944,1.36,0.3600000000000001
ucl-2025-26-161,2025-26,knockout_phase,0,3.802643712951465,1.3760885725729153,2.743423222199376,4.0,6.4,7.2,4.0,1,0.7657270908869103,1.52,2.53,0.6246913580246914,0.3753086419753087,Under,0.6246913580246914,0.674053864526468,0.04936250650177654,-0.049362506501776704,Over,0.04936250650177654,1.52,-1.0
ucl-2025-26-162,2025-26,knockout_phase,1,3.1753385457326466,1.5940180998372973,1.9010226767665166,4.0,2.2,3.2,4.8,1,0.7014490771297066,1.42,2.9,0.6712962962962963,0.3287037037037036,Over,0.6712962962962963,0.6818497695879899,0.010553473291693649,-0.010553473291693538,Over,0.010553473291693649,1.42,0.41999999999999993
ucl-2025-26-163,2025-26,knockout_phase,0,3.582998829078824,2.773435646318794,1.8525654483664042,5.0,5.8,4.4,2.0,1,0.8504675151858277,1.36,3.16,0.6991150442477876,0.3008849557522123,Under,0.6991150442477876,0.7520884090761016,0.05297336482831405,-0.05297336482831394,Over,0.05297336482831405,1.36,-1.0
ucl-2025-26-164,2025-26,knockout_phase,1,3.282858071355894,1.8222383933219333,2.2268428193637684,6.8,4.4,5.0,3.2,1,0.8109543342497718,1.84,2.03,0.524547803617571,0.4754521963824289,Over,0.524547803617571,0.6247900893388413,0.10024228572127025,-0.1002422857212702,Over,0.10024228572127025,1.84,0.8400000000000001
ucl-2025-26-165,2025-26,knockout_phase,0,3.0934054632787413,1.6646730801090581,2.774397425920072,5.6,3.4,7.2,2.0,1,0.7649136862160918,1.7,2.23,0.5674300254452926,0.4325699745547073,Under,0.5674300254452926,0.6365493067150724,0.06911928126977973,-0.06911928126977968,Over,0.06911928126977973,1.7,-1.0
ucl-2025-26-167,2025-26,knockout_phase,1,3.2224648322094964,1.747716419212517,1.8826025195497285,5.6,5.0,5.8,3.2,1,0.8095136005466503,1.61,2.32,0.5903307888040712,0.4096692111959288,Over,0.5903307888040712,0.6670447729139739,0.07671398410990271,-0.07671398410990271,Over,0.07671398410990271,1.61,0.6100000000000001
ucl-2025-26-168,2025-26,knockout_phase,1,3.041172222327445,1.728565433155746,0.9819802610203645,2.2,10.0,3.0,6.2,1,0.7971713623789899,1.53,2.5,0.6203473945409429,0.3796526054590571,Over,0.6203473945409429,0.6822357832842594,0.06188838874331648,-0.06188838874331648,Over,0.06188838874331648,1.53,0.53
ucl-2025-26-166,2025-26,knockout_phase,1,3.0405386765176785,2.3066683877414405,1.6787119983772967,7.4,2.4,6.6,2.0,1,0.8251257614837461,1.53,2.5,0.6203473945409429,0.3796526054590571,Over,0.6203473945409429,0.692019822970924,0.07167242842998112,-0.07167242842998112,Over,0.07167242842998112,1.53,0.53
ucl-2025-26-169,2025-26,knockout_phase,1,3.09170456576005,1.0778976412490038,2.034704755161256,4.0,5.8,2.2,9.0,1,0.632335517750071,1.34,3.37,0.7154989384288747,0.2845010615711252,Over,0.7154989384288747,0.6863917411912934,-0.02910719723758126,0.029107197237581373,Under,0.029107197237581373,3.37,-1.0
ucl-2025-26-170,2025-26,knockout_phase,1,2.9456172105506795,1.7389390814195607,2.0307695314443053,5.6,2.0,6.6,2.2,1,0.7685923232535729,1.42,2.93,0.6735632183908046,0.3264367816091953,Over,0.6735632183908046,0.7068234050927735,0.03326018670196895,-0.03326018670196884,Over,0.03326018670196895,1.42,0.41999999999999993
ucl-2025-26-171,2025-26,knockout_phase,1,3.1514175074329964,1.602847795009912,1.9751660889092064,7.0,2.6,5.2,6.4,1,0.7087603440884909,1.37,3.16,0.6975717439293598,0.3024282560706401,Over,0.6975717439293598,0.7014877539850557,0.003916010055695862,-0.003916010055695807,Over,0.003916010055695862,1.37,0.3700000000000001
ucl-2025-26-172,2025-26,knockout_phase,0,3.061899480794075,2.743553953998092,1.5941575935110455,6.4,1.6,4.2,2.8,1,0.7922064875725786,1.63,2.32,0.5873417721518986,0.4126582278481012,Under,0.5873417721518986,0.6590444225491366,0.071702650397238,-0.07170265039723783,Over,0.071702650397238,1.63,-1.0
ucl-2025-26-173,2025-26,knockout_phase,1,3.3701577873240427,1.6657069858318576,2.6677726103147874,4.6,3.8,5.6,4.8,1,0.6992152666702955,1.43,2.9,0.6697459584295612,0.3302540415704388,Over,0.6697459584295612,0.6800602163138182,0.010314257884256994,-0.010314257884256994,Over,0.010314257884256994,1.43,0.42999999999999994
ucl-2025-26-176,2025-26,knockout_phase,1,3.58073536601536,1.9603094292959515,2.124075629756157,4.8,2.8,6.2,3.6,1,0.7550300449366646,1.62,2.34,0.5909090909090909,0.4090909090909091,Over,0.5909090909090909,0.6483514248187418,0.05744233390965081,-0.05744233390965087,Over,0.05744233390965081,1.62,0.6200000000000001
ucl-2025-26-174,2025-26,knockout_phase,1,3.5385085391462576,2.5034960893991567,1.3866044951602785,7.2,5.0,4.8,5.8,1,0.8100278090651231,1.3,3.58,0.7336065573770492,0.2663934426229508,Over,0.7336065573770492,0.7603539954678751,0.026747438090825915,-0.02674743809082586,Over,0.026747438090825915,1.3,0.30000000000000004
ucl-2025-26-175,2025-26,knockout_phase,1,3.9044863766641127,2.549818605945105,1.6737792963239522,4.4,3.4,4.0,2.6,1,0.8207170035154805,1.34,3.37,0.7154989384288747,0.2845010615711252,Over,0.7154989384288747,0.7523252612091867,0.03682632278031206,-0.03682632278031195,Over,0.03682632278031206,1.34,0.3400000000000001
ucl-2025-26-178,2025-26,knockout_phase,0,3.2105754481317867,1.4646757155734318,2.461510645605922,6.6,5.6,7.2,3.0,1,0.8095096267328653,2.01,1.88,0.4832904884318767,0.5167095115681234,Under,0.4832904884318767,0.5974671868372228,0.11417669840534606,-0.11417669840534617,Over,0.11417669840534606,2.01,-1.0
ucl-2025-26-177,2025-26,knockout_phase,1,3.8375142260687025,1.8316847430697074,3.128885198221499,4.4,7.0,5.4,2.8,1,0.8005312641326381,1.3,3.62,0.7357723577235773,0.2642276422764228,Over,0.7357723577235773,0.7584379749667486,0.022665617243171288,-0.0226656172431714,Over,0.022665617243171288,1.3,0.30000000000000004
ucl-2025-26-179,2025-26,knockout_phase,0,3.4472383965427382,1.9763942562198586,3.018085458890197,5.2,3.6,6.2,4.6,1,0.6944791765147303,1.54,2.53,0.6216216216216216,0.3783783783783784,Under,0.6216216216216216,0.6471217658342097,0.02550014421258806,-0.02550014421258806,Over,0.02550014421258806,1.54,-1.0
ucl-2025-26-180,2025-26,knockout_phase,0,3.862316361927242,2.391401719325187,2.0419299746009747,5.8,3.4,6.2,4.2,1,0.781700238879028,1.34,3.37,0.7154989384288747,0.2845010615711252,Under,0.7154989384288747,0.7386693935864284,0.02317045515755367,-0.02317045515755356,Over,0.02317045515755367,1.34,-1.0
ucl-2025-26-181,2025-26,knockout_phase,0,3.4030070115423916,2.7680923596101983,1.9429593188765615,5.8,4.0,4.8,3.6,1,0.7943419045005193,1.46,2.75,0.6532066508313539,0.3467933491686461,Under,0.6532066508313539,0.7026039896155618,0.049397338784207934,-0.049397338784207934,Over,0.049397338784207934,1.46,-1.0
ucl-2025-26-182,2025-26,knockout_phase,1,3.4859598990723493,1.6923737341615577,2.307572063640655,4.0,5.4,6.2,3.6,1,0.7697941424527097,1.34,3.37,0.7154989384288747,0.2845010615711252,Over,0.7154989384288747,0.734502259837217,0.019003321408342266,-0.019003321408342155,Over,0.019003321408342266,1.34,0.3400000000000001
ucl-2025-26-183,2025-26,knockout_phase,1,4.174317182154206,3.292121887789066,1.9739480415514101,6.8,3.8,5.0,8.0,1,0.7244957532234503,1.21,4.5,0.7880910683012259,0.211908931698774,Over,0.7880910683012259,0.7658327080240044,-0.0222583602772215,0.02225836027722161,Under,0.02225836027722161,4.5,-1.0
ucl-2025-26-184,2025-26,knockout_phase,0,2.9715626829924444,2.1287606380957356,1.5520507179278145,7.0,3.4,6.6,5.6,1,0.7500423119677235,1.97,1.91,0.4922680412371133,0.5077319587628866,Under,0.4922680412371133,0.582489035992827,0.09022099475571366,-0.09022099475571355,Over,0.09022099475571366,1.97,-1.0
ucl-2025-26-185,2025-26,knockout_phase,1,3.889113442929605,1.5400759967043967,3.0976953700262273,3.6,5.0,7.8,4.0,1,0.7171899182857926,1.34,3.37,0.7154989384288747,0.2845010615711252,Over,0.7154989384288747,0.716090781378796,0.0005918429499213174,-0.0005918429499212063,Over,0.0005918429499213174,1.34,0.3400000000000001
ucl-2025-26-186,2025-26,knockout_phase,0,3.0159768412937207,1.5830008827149877,1.8513196442353714,3.2,5.4,7.2,3.2,1,0.7625845122812445,2.19,1.74,0.4427480916030535,0.5572519083969466,Under,0.4427480916030535,0.5546908388404204,0.11194274723736686,-0.11194274723736697,Over,0.11194274723736686,2.19,-1.0
ucl-2025-26-187,2025-26,knockout_phase,0,2.872859378275418,1.3645989846593116,1.6083687372583124,5.2,4.4,4.0,4.2,1,0.7763904437812359,1.86,2.03,0.5218508997429305,0.4781491002570694,Under,0.5218508997429305,0.6109397401563375,0.08908884041340692,-0.08908884041340687,Over,0.08908884041340692,1.86,-1.0
ucl-2025-26-188,2025-26,knockout_phase,0,4.266493258225541,3.3105559008350935,1.4763361839655027,7.6,3.4,2.4,5.2,1,0.8365304646084306,1.23,4.33,0.7787769784172661,0.2212230215827338,Under,0.7787769784172661,0.7989906985841737,0.02021372016690759,-0.020213720166907506,Over,0.02021372016690759,1.23,-1.0
ucl-2025-26-189,2025-26,knockout_phase,1,2.7039169943580736,1.5092865385192626,1.3545642206522808,3.6,4.8,5.6,4.4,1,0.745334483800715,2.19,1.74,0.4427480916030535,0.5572519083969466,Over,0.4427480916030535,0.5486533288722351,0.10590523726918155,-0.10590523726918166,Over,0.10590523726918155,2.19,1.19
