game_id,season,week,gameday,home_team,away_team,ridge_margin,ridge_total,personnel_oracle_margin,tree_margin,tree_total,margin_h2h_probability,direct_h2h_probability,ridge_fair_home_spread,tree_fair_home_spread,prediction_generated_at_utc,home_score,away_score,margin,total,spread_home_open,spread_home_close,total_line_open,total_line_close,h2h_home_close,h2h_away_close,home_win,market_h2h_probability
2025_01_DAL_PHI,2025,1,2025-09-04,PHI,DAL,5.843472347361189,45.59078028490628,4.570802279412538,8.040652694935734,45.94997375285495,0.7318446261880656,0.7452204442811217,-5.843472347361189,-8.040652694935734,2026-08-30T21:10:28.129931+00:00,24.0,20.0,4.0,44.0,-6.5,,46.5,46.5,1.23,4.2,1,0.7734806629834253
2025_01_KC_LAC,2025,1,2025-09-05,LAC,KC,0.8956782895900721,45.62929845963356,-0.036281888749993,1.580314580773737,45.94587935086064,0.5483687213750844,0.5029548179769264,-0.8956782895900721,-1.580314580773737,2026-08-30T21:10:28.129931+00:00,27.0,21.0,6.0,48.0,3.5,,48.5,48.5,2.4,1.57,1,0.3954659949622167
2025_01_ARI_NO,2025,1,2025-09-07,NO,ARI,-1.6052507641131502,47.00661717845558,-7.019469010885907,-1.9950433478066592,44.68152639060109,0.4390266354270104,0.3476299216493794,1.6052507641131502,1.9950433478066592,2026-08-30T21:10:28.129931+00:00,13.0,20.0,-7.0,33.0,5.5,,35.5,37.5,3.25,1.35,0,0.29347826086956524
2025_01_BAL_BUF,2025,1,2025-09-07,BUF,BAL,-0.1847375511851878,50.08182557448298,-1.911535607681748,-1.4878452387875016,50.507091067298425,0.4544487747374606,0.4086618862020236,0.1847375511851878,1.4878452387875016,2026-08-30T21:10:28.129931+00:00,41.0,40.0,1.0,81.0,-1.5,,52.5,52.5,1.97,1.84,1,0.48293963254593175
2025_01_CAR_JAX,2025,1,2025-09-07,JAX,CAR,2.47200847069246,47.21778560255421,3.500766807423955,1.1133767590725556,45.79942018202805,0.5341193645263407,0.5277985727607226,-2.47200847069246,-1.1133767590725556,2026-08-30T21:10:28.129931+00:00,26.0,10.0,16.0,36.0,-2.5,,40.5,40.5,1.44,2.8,1,0.660377358490566
2025_01_CIN_CLE,2025,1,2025-09-07,CLE,CIN,-4.320123394237582,44.00844617852479,-8.273120901164985,-3.4633495236569463,43.30817612075045,0.3949794475257218,0.2920901458681555,4.320123394237582,3.4633495236569463,2026-08-30T21:10:28.129931+00:00,16.0,17.0,-1.0,33.0,4.5,,41.5,41.5,2.9,1.42,0,0.32870370370370366
2025_01_DET_GB,2025,1,2025-09-07,GB,DET,0.135367659406238,48.1146695545157,2.0775399635592477,-1.46856098479363,47.47742958086709,0.4550366503667472,0.3709701481787746,-0.135367659406238,1.46856098479363,2026-08-30T21:10:28.129931+00:00,27.0,13.0,14.0,40.0,-1.5,,49.5,42.5,1.85,1.96,1,0.5144356955380577
2025_01_HOU_LA,2025,1,2025-09-07,LA,HOU,2.727034330379936,45.86670588072166,3.005260228936798,4.727688080293006,44.32610660322228,0.6419229279515614,0.6806048771465717,-2.727034330379936,-4.727688080293006,2026-08-30T21:10:28.129931+00:00,14.0,9.0,5.0,23.0,-2.5,,46.5,46.5,1.58,2.4,1,0.6030150753768844
2025_01_LV_NE,2025,1,2025-09-07,NE,LV,1.3204717134132853,45.28232238910776,-0.1376766766040264,0.6755375055566992,44.12756568728968,0.5207177873907669,0.4823777601195118,-1.3204717134132853,-0.6755375055566992,2026-08-30T21:10:28.129931+00:00,13.0,20.0,-7.0,33.0,-2.5,,46.5,46.5,1.69,2.2,0,0.5655526992287918
2025_01_MIA_IND,2025,1,2025-09-07,IND,MIA,-0.0973585234046913,46.12843434266267,-0.5112124854205382,-2.0032320817864178,44.4667246129624,0.4387783377285875,0.3075436438816719,0.0973585234046913,2.0032320817864178,2026-08-30T21:10:28.129931+00:00,33.0,8.0,25.0,41.0,-1.5,,45.5,39.5,1.84,1.97,1,0.5170603674540682
2025_01_NYG_WAS,2025,1,2025-09-07,WAS,NYG,3.667065005096729,45.8407613401432,5.607953540785172,5.031402329097761,45.53127116879177,0.650607802564892,0.6756465487360207,-3.667065005096729,-5.031402329097761,2026-08-30T21:10:28.129931+00:00,21.0,6.0,15.0,27.0,-5.5,,41.5,41.5,1.35,3.25,1,0.7065217391304348
2025_01_PIT_NYJ,2025,1,2025-09-07,NYJ,PIT,2.7971075925968902,46.6847639174881,-1.817713727127253,2.2370287318187128,44.73425014709282,0.5683002784132841,0.5504449121914985,-2.7971075925968902,-2.2370287318187128,2026-08-30T21:10:28.129931+00:00,32.0,34.0,-2.0,66.0,2.5,,37.5,40.5,2.35,1.6,0,0.40506329113924056
2025_01_SF_SEA,2025,1,2025-09-07,SEA,SF,0.0543530032523775,46.453953527062296,-3.777685083197917,-1.3341733180148132,45.13744868741637,0.4591360885660995,0.3955109639790536,-0.0543530032523775,1.3341733180148132,2026-08-30T21:10:28.129931+00:00,13.0,17.0,-4.0,30.0,1.5,,49.5,49.5,2.1,1.75,0,0.4545454545454546
2025_01_TB_ATL,2025,1,2025-09-07,ATL,TB,-1.749974097735505,47.43288293009186,-1.4130499964203709,-0.8055620546361014,46.83702562193119,0.4752992300461987,0.4006203012652602,1.749974097735505,0.8055620546361014,2026-08-30T21:10:28.129931+00:00,20.0,23.0,-3.0,43.0,2.5,,45.5,45.5,1.91,1.89,0,0.4973684210526315
2025_01_TEN_DEN,2025,1,2025-09-07,DEN,TEN,5.496771830507797,46.04931794126319,10.5192743630435,6.921876922353073,45.17792244757367,0.7027606592293826,0.714935043978812,-5.496771830507797,-6.921876922353073,2026-08-30T21:10:28.129931+00:00,20.0,12.0,8.0,32.0,-9.5,,42.5,42.5,1.2,4.6,1,0.7931034482758621
2025_01_MIN_CHI,2025,1,2025-09-08,CHI,MIN,-2.0727937895305373,44.453703900540894,1.3180592701665184,-1.47454225128534,43.20482477712369,0.4548543023674007,0.3547308696041875,2.0727937895305373,1.47454225128534,2026-08-30T21:10:28.129931+00:00,24.0,27.0,-3.0,51.0,2.5,,41.5,41.5,1.89,1.91,0,0.5026315789473684
2025_02_WAS_GB,2025,2,2025-09-11,GB,WAS,2.169170819517325,48.83165211623116,1.957182184718934,1.6787562862412853,47.51155852533485,0.5513655139836643,0.587077802456971,-2.169170819517325,-1.6787562862412853,2026-08-30T21:10:28.129931+00:00,27.0,18.0,9.0,45.0,-2.5,,46.5,46.5,1.54,2.5,1,0.6188118811881189
2025_02_ATL_MIN,2025,2,2025-09-14,MIN,ATL,-0.1576948874944393,46.50240540369416,-4.154972243609066,-0.9918078448925096,44.61010620067105,0.4695984449445539,0.3532666220322057,0.1576948874944393,0.9918078448925096,2026-08-30T21:10:28.129931+00:00,6.0,22.0,-16.0,28.0,-4.5,,43.5,45.5,1.56,2.45,0,0.6109725685785536
2025_02_BUF_NYJ,2025,2,2025-09-14,NYJ,BUF,-1.4858088173758368,49.23909797619184,-5.598989926739184,-2.623418265968388,49.45977628709965,0.4200500596415261,0.3412135815632375,1.4858088173758368,2.623418265968388,2026-08-30T21:10:28.129931+00:00,10.0,30.0,-20.0,40.0,8.5,,40.5,40.5,3.25,1.35,0,0.29347826086956524
2025_02_CAR_ARI,2025,2,2025-09-14,ARI,CAR,6.4065467771504565,46.94236743533347,9.110430311158929,8.065384620776264,46.12640249668164,0.7324710236765992,0.694991410154798,-6.4065467771504565,-8.065384620776264,2026-08-30T21:10:28.129931+00:00,27.0,22.0,5.0,49.0,-3.5,,40.5,40.5,1.29,3.65,1,0.7388663967611336
2025_02_CHI_DET,2025,2,2025-09-14,DET,CHI,4.106719946012327,45.96978707027623,4.980995646165317,5.262188056704408,46.06043969348933,0.6571552091247643,0.7424488957012751,-4.106719946012327,-5.262188056704408,2026-08-30T21:10:28.129931+00:00,52.0,21.0,31.0,73.0,-4.5,,43.5,47.5,1.35,3.25,1,0.7065217391304348
2025_02_CLE_BAL,2025,2,2025-09-14,BAL,CLE,8.687071621086979,47.00795720498459,10.884341117379384,8.122214446748954,45.0592086733034,0.7339075793092573,0.8259594910917262,-8.687071621086979,-8.122214446748954,2026-08-30T21:10:28.129931+00:00,41.0,17.0,24.0,58.0,-12.5,,37.5,39.5,1.1,7.0,1,0.8641975308641975
2025_02_DEN_IND,2025,2,2025-09-14,IND,DEN,0.1727294570930599,45.82133238654503,-0.4546862052689727,0.4971737313858704,45.349649766265976,0.5152507643430235,0.4821499046730727,-0.1727294570930599,-0.4971737313858704,2026-08-30T21:10:28.129931+00:00,29.0,28.0,1.0,57.0,3.5,,40.5,40.5,2.05,1.79,1,0.46614583333333337
2025_02_JAX_CIN,2025,2,2025-09-14,CIN,JAX,1.8793260312013944,47.29550611650309,6.463549935292194,1.3041816724811328,46.24232911894524,0.5399484200937364,0.5390290364564834,-1.8793260312013944,-1.3041816724811328,2026-08-30T21:10:28.129931+00:00,31.0,27.0,4.0,58.0,-5.5,,50.5,50.5,1.53,2.5,1,0.6203473945409429
2025_02_LA_TEN,2025,2,2025-09-14,TEN,LA,-3.328566609534056,45.12549551613692,-6.934075233453892,-4.39591728681205,43.05124597431935,0.3676487459119221,0.2419102680134134,3.328566609534056,4.39591728681205,2026-08-30T21:10:28.129931+00:00,19.0,33.0,-14.0,52.0,5.5,,38.5,39.5,3.05,1.38,0,0.31151241534988716
2025_02_NE_MIA,2025,2,2025-09-14,MIA,NE,2.2905175358391947,44.16472378406206,4.407827343567475,2.0842810798551805,44.15218396121031,0.5636779045592977,0.5402392584386588,-2.2905175358391947,-2.0842810798551805,2026-08-30T21:10:28.129931+00:00,27.0,33.0,-6.0,60.0,-2.5,,48.5,48.5,1.75,2.1,0,0.5454545454545455
2025_02_NYG_DAL,2025,2,2025-09-14,DAL,NYG,3.06743111925164,43.672540288109,2.9593253308167964,5.65749802012235,44.25806750243117,0.6682603565489137,0.6509649215450722,-3.06743111925164,-5.65749802012235,2026-08-30T21:10:28.129931+00:00,40.0,37.0,3.0,77.0,-4.5,,40.5,40.5,1.4,2.95,1,0.6781609195402298
2025_02_PHI_KC,2025,2,2025-09-14,KC,PHI,-2.319452861562743,47.97052072605324,1.0862246331637773,-3.124300103467172,46.86060277102261,0.4050535306841272,0.3285389242948469,2.319452861562743,3.124300103467172,2026-08-30T21:10:28.129931+00:00,17.0,20.0,-3.0,37.0,-1.5,,45.5,45.5,2.1,1.77,0,0.4573643410852713
2025_02_SEA_PIT,2025,2,2025-09-14,PIT,SEA,0.3480098119305937,47.03248288338346,3.731427879105466,-0.0838345665805722,44.93484653522345,0.4974277725424473,0.4197621352340255,-0.3480098119305937,0.0838345665805722,2026-08-30T21:10:28.129931+00:00,17.0,31.0,-14.0,48.0,-1.5,,48.5,38.5,1.49,2.65,0,0.6400966183574879
2025_02_SF_NO,2025,2,2025-09-14,NO,SF,-1.9977208465135496,47.3112793696491,-0.6534858127252242,-2.612616224774819,45.124476121806346,0.4203748413226113,0.2833914022580991,1.9977208465135496,2.612616224774819,2026-08-30T21:10:28.129931+00:00,21.0,26.0,-5.0,47.0,6.5,,44.5,44.5,2.35,1.61,0,0.4065656565656566
2025_02_LAC_LV,2025,2,2025-09-15,LV,LAC,-1.7580384911108324,46.76513555904109,-1.8271254139249664,-0.9717510548055466,45.67878953864177,0.4702120834240705,0.3258396019164871,1.7580384911108324,0.9717510548055466,2026-08-30T21:10:28.129931+00:00,9.0,20.0,-11.0,29.0,15.5,,51.5,51.5,2.55,1.52,0,0.3734643734643735
2025_02_TB_HOU,2025,2,2025-09-15,HOU,TB,-2.810256795436988,46.75114254976767,-1.986222435620572,-1.70925690241742,44.85894393516624,0.4477065631512835,0.3389590537035705,2.810256795436988,1.70925690241742,2026-08-30T21:10:28.129931+00:00,19.0,20.0,-1.0,39.0,-1.5,,41.5,41.5,1.69,2.2,0,0.5655526992287918
2025_03_MIA_BUF,2025,3,2025-09-18,BUF,MIA,6.560155301701978,48.22728514491158,7.448621469671467,9.730376976817652,48.58673677563792,0.7728775899474702,0.8097051150024673,-6.560155301701978,-9.730376976817652,2026-08-30T21:10:28.129931+00:00,31.0,21.0,10.0,52.0,-9.5,,42.5,42.5,1.12,6.25,1,0.8480325644504749
2025_03_ARI_SF,2025,3,2025-09-21,SF,ARI,1.4329397764800669,47.72867931707193,-1.5621289370192462,0.9708600418312688,47.20735128958661,0.5297606543381356,0.4849625409110901,-1.4329397764800669,-0.9708600418312688,2026-08-30T21:10:28.129931+00:00,16.0,15.0,1.0,31.0,-3.5,,40.5,40.5,1.8,2.0,1,0.5263157894736842
2025_03_ATL_CAR,2025,3,2025-09-21,CAR,ATL,-5.2459587242384185,44.421879682938375,-9.294472912123656,-3.4381711190301534,43.9424294715168,0.3957252479986216,0.2571358958201531,5.2459587242384185,3.4381711190301534,2026-08-30T21:10:28.129931+00:00,30.0,0.0,30.0,30.0,-1.5,,45.5,45.5,2.95,1.41,1,0.323394495412844
2025_03_CIN_MIN,2025,3,2025-09-21,MIN,CIN,-1.075947269026789,44.44628808389134,-2.9696677137292085,-0.6974161830664978,41.939258566321925,0.4786118574133136,0.3756238405279614,1.075947269026789,0.6974161830664978,2026-08-30T21:10:28.129931+00:00,48.0,10.0,38.0,58.0,-1.5,,44.5,44.5,1.62,2.3,1,0.586734693877551
2025_03_DAL_CHI,2025,3,2025-09-21,CHI,DAL,-1.885733310453977,45.76665868069043,-3.619902374845366,-1.847265112786924,44.39084823724914,0.443511577130958,0.3305561000079814,1.885733310453977,1.847265112786924,2026-08-30T21:10:28.129931+00:00,31.0,14.0,17.0,45.0,-2.5,,45.5,45.5,1.83,1.98,1,0.5196850393700787
2025_03_DEN_LAC,2025,3,2025-09-21,LAC,DEN,-0.4821199993091636,46.37798255237703,-1.862937719504274,2.0262087981944426,45.886162831699245,0.5619182302556429,0.4970916261317439,0.4821199993091636,-2.0262087981944426,2026-08-30T21:10:28.129931+00:00,23.0,20.0,3.0,43.0,-1.5,,38.5,43.5,1.67,2.2,1,0.5684754521963824
2025_03_GB_CLE,2025,3,2025-09-21,CLE,GB,-7.317739146777752,44.27452073024279,-8.796373236498038,-6.052556948682203,43.40404758708713,0.3207873366627075,0.2297100599059889,7.317739146777752,6.052556948682203,2026-08-30T21:10:28.129931+00:00,13.0,10.0,3.0,23.0,5.5,,37.5,37.5,4.2,1.23,1,0.22651933701657456
2025_03_HOU_JAX,2025,3,2025-09-21,JAX,HOU,4.525978114618545,45.79363589919854,1.790145507862864,6.889372281354209,44.05160548913246,0.7018945298297046,0.7602503941109583,-4.525978114618545,-6.889372281354209,2026-08-30T21:10:28.129931+00:00,17.0,10.0,7.0,27.0,2.5,,42.5,42.5,1.82,1.99,1,0.5223097112860893
2025_03_IND_TEN,2025,3,2025-09-21,TEN,IND,-6.580547016504928,45.99014787993117,-7.847341827768703,-4.089014805050885,44.14725409409441,0.3765769208446914,0.2715149617762233,6.580547016504928,4.089014805050885,2026-08-30T21:10:28.129931+00:00,20.0,41.0,-21.0,61.0,-1.5,,51.5,40.5,2.45,1.55,0,0.3875
2025_03_KC_NYG,2025,3,2025-09-21,NYG,KC,-1.2716983590087716,46.6196241511125,-3.911111092054561,-0.234503746821663,45.38360600008928,0.4928052534834892,0.4144991803701155,1.2716983590087716,0.234503746821663,2026-08-30T21:10:28.129931+00:00,9.0,22.0,-13.0,31.0,5.5,,46.5,41.5,3.1,1.37,0,0.30648769574944074
2025_03_LA_PHI,2025,3,2025-09-21,PHI,LA,2.85647381893256,48.01156595304016,2.827568286146649,1.7191996524005606,47.09820532993562,0.5525958643950881,0.5550903361931435,-2.85647381893256,-1.7191996524005606,2026-08-30T21:10:28.129931+00:00,33.0,26.0,7.0,59.0,-3.5,,52.5,50.5,1.53,2.5,1,0.6203473945409429
2025_03_LV_WAS,2025,3,2025-09-21,WAS,LV,6.174518625928306,45.669605265474296,3.6076051018885056,4.531441911613361,44.99283889402309,0.6362715067583472,0.6492802371333961,-6.174518625928306,-4.531441911613361,2026-08-30T21:10:28.129931+00:00,41.0,24.0,17.0,65.0,-7.5,,44.5,44.5,1.58,2.4,1,0.6030150753768844
2025_03_NO_SEA,2025,3,2025-09-21,SEA,NO,2.724633559080182,44.58128361941581,4.805908191122228,2.5188128414553392,43.91348259722216,0.5768025443177145,0.5536210845523886,-2.724633559080182,-2.5188128414553392,2026-08-30T21:10:28.129931+00:00,44.0,13.0,31.0,57.0,-6.5,,37.5,37.5,1.25,4.0,1,0.7619047619047619
2025_03_NYJ_TB,2025,3,2025-09-21,TB,NYJ,6.747441085956772,48.28622952120377,7.184059221348619,7.290859731094668,48.13363105273306,0.7125110161090553,0.7696211081813318,-6.747441085956772,-7.290859731094668,2026-08-30T21:10:28.129931+00:00,29.0,27.0,2.0,56.0,-8.5,,45.5,42.5,1.3,3.55,1,0.7319587628865979
2025_03_PIT_NE,2025,3,2025-09-21,NE,PIT,4.566825419224885,47.38292324572982,1.2786614338271054,2.357182500121232,46.784768293448856,0.5719297848824254,0.5335901466342862,-4.566825419224885,-2.357182500121232,2026-08-30T21:10:28.129931+00:00,14.0,21.0,-7.0,35.0,-1.5,,39.5,39.5,1.96,1.85,0,0.4855643044619423
2025_03_DET_BAL,2025,3,2025-09-22,BAL,DET,2.5592920779076507,53.70675878667444,5.30625683473764,2.0069535337344404,51.54765229220838,0.561334495684232,0.5689437669515109,-2.5592920779076507,-2.0069535337344404,2026-08-30T21:10:28.129931+00:00,30.0,38.0,-8.0,68.0,-3.5,,47.5,47.5,1.38,3.05,0,0.688487584650113
2025_04_SEA_ARI,2025,4,2025-09-25,ARI,SEA,1.1149353905557906,47.16337831058214,4.27971389281198,1.5841848768570232,48.65759869815876,0.5484865953255808,0.5420867428332089,-1.1149353905557906,-1.5841848768570232,2026-08-30T21:10:28.129931+00:00,20.0,23.0,-3.0,43.0,-2.5,,44.5,44.5,1.72,2.15,0,0.5555555555555556
2025_04_BAL_KC,2025,4,2025-09-28,KC,BAL,0.5967268895551421,51.31244461020625,2.692665158096551,-1.5813444672437225,47.46035520611285,0.4515999119290741,0.3761485419543729,-0.5967268895551421,1.5813444672437225,2026-08-30T21:10:28.129931+00:00,37.0,20.0,17.0,57.0,-1.5,,44.5,44.5,1.81,2.0,1,0.5249343832020998
2025_04_CAR_NE,2025,4,2025-09-28,NE,CAR,3.0790552626367864,45.77627518769339,4.409193209774118,2.363941869462934,44.80902510084622,0.572133788665561,0.5435782335956875,-3.0790552626367864,-2.363941869462934,2026-08-30T21:10:28.129931+00:00,42.0,13.0,29.0,55.0,0.0,,0.0,0.0,1.56,2.45,1,0.6109725685785536
2025_04_CHI_LV,2025,4,2025-09-28,LV,CHI,0.2937740580885913,46.76929822874411,1.5019222665905554,-1.826391918288777,45.58964278614743,0.4441456578081344,0.3362762413149341,-0.2937740580885913,1.826391918288777,2026-08-30T21:10:28.129931+00:00,24.0,25.0,-1.0,49.0,1.5,,51.5,51.5,2.1,1.74,0,0.45312499999999994
2025_04_CLE_DET,2025,4,2025-09-28,DET,CLE,11.84172171198212,46.372443988394906,10.06642091218107,8.376792094132249,44.70951375533301,0.7402945354819637,0.8269597653480315,-11.84172171198212,-8.376792094132249,2026-08-30T21:10:28.129931+00:00,34.0,10.0,24.0,44.0,-10.5,,46.5,46.5,1.18,4.95,1,0.8075040783034257
2025_04_GB_DAL,2025,4,2025-09-28,DAL,GB,-4.37347079943967,47.49550448042776,-4.159848143690439,-3.36236942369995,44.94106779451666,0.3979728383181536,0.3141008635444739,4.37347079943967,3.36236942369995,2026-08-30T21:10:28.129931+00:00,40.0,40.0,0.0,80.0,2.5,,51.5,51.5,2.2,1.68,0,0.4329896907216495
2025_04_IND_LA,2025,4,2025-09-28,LA,IND,0.5340732336141931,49.247281283807645,2.9527942917744623,-0.3121949188927484,48.84855198581811,0.4904220325209409,0.4786347455703935,-0.5340732336141931,0.3121949188927484,2026-08-30T21:10:28.129931+00:00,27.0,20.0,7.0,47.0,-6.5,,41.5,41.5,1.32,3.4,1,0.7203389830508474
2025_04_JAX_SF,2025,4,2025-09-28,SF,JAX,3.157492743395906,47.65618442025282,4.50844658515139,3.28648484912543,46.09700238065179,0.5997737173922951,0.6036035594242517,-3.157492743395906,-3.28648484912543,2026-08-30T21:10:28.129931+00:00,21.0,26.0,-5.0,47.0,-5.5,,47.5,47.5,1.44,2.8,0,0.660377358490566
2025_04_LAC_NYG,2025,4,2025-09-28,NYG,LAC,-3.770584981634468,46.90044907187822,-5.470140223421062,-3.302966210013152,44.32253105796819,0.3997365720584863,0.2719279601190669,3.770584981634468,3.302966210013152,2026-08-30T21:10:28.129931+00:00,21.0,18.0,3.0,39.0,3.5,,39.5,39.5,2.5,1.54,1,0.38118811881188125
2025_04_MIN_PIT,2025,4,2025-09-28,PIT,MIN,-1.7616767762569407,44.57812219512172,0.9750861473500524,1.727921217171068,42.23308346216948,0.5528611221152309,0.5151388753891769,1.7616767762569407,-1.727921217171068,2026-08-30T21:10:28.129931+00:00,24.0,21.0,3.0,45.0,,,,,,,1,
2025_04_NO_BUF,2025,4,2025-09-28,BUF,NO,10.674275541823032,48.02719710564304,14.765045876591495,10.50235883238028,47.47620281470038,0.7903768936628875,0.8428312209900893,-10.674275541823032,-10.50235883238028,2026-08-30T21:10:28.129931+00:00,31.0,19.0,12.0,50.0,-11.5,,41.5,41.5,1.14,5.75,1,0.8345428156748913
2025_04_PHI_TB,2025,4,2025-09-28,TB,PHI,1.7311332995351263,48.619349142773466,0.5628874166982236,1.7987216379077018,47.384140803443785,0.5550135611791203,0.5790847631961198,-1.7311332995351263,-1.7987216379077018,2026-08-30T21:10:28.129931+00:00,25.0,31.0,-6.0,56.0,2.5,,53.5,53.5,2.2,1.67,0,0.43152454780361754
2025_04_TEN_HOU,2025,4,2025-09-28,HOU,TEN,4.854897829060167,42.9655412578116,8.217974866255311,4.100862445424661,42.52032157477792,0.6237690049920335,0.6715814514050472,-4.854897829060167,-4.100862445424661,2026-08-30T21:10:28.129931+00:00,26.0,0.0,26.0,26.0,-5.5,,38.5,38.5,1.41,2.95,1,0.676605504587156
2025_04_WAS_ATL,2025,4,2025-09-28,ATL,WAS,-0.5138667220470972,45.70508621937294,0.8534666456607582,-0.1859265550956048,44.06930107073371,0.4942955224152828,0.4265005387738178,0.5138667220470972,0.1859265550956048,2026-08-30T21:10:28.129931+00:00,34.0,27.0,7.0,61.0,3.5,,54.5,54.5,2.5,1.53,1,0.3796526054590571
2025_04_CIN_DEN,2025,4,2025-09-29,DEN,CIN,6.93758617997481,43.17758524195735,5.881226003584389,6.923329478342777,43.92860012211051,0.7027993376564305,0.715260647911837,-6.93758617997481,-6.923329478342777,2026-08-30T21:10:28.129931+00:00,28.0,3.0,25.0,31.0,-1.5,,49.5,45.5,1.76,2.05,1,0.5380577427821522
2025_04_NYJ_MIA,2025,4,2025-09-29,MIA,NYJ,2.3315320704067712,44.81779152257046,7.702809111928259,0.2214346476943046,44.97509440220292,0.5067938169012941,0.4839067817792524,-2.3315320704067712,-0.2214346476943046,2026-08-30T21:10:28.129931+00:00,27.0,21.0,6.0,48.0,-6.5,,43.5,40.5,1.41,2.95,1,0.676605504587156
2025_05_SF_LA,2025,5,2025-10-02,LA,SF,2.580053053380256,47.99953978015221,7.887901941515099,3.684747931819941,47.2251993911019,0.6115616666680709,0.5784548993935493,-2.580053053380256,-3.684747931819941,2026-08-30T21:10:28.129931+00:00,23.0,26.0,-3.0,49.0,,,,,,,0,
2025_05_DAL_NYJ,2025,5,2025-10-05,NYJ,DAL,1.2540888285336649,49.19811791612413,-2.055171693288317,-1.617217628641088,46.19464520491222,0.4505075323625519,0.3735574699735384,-1.2540888285336649,1.617217628641088,2026-08-30T21:10:28.129931+00:00,22.0,37.0,-15.0,59.0,,,,,,,0,
2025_05_DEN_PHI,2025,5,2025-10-05,PHI,DEN,1.4873514140098594,46.053881966456,1.857811605167488,1.7165290315990702,45.88286569083642,0.5525146354084606,0.5066269032833848,-1.4873514140098594,-1.7165290315990702,2026-08-30T21:10:28.129931+00:00,17.0,21.0,-4.0,38.0,,,,,,,0,
2025_05_DET_CIN,2025,5,2025-10-05,CIN,DET,-9.721498894405665,46.80958194376011,-4.382387406899434,-6.924115271638949,44.361299178158696,0.2971797393251257,0.2051221821251087,9.721498894405665,6.924115271638949,2026-08-30T21:10:28.129931+00:00,24.0,37.0,-13.0,61.0,,,,,,,0,
2025_05_HOU_BAL,2025,5,2025-10-05,BAL,HOU,4.981971927077528,49.46448390536168,2.019696967939143,5.916274044697323,46.48053582221314,0.6754514389483132,0.7126289473597368,-4.981971927077528,-5.916274044697323,2026-08-30T21:10:28.129931+00:00,10.0,44.0,-34.0,54.0,,,,,,,0,
2025_05_LV_IND,2025,5,2025-10-05,IND,LV,8.800535755748124,46.99765941019157,7.16543343698054,9.158145396654769,47.089090779159314,0.759391675930042,0.8320208640907665,-8.800535755748124,-9.158145396654769,2026-08-30T21:10:28.129931+00:00,40.0,6.0,34.0,46.0,,,,,,,1,
2025_05_MIA_CAR,2025,5,2025-10-05,CAR,MIA,-0.8989610075119665,47.4869498208396,-4.90201883590728,-0.3554745771419136,45.393045659810014,0.4890945471827195,0.383451480389715,0.8989610075119665,0.3554745771419136,2026-08-30T21:10:28.129931+00:00,27.0,24.0,3.0,51.0,,,,,,,1,
2025_05_MIN_CLE,2025,5,2025-10-05,CLE,MIN,-4.36422438671791,40.50640727473292,-5.312710870962407,-3.0454548280865765,40.8432392889962,0.4074055506293789,0.3663447122347276,4.36422438671791,3.0454548280865765,2026-08-30T21:10:28.129931+00:00,17.0,21.0,-4.0,38.0,,,,,,,0,
2025_05_NE_BUF,2025,5,2025-10-05,BUF,NE,6.517278964903481,50.49065049169867,7.861965227691078,8.332485560490158,50.17171072351485,0.739188667613268,0.7934061206644264,-6.517278964903481,-8.332485560490158,2026-08-30T21:10:28.129931+00:00,20.0,23.0,-3.0,43.0,,,,,,,0,
2025_05_NYG_NO,2025,5,2025-10-05,NO,NYG,3.077751423927947,43.38585444754276,0.486296528813119,0.9011522869489744,43.53572777036894,0.5276273907094395,0.580829899555459,-3.077751423927947,-0.9011522869489744,2026-08-30T21:10:28.129931+00:00,26.0,14.0,12.0,40.0,,,,,,,1,
2025_05_TB_SEA,2025,5,2025-10-05,SEA,TB,1.6272327451017066,48.11195637820501,-0.7819882824358593,1.4098660463880572,48.42391790652244,0.54317344849922,0.503423607872827,-1.6272327451017066,-1.4098660463880572,2026-08-30T21:10:28.129931+00:00,35.0,38.0,-3.0,73.0,,,,,,,0,
2025_05_TEN_ARI,2025,5,2025-10-05,ARI,TEN,11.136667645221992,44.97271762660425,13.663609202401098,10.468305191665705,44.07091834230457,0.7896220813343247,0.8257987453052765,-11.136667645221992,-10.468305191665705,2026-08-30T21:10:28.129931+00:00,21.0,22.0,-1.0,43.0,,,,,,,0,
2025_05_WAS_LAC,2025,5,2025-10-05,LAC,WAS,1.6362966337550768,48.26103560073441,0.8674896162132131,-0.6501759393922948,46.12240725557314,0.4800593555413066,0.4929861943083551,-1.6362966337550768,0.6501759393922948,2026-08-30T21:10:28.129931+00:00,10.0,27.0,-17.0,37.0,,,,,,,0,
2025_05_KC_JAX,2025,5,2025-10-06,JAX,KC,1.5629998069203723,47.6839061766693,-2.3039594523113216,2.2454189166309875,46.07383707637857,0.5685539132723596,0.5323035025852503,-1.5629998069203723,-2.2454189166309875,2026-08-30T21:10:28.129931+00:00,31.0,28.0,3.0,59.0,,,,,,,1,
2025_06_PHI_NYG,2025,6,2025-10-09,NYG,PHI,-6.096701047129802,44.061294314382295,-8.611656109667162,-3.899753807936402,42.31938288473196,0.3821162042321155,0.279608505395757,6.096701047129802,3.899753807936402,2026-08-30T21:10:28.129931+00:00,34.0,17.0,17.0,51.0,7.5,7.5,40.5,40.5,4.2,1.23,1,0.22651933701657456
2025_06_ARI_IND,2025,6,2025-10-12,IND,ARI,7.639935041100194,47.85033909688551,7.563148034358436,9.484922369789931,47.96618107730928,0.7671457361101444,0.8423324900721318,-7.639935041100194,-9.484922369789931,2026-08-30T21:10:28.129931+00:00,31.0,27.0,4.0,58.0,-5.5,-7.5,47.5,45.5,1.21,4.45,1,0.7862190812720848
2025_06_CIN_GB,2025,6,2025-10-12,GB,CIN,12.02755937594031,44.5965792346262,12.378943534735596,11.26968099475718,43.98383834474456,0.8069588371478857,0.8557105409838892,-12.02755937594031,-11.26968099475718,2026-08-30T21:10:28.129931+00:00,27.0,18.0,9.0,45.0,-13.5,-13.5,43.5,44.5,1.08,8.0,1,0.8810572687224669
2025_06_CLE_PIT,2025,6,2025-10-12,PIT,CLE,5.785883658520236,41.19829263828092,6.967208532578251,5.713386319442113,43.8709772239663,0.6698188013482073,0.6981047296087595,-5.785883658520236,-5.713386319442113,2026-08-30T21:10:28.129931+00:00,23.0,9.0,14.0,32.0,-4.5,-5.5,37.5,37.5,1.33,3.35,1,0.7158119658119658
2025_06_DAL_CAR,2025,6,2025-10-12,CAR,DAL,-1.9348550020628092,49.80942536934519,-4.752184192784881,-3.7051006185341233,46.35206781648069,0.3878385764565528,0.3132564074116328,1.9348550020628092,3.7051006185341233,2026-08-30T21:10:28.129931+00:00,30.0,27.0,3.0,57.0,3.5,8.5,48.5,46.5,2.35,1.6,1,0.40506329113924056
2025_06_DEN_NYJ,2025,6,2025-10-12,NYJ,DEN,-4.527677140276309,46.08855377364839,-7.415524834907548,-1.3736199020150786,45.49150727769113,0.4579323170237837,0.363674615202737,4.527677140276309,1.3736199020150786,2026-08-30T21:10:28.129931+00:00,11.0,13.0,-2.0,24.0,,,,,,,0,
2025_06_DET_KC,2025,6,2025-10-12,KC,DET,-1.476380916134229,51.21482518698379,4.175266719222412,-1.3556598824011843,50.02130685484416,0.4584803467246978,0.3844978444912055,1.476380916134229,1.3556598824011843,2026-08-30T21:10:28.129931+00:00,30.0,17.0,13.0,47.0,-1.5,-2.5,49.5,51.5,1.66,2.25,1,0.5754475703324808
2025_06_LAC_MIA,2025,6,2025-10-12,MIA,LAC,-0.6330779511586699,47.36315890746327,-1.5676387379158905,-0.3339337773867876,46.06111762617984,0.4897552382140122,0.5042999460591913,0.6330779511586699,0.3339337773867876,2026-08-30T21:10:28.129931+00:00,27.0,29.0,-2.0,56.0,4.5,3.5,43.5,44.5,2.65,1.49,0,0.35990338164251207
2025_06_LA_BAL,2025,6,2025-10-12,BAL,LA,-2.437833067572175,50.90085685822198,-3.2594114498917257,-4.240295313051482,48.12018207476778,0.372167390759116,0.2962602890622942,2.437833067572175,4.240295313051482,2026-08-30T21:10:28.129931+00:00,3.0,17.0,-14.0,20.0,7.5,6.5,44.5,43.5,3.7,1.28,0,0.2570281124497992
2025_06_NE_NO,2025,6,2025-10-12,NO,NE,-0.2346157215014702,47.074530798404986,-0.9893521886642808,-0.5631757700661449,45.66597581029474,0.4827258200096882,0.3907248920286028,0.2346157215014702,0.5631757700661449,2026-08-30T21:10:28.129931+00:00,19.0,25.0,-6.0,44.0,3.5,3.5,45.5,45.5,2.5,1.53,0,0.3796526054590571
2025_06_SEA_JAX,2025,6,2025-10-12,JAX,SEA,-0.0637582348644284,50.46238039533435,1.164270121718414,-0.2921281469384105,48.7895489357087,0.4910375628496795,0.350623372369067,0.0637582348644284,0.2921281469384105,2026-08-30T21:10:28.129931+00:00,12.0,20.0,-8.0,32.0,-1.5,1.5,45.5,46.5,1.95,1.86,0,0.48818897637795283
2025_06_SF_TB,2025,6,2025-10-12,TB,SF,1.3471171092240544,50.60378431809743,3.640275590133086,1.7750346775254755,48.70829611897077,0.5542936193462619,0.4746118205757396,-1.3471171092240544,-1.7750346775254755,2026-08-30T21:10:28.129931+00:00,30.0,19.0,11.0,49.0,7.5,-3.5,47.5,46.5,1.51,2.55,1,0.6280788177339901
2025_06_TEN_LV,2025,6,2025-10-12,LV,TEN,5.217603439940068,43.63146913843887,7.66363254675319,4.659694372083282,42.87277873515949,0.6399683163799901,0.7614700214077307,-5.217603439940068,-4.659694372083282,2026-08-30T21:10:28.129931+00:00,20.0,10.0,10.0,30.0,-4.5,-3.5,40.5,41.5,1.51,2.55,1,0.6280788177339901
2025_06_BUF_ATL,2025,6,2025-10-13,ATL,BUF,-2.224744689474045,48.27686189885513,-2.307780118523854,-3.1955032469611213,48.34681688996732,0.4029324224021171,0.3075842451174064,2.224744689474045,3.1955032469611213,2026-08-30T21:10:28.129931+00:00,24.0,14.0,10.0,38.0,3.5,3.5,48.5,49.5,2.7,1.47,1,0.35251798561151076
2025_06_CHI_WAS,2025,6,2025-10-13,WAS,CHI,8.61798964240511,48.18214813639248,9.680098895372062,7.750518360743303,46.61506155935456,0.7244415782101186,0.7572632609254293,-8.61798964240511,-7.750518360743303,2026-08-30T21:10:28.129931+00:00,24.0,25.0,-1.0,49.0,-3.5,-4.5,49.5,48.5,1.38,3.05,0,0.688487584650113
2025_07_PIT_CIN,2025,7,2025-10-16,CIN,PIT,-4.364088223333669,43.68980681667456,-3.486821342460221,-4.620734476695886,43.185022292262246,0.3611533170174787,0.2964639020925292,4.364088223333669,4.620734476695886,2026-08-30T21:10:28.129931+00:00,33.0,31.0,2.0,64.0,4.5,4.5,42.5,44.5,2.95,1.41,1,0.323394495412844
2025_07_ATL_SF,2025,7,2025-10-19,SF,ATL,1.1855523362039966,47.59233163485866,-2.509087415862393,1.3333997406545428,46.49502367303852,0.5408403007802193,0.5162538248858277,-1.1855523362039966,-1.3333997406545428,2026-08-30T21:10:28.129931+00:00,20.0,10.0,10.0,30.0,-3.5,1.5,44.5,46.5,1.91,1.89,1,0.4973684210526315
2025_07_CAR_NYJ,2025,7,2025-10-19,NYJ,CAR,-2.204228474181079,46.16968031347997,-0.8930052972060499,-2.093585168667326,42.52587018134992,0.4360402842255858,0.3465993212254032,2.204228474181079,2.093585168667326,2026-08-30T21:10:28.129931+00:00,6.0,13.0,-7.0,19.0,-2.5,5.5,44.5,39.5,1.82,1.95,0,0.5172413793103448
2025_07_GB_ARI,2025,7,2025-10-19,ARI,GB,-3.2144935828715093,49.45839844076025,-4.305032947117479,-4.266386650461458,49.20285532711621,0.3714085530503979,0.2552925665552064,3.2144935828715093,4.266386650461458,2026-08-30T21:10:28.129931+00:00,23.0,27.0,-4.0,50.0,4.5,6.5,44.5,44.5,3.8,1.27,0,0.2504930966469428
2025_07_IND_LAC,2025,7,2025-10-19,LAC,IND,-3.6583769952507463,48.69031392884071,-0.9104802309173772,-4.40309271368402,44.631762577515545,0.3674408356650104,0.2878485919394096,3.6583769952507463,4.40309271368402,2026-08-30T21:10:28.129931+00:00,24.0,38.0,-14.0,62.0,-1.5,-1.5,47.5,47.5,1.71,2.15,0,0.5569948186528497
2025_07_LA_JAX,2025,7,2025-10-19,JAX,LA,-2.0631215291144507,48.501059563778085,-3.773038742961917,-3.8254364573066217,45.88631909459188,0.3842980075672877,0.2671910132527924,2.0631215291144507,3.8254364573066217,2026-08-30T21:10:28.129931+00:00,7.0,35.0,-28.0,42.0,,,,,,,0,
2025_07_LV_KC,2025,7,2025-10-19,KC,LV,9.169500005774784,45.24322856543065,10.488999494736332,9.053286149450027,46.06955595845898,0.7568740133049721,0.833126679757178,-9.169500005774784,-9.053286149450027,2026-08-30T21:10:28.129931+00:00,31.0,0.0,31.0,31.0,-10.5,-11.5,44.5,44.5,1.11,6.75,1,0.8587786259541985
2025_07_MIA_CLE,2025,7,2025-10-19,CLE,MIA,-2.064253080200433,43.79014111835059,-1.3273933196736991,-0.8761366825738303,42.675293608475954,0.4731383573117763,0.315241404275138,2.064253080200433,0.8761366825738303,2026-08-30T21:10:28.129931+00:00,31.0,6.0,25.0,37.0,-2.5,-2.5,41.5,34.5,1.68,2.2,1,0.5670103092783505
2025_07_NE_TEN,2025,7,2025-10-19,TEN,NE,-7.600476427215837,47.29681790584534,-6.783354407824699,-4.514539373391197,44.26174894501179,0.364216656246655,0.2714082485588854,7.600476427215837,4.514539373391197,2026-08-30T21:10:28.129931+00:00,13.0,31.0,-18.0,44.0,5.5,5.5,42.5,40.5,3.35,1.33,0,0.2841880341880342
2025_07_NO_CHI,2025,7,2025-10-19,CHI,NO,2.4070367316177315,45.34250845987152,3.4778904299303868,1.486066871025563,45.27507397415496,0.5454970163252518,0.472330250030737,-2.4070367316177315,-1.486066871025563,2026-08-30T21:10:28.129931+00:00,26.0,14.0,12.0,40.0,-5.5,-3.5,44.5,43.5,1.44,2.8,1,0.660377358490566
2025_07_NYG_DEN,2025,7,2025-10-19,DEN,NYG,9.246740471421168,42.16935601553652,10.068677663993489,8.115323347294868,43.87503089204118,0.7337335930754794,0.7325603562598705,-9.246740471421168,-8.115323347294868,2026-08-30T21:10:28.129931+00:00,33.0,32.0,1.0,65.0,-7.5,-7.5,40.5,39.5,1.23,4.2,1,0.7734806629834253
2025_07_PHI_MIN,2025,7,2025-10-19,MIN,PHI,1.764845067809245,44.99440432216579,-0.2047968907940507,1.3515362976353114,41.97567539513236,0.5413938155672395,0.5088389225404025,-1.764845067809245,-1.3515362976353114,2026-08-30T21:10:28.129931+00:00,22.0,28.0,-6.0,50.0,9.5,1.5,41.5,43.5,2.2,1.69,0,0.43444730077120824
2025_07_WAS_DAL,2025,7,2025-10-19,DAL,WAS,-1.053718366095233,51.04226420294321,-1.6416259999238991,-0.337200161670161,50.63643922344298,0.4896550510928683,0.4832148661961221,1.053718366095233,0.337200161670161,2026-08-30T21:10:28.129931+00:00,44.0,22.0,22.0,66.0,1.5,-1.5,51.5,53.5,1.8,2.0,1,0.5263157894736842
2025_07_HOU_SEA,2025,7,2025-10-20,SEA,HOU,2.142606752437636,48.96359349053392,-1.5578394362906498,5.198734985242479,47.66764475441437,0.6553596393972974,0.7204805035610132,-2.142606752437636,-5.198734985242479,2026-08-30T21:10:28.129931+00:00,27.0,19.0,8.0,46.0,-2.5,2.5,41.5,40.5,1.6,2.35,1,0.5949367088607596
2025_07_TB_DET,2025,7,2025-10-20,DET,TB,4.353517744673673,53.241101561168776,3.280417561688462,4.998584726926751,50.62750722712094,0.6496730595776465,0.6431437308637447,-4.353517744673673,-4.998584726926751,2026-08-30T21:10:28.129931+00:00,24.0,9.0,15.0,33.0,-4.5,-5.5,52.5,53.5,1.35,3.25,1,0.7065217391304348
2025_08_MIN_LAC,2025,8,2025-10-23,LAC,MIN,2.159540624356516,47.2949962039721,3.759762901656477,2.376515185468252,43.38904308991578,0.5725132112049042,0.5817473693831974,-2.159540624356516,-2.376515185468252,2026-08-30T21:10:28.129931+00:00,37.0,10.0,27.0,47.0,-3.5,-3.5,41.5,44.5,1.52,2.45,1,0.6171284634760705
2025_08_BUF_CAR,2025,8,2025-10-26,CAR,BUF,-2.5106869666876293,48.20427334706494,-6.307623888562187,-4.168743208652902,46.49505596243002,0.3742509455594652,0.309456722611473,2.5106869666876293,4.168743208652902,2026-08-30T21:10:28.129931+00:00,9.0,40.0,-31.0,49.0,7.5,7.5,47.5,47.5,4.1,1.24,0,0.23220973782771534
2025_08_CHI_BAL,2025,8,2025-10-26,BAL,CHI,0.1344814490424853,47.42059494457484,-0.0172917589759529,-1.5777137313982406,45.337182654501504,0.4517104926330491,0.3556604189163975,-0.1344814490424853,1.5777137313982406,2026-08-30T21:10:28.129931+00:00,30.0,16.0,14.0,46.0,-5.5,-2.5,48.5,44.5,1.66,2.25,1,0.5754475703324808
2025_08_CLE_NE,2025,8,2025-10-26,NE,CLE,10.22272190567044,45.48461022998984,7.391364448652868,6.879963874894878,44.16737115257277,0.7016436159126948,0.7173431679888985,-10.22272190567044,-6.879963874894878,2026-08-30T21:10:28.129931+00:00,32.0,13.0,19.0,45.0,-6.5,-6.5,39.5,39.5,1.27,3.8,1,0.7495069033530573
2025_08_DAL_DEN,2025,8,2025-10-26,DEN,DAL,4.509746776955642,47.634624603118375,5.235176662807108,0.753115200466144,47.61101314453728,0.5230944639621234,0.3819127585823461,-4.509746776955642,-0.753115200466144,2026-08-30T21:10:28.129931+00:00,44.0,24.0,20.0,68.0,-4.5,-3.5,47.5,51.5,1.48,2.65,1,0.6416464891041161
2025_08_GB_PIT,2025,8,2025-10-26,PIT,GB,-2.2582230540768937,49.72969336411477,-2.777393243653344,-3.242435769831685,49.92817471039545,0.4015358807145354,0.3001997538006861,2.2582230540768937,3.242435769831685,2026-08-30T21:10:28.129931+00:00,25.0,35.0,-10.0,60.0,8.5,2.5,43.5,45.5,2.2,1.67,0,0.43152454780361754
2025_08_MIA_ATL,2025,8,2025-10-26,ATL,MIA,8.190040414853941,45.29659894606965,6.126351802402021,8.692672424784462,43.843858222869166,0.7481080292259081,0.7889594956218621,-8.190040414853941,-8.692672424784462,2026-08-30T21:10:28.129931+00:00,10.0,34.0,-24.0,44.0,-4.5,-6.5,45.5,44.5,1.26,3.9,0,0.755813953488372
2025_08_NYG_PHI,2025,8,2025-10-26,PHI,NYG,5.798498146386359,46.737250832872775,7.234962410415352,7.138852824596301,45.97066300227357,0.7085125759177117,0.6624838362341444,-5.798498146386359,-7.138852824596301,2026-08-30T21:10:28.129931+00:00,38.0,20.0,18.0,58.0,-7.5,-7.5,41.5,42.5,1.25,3.8,1,0.7524752475247526
2025_08_NYJ_CIN,2025,8,2025-10-26,CIN,NYJ,4.393792036796297,43.605710857282055,7.788272896986851,3.672562987115541,41.94098087368472,0.611202470945152,0.6589889370231896,-4.393792036796297,-3.672562987115541,2026-08-30T21:10:28.129931+00:00,38.0,39.0,-1.0,77.0,-1.5,-4.5,41.5,43.5,1.36,3.15,0,0.6984478935698448
2025_08_SF_HOU,2025,8,2025-10-26,HOU,SF,0.2680228651048525,46.36527658151284,2.873006482889188,-0.2123742707335602,42.69416993437261,0.4934841384785313,0.448839547423265,-0.2680228651048525,0.2123742707335602,2026-08-30T21:10:28.129931+00:00,26.0,15.0,11.0,41.0,-1.5,-2.5,43.5,40.5,1.64,2.25,1,0.5784061696658098
2025_08_TB_NO,2025,8,2025-10-26,NO,TB,-5.091126405586327,45.63129249249836,-6.529992112064467,-4.757736950729881,44.81452540404332,0.3572144390339584,0.2609900837128345,5.091126405586327,4.757736950729881,2026-08-30T21:10:28.129931+00:00,3.0,23.0,-20.0,26.0,4.5,3.5,47.5,44.5,2.7,1.47,0,0.35251798561151076
2025_08_TEN_IND,2025,8,2025-10-26,IND,TEN,17.522660968994593,45.261724832178736,16.729509066967026,11.786351949175357,44.5653588781081,0.8176592804171844,0.8511987264461047,-17.522660968994593,-11.786351949175357,2026-08-30T21:10:28.129931+00:00,38.0,14.0,24.0,52.0,-10.5,-14.5,44.5,47.5,1.06,9.5,1,0.8996212121212122
2025_08_WAS_KC,2025,8,2025-10-27,KC,WAS,8.433516236145318,49.148070813738144,7.170434604477327,9.146144349344636,49.67941276470679,0.7591042527929961,0.7668663801653207,-8.433516236145318,-9.146144349344636,2026-08-30T21:10:28.129931+00:00,28.0,7.0,21.0,35.0,-4.5,-10.5,50.5,47.5,1.14,5.75,1,0.8345428156748913
2025_09_BAL_MIA,2025,9,2025-10-30,MIA,BAL,1.9206354798210716,48.61332221411211,-0.7697500031727814,-0.3361303814548321,45.49813071103275,0.4896878635108055,0.3824651669519325,-1.9206354798210716,0.3361303814548321,2026-08-30T21:10:28.129931+00:00,6.0,28.0,-22.0,34.0,7.5,7.5,47.5,51.5,4.45,1.21,0,0.2137809187279152
2025_09_ATL_NE,2025,9,2025-11-02,NE,ATL,6.766564632176724,48.46637932339126,4.496309863376165,6.718528605371096,45.611759787498805,0.6973233899088214,0.6715202655040993,-6.766564632176724,-6.718528605371096,2026-08-30T21:10:28.129931+00:00,24.0,23.0,1.0,47.0,-2.5,-4.5,44.5,44.5,1.4,2.8,1,0.6666666666666667
2025_09_CAR_GB,2025,9,2025-11-02,GB,CAR,12.386211339486982,48.0684731689126,16.233016118694728,10.880581293122798,46.0882836658755,0.798652709672145,0.8414403333727394,-12.386211339486982,-10.880581293122798,2026-08-30T21:10:28.129931+00:00,13.0,16.0,-3.0,29.0,-10.5,-11.5,43.5,43.5,1.1,7.0,0,0.8641975308641975
2025_09_CHI_CIN,2025,9,2025-11-02,CIN,CHI,-0.0787740947983725,47.6248467253272,1.589658314789566,-0.8628706648103075,43.74875371389202,0.473544481382019,0.406045041227086,0.0787740947983725,0.8628706648103075,2026-08-30T21:10:28.129931+00:00,42.0,47.0,-5.0,89.0,1.5,2.5,47.5,50.5,2.3,1.62,0,0.413265306122449
2025_09_DEN_HOU,2025,9,2025-11-02,HOU,DEN,-1.6947664650582477,46.11763745944466,-0.5202599926762559,-0.4097495447583736,46.367612569010895,0.4874299832421739,0.4433426625005174,1.6947664650582477,0.4097495447583736,2026-08-30T21:10:28.129931+00:00,15.0,18.0,-3.0,33.0,1.5,-1.5,38.5,40.5,1.75,2.1,0,0.5454545454545455
2025_09_IND_PIT,2025,9,2025-11-02,PIT,IND,-6.486561623550097,51.24662386833781,-3.954770286754149,-6.160246694989818,50.42578892229593,0.3178281771011763,0.2298278390425835,6.486561623550097,6.160246694989818,2026-08-30T21:10:28.129931+00:00,27.0,20.0,7.0,47.0,2.5,8.5,48.5,51.5,2.4,1.57,1,0.3954659949622167
2025_09_JAX_LV,2025,9,2025-11-02,LV,JAX,-4.33152043917266,42.93539464254886,-2.100336505150012,-4.15998247927408,42.43949036741351,0.374506306763871,0.2721944650903921,4.33152043917266,4.15998247927408,2026-08-30T21:10:28.129931+00:00,29.0,30.0,-1.0,59.0,8.5,1.5,43.5,43.5,2.05,1.76,0,0.46194225721784776
2025_09_KC_BUF,2025,9,2025-11-02,BUF,KC,-0.2606252669507332,50.945157832662055,-0.5271729477716572,-1.269803656653183,50.3382990975306,0.4611012249529388,0.419889342111502,0.2606252669507332,1.269803656653183,2026-08-30T21:10:28.129931+00:00,28.0,21.0,7.0,49.0,1.5,1.5,50.5,52.5,2.1,1.73,1,0.4516971279373368
2025_09_LAC_TEN,2025,9,2025-11-02,TEN,LAC,-11.260049129373613,44.412170114918126,-12.51775411897371,-6.856700799156888,42.68947552892141,0.298977202154068,0.2194178010827809,11.260049129373613,6.856700799156888,2026-08-30T21:10:28.129931+00:00,20.0,27.0,-7.0,47.0,7.5,10.5,43.5,43.5,5.25,1.16,0,0.1809672386895476
2025_09_MIN_DET,2025,9,2025-11-02,DET,MIN,10.884365295742032,45.84557738615677,13.92461800280448,10.845716625565188,45.74817306530412,0.7978981372379448,0.8253691907059502,-10.884365295742032,-10.845716625565188,2026-08-30T21:10:28.129931+00:00,24.0,27.0,-3.0,51.0,-7.5,-8.5,47.5,47.5,1.18,5.0,0,0.8090614886731391
2025_09_NO_LA,2025,9,2025-11-02,LA,NO,11.759217109989583,43.561880487784016,13.595003384485477,10.571288091314807,42.852901724028015,0.7918998538862989,0.8241030774457027,-11.759217109989583,-10.571288091314807,2026-08-30T21:10:28.129931+00:00,34.0,10.0,24.0,44.0,-10.5,-13.5,44.5,44.5,1.07,8.5,1,0.8881922675026124
2025_09_SEA_WAS,2025,9,2025-11-02,WAS,SEA,-0.6332330363724559,48.27293376208492,4.475330952474783,-0.9049808827425344,47.29771921551679,0.4722554217941368,0.4140499287233666,0.6332330363724559,0.9049808827425344,2026-08-30T21:10:28.129931+00:00,14.0,38.0,-24.0,52.0,2.5,2.5,45.5,47.5,2.25,1.66,0,0.4245524296675191
2025_09_SF_NYG,2025,9,2025-11-02,NYG,SF,-3.2535345484342613,46.94535167094652,-1.270329021644039,-2.9190159694447835,43.81815319963975,0.4111842711397345,0.2941446655326871,3.2535345484342613,2.9190159694447835,2026-08-30T21:10:28.129931+00:00,24.0,34.0,-10.0,58.0,8.5,2.5,45.5,47.5,2.2,1.69,0,0.43444730077120824
2025_09_ARI_DAL,2025,9,2025-11-03,DAL,ARI,3.67106711652446,49.92774062541184,3.2955884399308646,5.629366599301366,49.35690484903392,0.6674748068008916,0.6813177384766126,-3.67106711652446,-5.629366599301366,2026-08-30T21:10:28.129931+00:00,17.0,27.0,-10.0,44.0,2.5,-3.5,51.5,52.5,1.55,2.45,0,0.6125
2025_10_LV_DEN,2025,10,2025-11-06,DEN,LV,13.1108848858272,42.44241617948208,12.51882140286371,11.74686022090751,46.78660999430017,0.816854715240581,0.8661165564094291,-13.1108848858272,-11.74686022090751,2026-08-30T21:10:28.129931+00:00,10.0,7.0,3.0,17.0,-10.5,-7.5,41.5,42.5,1.2,4.6,1,0.7931034482758621
2025_10_ARI_SEA,2025,10,2025-11-09,SEA,ARI,6.6232991634347576,48.753564069948425,2.398198465496894,8.812954206217578,49.292040120070126,0.7510503182461026,0.7903916790342547,-6.6232991634347576,-8.812954206217578,2026-08-30T21:10:28.129931+00:00,44.0,22.0,22.0,66.0,-5.5,-6.5,44.5,44.5,1.29,3.65,1,0.7388663967611336
2025_10_ATL_IND,2025,10,2025-11-09,IND,ATL,10.322596308725638,46.93697686064371,8.466275797414076,6.470255759480664,45.048434682579725,0.6906251830760173,0.70379169898951,-10.322596308725638,-6.470255759480664,2026-08-30T21:10:28.129931+00:00,31.0,25.0,6.0,56.0,-7.5,-5.5,47.5,47.5,1.33,3.35,1,0.7158119658119658
2025_10_BAL_MIN,2025,10,2025-11-09,MIN,BAL,-2.557614830575473,46.429855952611234,-8.383656384823366,-0.7411675056866157,44.00892383994184,0.4772715152022823,0.3956315354739596,2.557614830575473,0.7411675056866157,2026-08-30T21:10:28.129931+00:00,19.0,27.0,-8.0,46.0,3.5,4.5,45.5,48.5,2.95,1.41,0,0.323394495412844
2025_10_BUF_MIA,2025,10,2025-11-09,MIA,BUF,-8.595783304374345,48.04659241173695,-7.420950840642216,-6.9146105088737535,45.760888837034784,0.2974328641891383,0.2049904725214349,8.595783304374345,6.9146105088737535,2026-08-30T21:10:28.129931+00:00,30.0,13.0,17.0,43.0,7.5,7.5,49.5,49.5,4.45,1.21,1,0.2137809187279152
2025_10_CLE_NYJ,2025,10,2025-11-09,NYJ,CLE,4.113180848418832,40.75393636684096,2.926051423181085,2.7506989114965243,42.1193824007686,0.583772690979113,0.6461108154680099,-4.113180848418832,-2.7506989114965243,2026-08-30T21:10:28.129931+00:00,27.0,20.0,7.0,47.0,-1.5,1.5,37.5,37.5,2.1,1.75,1,0.4545454545454546
2025_10_DET_WAS,2025,10,2025-11-09,WAS,DET,-3.2467666629854337,49.28749410813137,-2.6868314125603807,-1.1792745032415888,46.04190487416947,0.4638665796102804,0.4005926256211787,3.2467666629854337,1.1792745032415888,2026-08-30T21:10:28.129931+00:00,22.0,44.0,-22.0,66.0,3.5,7.5,51.5,48.5,4.35,1.22,0,0.2190305206463196
2025_10_JAX_HOU,2025,10,2025-11-09,HOU,JAX,2.6289973734934247,45.67580885787905,-1.616574093813667,2.0410820524342768,43.873490777187946,0.5623690294921466,0.529755598535728,-2.6289973734934247,-2.0410820524342768,2026-08-30T21:10:28.129931+00:00,36.0,29.0,7.0,65.0,-2.5,-1.5,41.5,37.5,1.9,1.9,1,0.5
2025_10_LA_SF,2025,10,2025-11-09,SF,LA,-2.86918519769834,48.62032953837611,-5.020096669009239,-3.654012531880573,49.45141012346589,0.3893445539203075,0.353570754980377,2.86918519769834,3.654012531880573,2026-08-30T21:10:28.129931+00:00,26.0,42.0,-16.0,68.0,8.5,4.5,47.5,48.5,3.05,1.38,0,0.31151241534988716
2025_10_NE_TB,2025,10,2025-11-09,TB,NE,2.450848908214066,49.625745134034695,4.417119411167414,0.4394051171919241,48.98420701479593,0.5134794355681985,0.416701957427284,-2.450848908214066,-0.4394051171919241,2026-08-30T21:10:28.129931+00:00,23.0,28.0,-5.0,51.0,-1.5,-2.5,47.5,47.5,1.65,2.25,0,0.5769230769230769
2025_10_NO_CAR,2025,10,2025-11-09,CAR,NO,6.6458637467964055,41.47972586853231,5.212847842544521,4.188698340978652,41.44979430328807,0.6263305084534839,0.6448797039370644,-6.6458637467964055,-4.188698340978652,2026-08-30T21:10:28.129931+00:00,7.0,17.0,-10.0,24.0,-3.5,-4.5,40.5,37.5,1.39,3.0,0,0.683371298405467
2025_10_NYG_CHI,2025,10,2025-11-09,CHI,NYG,7.037436838987897,48.62394785011938,5.3132325384723815,6.397011551898291,46.978641993455206,0.6886368132500492,0.6976898236736947,-7.037436838987897,-6.397011551898291,2026-08-30T21:10:28.129931+00:00,24.0,20.0,4.0,44.0,-3.5,-3.5,45.5,44.5,1.44,2.8,1,0.660377358490566
2025_10_PIT_LAC,2025,10,2025-11-09,LAC,PIT,6.646660928385294,47.596272996888096,4.617212627557255,4.526979002539509,46.95671593986976,0.6361426347243433,0.64547372292437,-6.646660928385294,-4.526979002539509,2026-08-30T21:10:28.129931+00:00,25.0,10.0,15.0,35.0,-3.5,-3.5,45.5,44.5,1.53,2.5,1,0.6203473945409429
2025_10_PHI_GB,2025,10,2025-11-10,GB,PHI,5.275191403299212,50.82137533124594,5.654754289410087,6.362355217448523,49.91231037154455,0.6876940671398445,0.7620116875010042,-5.275191403299212,-6.362355217448523,2026-08-30T21:10:28.129931+00:00,7.0,10.0,-3.0,17.0,2.5,5.5,44.5,44.5,1.91,1.89,0,0.4973684210526315
2025_11_NYJ_NE,2025,11,2025-11-13,NE,NYJ,10.848209909656326,47.23754705282321,7.753665049036525,7.930680935413927,44.94033743074296,0.7290504101981661,0.7051932322577318,-10.848209909656326,-7.930680935413927,2026-08-30T21:10:28.129931+00:00,27.0,14.0,13.0,41.0,-10.5,-11.5,44.5,42.5,1.11,6.75,1,0.8587786259541985
2025_11_BAL_CLE,2025,11,2025-11-16,CLE,BAL,-5.214205283652792,42.62545260311655,-8.092744327248802,-2.8487461133167207,40.37041146660159,0.41328793067503,0.36081356208769,5.214205283652792,2.8487461133167207,2026-08-30T21:10:28.129931+00:00,16.0,23.0,-7.0,39.0,7.5,7.5,41.5,37.5,4.2,1.23,0,0.22651933701657456
2025_11_CAR_ATL,2025,11,2025-11-16,ATL,CAR,4.362746824772637,41.73792264725865,6.116391556640023,3.5035466109567253,43.28073717103604,0.6062104177713971,0.6789991105101532,-4.362746824772637,-3.5035466109567253,2026-08-30T21:10:28.129931+00:00,27.0,30.0,-3.0,57.0,-3.5,-3.5,43.5,41.5,1.46,2.75,0,0.6532066508313539
2025_11_CHI_MIN,2025,11,2025-11-16,MIN,CHI,-4.095936737773459,44.95962926894583,-5.782440220072546,-1.8530519664103728,42.62312990172384,0.4433358110735461,0.3944535281154755,4.095936737773459,1.8530519664103728,2026-08-30T21:10:28.129931+00:00,17.0,19.0,-2.0,36.0,-2.5,-2.5,45.5,47.5,1.63,2.3,0,0.5852417302798981
2025_11_CIN_PIT,2025,11,2025-11-16,PIT,CIN,2.842967263368374,46.1575506472864,3.304121267020991,1.608859426999163,44.8066437473948,0.5492379838466931,0.4424686268547509,-2.842967263368374,-1.608859426999163,2026-08-30T21:10:28.129931+00:00,34.0,12.0,22.0,46.0,-5.5,-4.5,49.5,47.5,1.39,3.0,1,0.683371298405467
2025_11_DET_PHI,2025,11,2025-11-16,PHI,DET,-0.6397043057334478,51.54828237262965,2.6721821133882604,-2.2138737323803026,49.82265604397993,0.4323998418234564,0.3835281845515081,0.6397043057334478,2.2138737323803026,2026-08-30T21:10:28.129931+00:00,16.0,9.0,7.0,25.0,-1.5,-2.5,48.5,45.5,1.67,2.2,1,0.5684754521963824
2025_11_GB_NYG,2025,11,2025-11-16,NYG,GB,-7.353226433707586,49.16642778444738,-10.515389026802293,-6.529458431039794,46.27205042117907,0.3077716999367899,0.218039319138055,7.353226433707586,6.529458431039794,2026-08-30T21:10:28.129931+00:00,20.0,27.0,-7.0,47.0,6.5,7.5,45.5,41.5,4.1,1.24,0,0.23220973782771534
2025_11_HOU_TEN,2025,11,2025-11-16,TEN,HOU,-11.27911770281444,41.57236400061899,-8.799547810220773,-5.391423602571353,40.73367525196125,0.339198728967888,0.2366563702644775,11.27911770281444,5.391423602571353,2026-08-30T21:10:28.129931+00:00,13.0,16.0,-3.0,29.0,7.5,4.5,37.5,36.5,3.05,1.38,0,0.31151241534988716
2025_11_KC_DEN,2025,11,2025-11-16,DEN,KC,-0.8922385108925595,44.762561946450965,-1.504470232411248,-0.0131504834914314,48.02446680801817,0.4995965117409082,0.429603825563217,0.8922385108925595,0.0131504834914314,2026-08-30T21:10:28.129931+00:00,22.0,19.0,3.0,41.0,3.5,3.5,44.5,44.5,2.8,1.44,1,0.33962264150943394
2025_11_LAC_JAX,2025,11,2025-11-16,JAX,LAC,-3.7880282636150575,45.61758908910566,-4.466973555061064,-4.104674272170896,42.19597458358693,0.3761197189173402,0.2796985406758738,3.7880282636150575,4.104674272170896,2026-08-30T21:10:28.129931+00:00,35.0,6.0,29.0,41.0,1.5,2.5,44.5,42.5,2.25,1.66,1,0.4245524296675191
2025_11_SEA_LA,2025,11,2025-11-16,LA,SEA,3.2338325603550886,51.26832567003323,6.383870183127958,4.118263091749238,50.26680870084559,0.6242768864875011,0.6000075200687345,-3.2338325603550886,-4.118263091749238,2026-08-30T21:10:28.129931+00:00,21.0,19.0,2.0,40.0,-2.5,2.5,47.5,48.5,1.55,2.45,1,0.6125
2025_11_SF_ARI,2025,11,2025-11-16,ARI,SF,-2.9921244872200776,46.92516841585076,-2.806302579418768,-4.737690721269745,47.64428467272213,0.3577898388286321,0.2532387974823801,2.9921244872200776,4.737690721269745,2026-08-30T21:10:28.129931+00:00,22.0,41.0,-19.0,63.0,1.5,3.5,46.5,47.5,2.5,1.53,0,0.3796526054590571
2025_11_TB_BUF,2025,11,2025-11-16,BUF,TB,4.165064698255949,50.911346639910064,3.409570443431084,4.393783905185055,49.63639412362125,0.6322894312011036,0.6494543728442482,-4.165064698255949,-4.393783905185055,2026-08-30T21:10:28.129931+00:00,44.0,32.0,12.0,76.0,-4.5,-6.5,49.5,44.5,1.32,3.4,1,0.7203389830508474
2025_11_WAS_MIA,2025,11,2025-11-16,MIA,WAS,2.9859918361266677,49.34606468484743,4.420873717516304,2.049147010068576,46.71247683300693,0.5626134396160345,0.4823078786105482,-2.9859918361266677,-2.049147010068576,2026-08-30T21:10:28.129931+00:00,16.0,13.0,3.0,29.0,1.5,-2.5,45.5,47.5,1.67,2.2,1,0.5684754521963824
2025_11_DAL_LV,2025,11,2025-11-17,LV,DAL,-5.599320773106859,44.2504233662332,-5.119061243016286,-3.900061239132239,44.023804991860914,0.3821071864064604,0.2832502858340869,5.599320773106859,3.900061239132239,2026-08-30T21:10:28.129931+00:00,16.0,33.0,-17.0,49.0,3.5,3.5,48.5,47.5,2.75,1.45,0,0.3452380952380952
2025_12_BUF_HOU,2025,12,2025-11-20,HOU,BUF,0.0586395815633298,50.0366425713681,-2.7139663961564344,-0.962336518871494,46.65699428517525,0.4705001461009641,0.406419225959803,-0.0586395815633298,0.962336518871494,2026-08-30T21:10:28.129931+00:00,23.0,19.0,4.0,42.0,2.5,4.5,44.5,43.5,3.1,1.37,1,0.30648769574944074
2025_12_ATL_NO,2025,12,2025-11-23,NO,ATL,-2.398461685782608,41.04630953731957,-0.783402156639885,-4.527574031313048,43.25014585140448,0.3638401821917835,0.274173082327203,2.398461685782608,4.527574031313048,2026-08-30T21:10:28.129931+00:00,10.0,24.0,-14.0,34.0,-1.5,-1.5,39.5,40.5,1.84,1.97,0,0.5170603674540682
2025_12_CLE_LV,2025,12,2025-11-23,LV,CLE,1.4131893082593736,36.571902359899006,3.3279649829706512,2.5453698758756795,40.74879159327244,0.577602072194753,0.652929225299641,-1.4131893082593736,-2.5453698758756795,2026-08-30T21:10:28.129931+00:00,10.0,24.0,-14.0,34.0,-2.5,-3.5,37.5,35.5,1.59,2.35,0,0.5964467005076142
2025_12_IND_KC,2025,12,2025-11-23,KC,IND,0.3850041688754098,49.86784773204516,3.340020603851583,0.5741316663821375,50.57746115836089,0.5176100117861046,0.4895766476314382,-0.3850041688754098,-0.5741316663821375,2026-08-30T21:10:28.129931+00:00,23.0,20.0,3.0,43.0,-3.5,-3.5,49.5,49.5,1.44,2.8,1,0.660377358490566
2025_12_JAX_ARI,2025,12,2025-11-23,ARI,JAX,-0.1118608406352047,45.2799274396526,1.190519020960448,-0.6892366201198298,44.60129567027454,0.4788624694446483,0.4441766096285176,0.1118608406352047,0.6892366201198298,2026-08-30T21:10:28.129931+00:00,24.0,27.0,-3.0,51.0,1.5,1.5,46.5,46.5,2.1,1.75,0,0.4545454545454546
2025_12_MIN_GB,2025,12,2025-11-23,GB,MIN,11.19277966558009,45.21138311738019,14.58275096738057,9.731149998992672,46.62094372303781,0.7728955150141319,0.8470460281227677,-11.19277966558009,-9.731149998992672,2026-08-30T21:10:28.129931+00:00,23.0,6.0,17.0,29.0,-5.5,-5.5,42.5,40.5,1.34,3.3,1,0.7112068965517242
2025_12_NE_CIN,2025,12,2025-11-23,CIN,NE,-7.222544832698158,51.164336152367454,-3.405167718775748,-4.086486227158344,46.0900427823082,0.3766507627738971,0.2956273517167869,7.222544832698158,4.086486227158344,2026-08-30T21:10:28.129931+00:00,20.0,26.0,-6.0,46.0,5.5,7.5,50.5,50.5,3.8,1.27,0,0.2504930966469428
2025_12_NYG_DET,2025,12,2025-11-23,DET,NYG,9.98793471767767,49.51843563823949,8.095897425424035,9.79485982080122,46.64606442390732,0.7743700930164412,0.7813382945395447,-9.98793471767767,-9.79485982080122,2026-08-30T21:10:28.129931+00:00,34.0,27.0,7.0,61.0,-10.5,-12.5,48.5,50.5,1.09,7.5,1,0.8731082654249126
2025_12_NYJ_BAL,2025,12,2025-11-23,BAL,NYJ,9.746147074081264,44.93445223689311,12.110515563973552,10.17703299064556,42.493013300381165,0.7831010155815161,0.7973657666475784,-9.746147074081264,-10.17703299064556,2026-08-30T21:10:28.129931+00:00,23.0,10.0,13.0,33.0,-13.5,-13.5,44.5,44.5,1.08,8.0,1,0.8810572687224669
2025_12_PHI_DAL,2025,12,2025-11-23,DAL,PHI,0.2824274525216039,48.13590714430106,-1.204587685821843,3.8601519835332807,48.9010997773675,0.6167216292947234,0.6740739326142217,-0.2824274525216039,-3.8601519835332807,2026-08-30T21:10:28.129931+00:00,24.0,21.0,3.0,45.0,3.5,2.5,51.5,47.5,2.35,1.61,1,0.4065656565656566
2025_12_PIT_CHI,2025,12,2025-11-23,CHI,PIT,4.279665559848126,47.67253808686096,5.174194843374921,4.891933779162246,47.31049201897131,0.6466290831984524,0.7430200247763094,-4.279665559848126,-4.891933779162246,2026-08-30T21:10:28.129931+00:00,31.0,28.0,3.0,59.0,-2.5,-2.5,44.5,45.5,1.64,2.25,1,0.5784061696658098
2025_12_SEA_TEN,2025,12,2025-11-23,TEN,SEA,-13.754592342300391,45.55639147007896,-11.325030077497964,-8.208935190388207,42.76598321911406,0.2639078310197755,0.1963801643339538,13.754592342300391,8.208935190388207,2026-08-30T21:10:28.129931+00:00,24.0,30.0,-6.0,54.0,11.5,11.5,42.5,40.5,6.75,1.11,0,0.14122137404580154
2025_12_TB_LA,2025,12,2025-11-23,LA,TB,8.385746636987076,49.29123213815507,5.871060072282845,8.612450096956731,47.57390069470858,0.7461355045381524,0.768516676264318,-8.385746636987076,-8.612450096956731,2026-08-30T21:10:28.129931+00:00,34.0,7.0,27.0,41.0,-5.5,-7.5,48.5,49.5,1.26,3.9,1,0.755813953488372
2025_12_CAR_SF,2025,12,2025-11-24,SF,CAR,10.147329530602477,48.665931569691466,12.379924526253976,8.1205763158949,46.40581559788117,0.7338662250567173,0.7932046554978125,-10.147329530602477,-8.1205763158949,2026-08-30T21:10:28.129931+00:00,20.0,9.0,11.0,29.0,-6.5,-7.5,47.5,48.5,1.26,3.9,1,0.755813953488372
2025_13_CIN_BAL,2025,13,2025-11-27,BAL,CIN,7.769762127923869,46.40982115072326,8.024252256055158,5.220402396837947,43.21329764392182,0.6559731712877727,0.6800434741346254,-7.769762127923869,-5.220402396837947,2026-08-30T21:10:28.129931+00:00,14.0,32.0,-18.0,46.0,-6.5,-7.5,52.5,51.5,1.24,4.1,0,0.7677902621722846
2025_13_GB_DET,2025,13,2025-11-27,DET,GB,-2.2259031915754264,49.91380481944132,-4.752123125901187,-0.8351256863259883,50.04739799941414,0.4743939507966686,0.4046073107634463,2.2259031915754264,0.8351256863259883,2026-08-30T21:10:28.129931+00:00,24.0,31.0,-7.0,55.0,2.5,2.5,48.5,47.5,1.62,2.3,0,0.586734693877551
2025_13_KC_DAL,2025,13,2025-11-27,DAL,KC,-1.9232758753452672,51.13521799842395,-3.153095168305903,-2.1862001146936056,50.50768288124732,0.4332368664400081,0.3535506688155624,1.9232758753452672,2.1862001146936056,2026-08-30T21:10:28.129931+00:00,31.0,28.0,3.0,59.0,3.5,3.5,51.5,54.5,2.55,1.52,1,0.3734643734643735
2025_13_CHI_PHI,2025,13,2025-11-28,PHI,CHI,2.9528416940623265,48.47530469015732,4.6407177428078334,0.1027693174731472,46.31519181736268,0.5031531759535376,0.4528716491914829,-2.9528416940623265,-0.1027693174731472,2026-08-30T21:10:28.129931+00:00,15.0,24.0,-9.0,39.0,-6.5,-7.5,44.5,43.5,1.27,3.8,0,0.7495069033530573
2025_13_ARI_TB,2025,13,2025-11-30,TB,ARI,3.2221375691319034,44.44862625204435,4.957173334054232,2.07136995047398,42.40975507815413,0.5632867862946969,0.5373547070165581,-3.2221375691319034,-2.07136995047398,2026-08-30T21:10:28.129931+00:00,20.0,17.0,3.0,37.0,-5.5,-3.5,48.5,44.5,1.47,2.7,1,0.6474820143884892
2025_13_ATL_NYJ,2025,13,2025-11-30,NYJ,ATL,-4.492266453564207,42.23728261362609,-3.648533659999862,-5.368066463475798,42.66354213208344,0.3398565914650158,0.2657658979303328,4.492266453564207,5.368066463475798,2026-08-30T21:10:28.129931+00:00,27.0,24.0,3.0,51.0,1.5,2.5,38.5,37.5,2.35,1.61,1,0.4065656565656566
2025_13_BUF_PIT,2025,13,2025-11-30,PIT,BUF,-0.2086462628620451,49.39300287542982,-0.1531732998318583,-2.5575952174348746,46.57666612936794,0.4220299780843329,0.311695582628932,0.2086462628620451,2.5575952174348746,2026-08-30T21:10:28.129931+00:00,7.0,26.0,-19.0,33.0,3.5,8.5,47.5,44.5,2.3,1.57,0,0.40568475452196384
2025_13_DEN_WAS,2025,13,2025-11-30,WAS,DEN,-2.929236051530064,45.230570539177386,-3.9084128633554047,0.9269880892745,46.71604186425145,0.5284181384495452,0.5256709348796763,2.929236051530064,-0.9269880892745,2026-08-30T21:10:28.129931+00:00,26.0,27.0,-1.0,53.0,6.5,5.5,43.5,42.5,3.3,1.34,0,0.2887931034482759
2025_13_HOU_IND,2025,13,2025-11-30,IND,HOU,5.331825190495877,44.91776312107101,4.47315616781502,6.5413923671596494,46.19373045899942,0.692551010023567,0.7136835100230248,-5.331825190495877,-6.5413923671596494,2026-08-30T21:10:28.129931+00:00,16.0,20.0,-4.0,36.0,-3.5,2.5,45.5,44.5,1.57,2.4,0,0.6045340050377834
2025_13_JAX_TEN,2025,13,2025-11-30,TEN,JAX,-9.319418529520618,40.98342485862462,-9.190269583393048,-5.3292045610787016,41.43622655832873,0.3409522321224424,0.2494151452098197,9.319418529520618,5.3292045610787016,2026-08-30T21:10:28.129931+00:00,3.0,25.0,-22.0,28.0,7.5,4.5,42.5,41.5,3.25,1.35,0,0.29347826086956524
2025_13_LA_CAR,2025,13,2025-11-30,CAR,LA,-10.644854159087252,46.74359523772516,-10.727210729966032,-6.506186054478056,43.54407117899751,0.3084014446067082,0.2109953310936211,10.644854159087252,6.506186054478056,2026-08-30T21:10:28.129931+00:00,31.0,28.0,3.0,59.0,7.5,10.5,44.5,44.5,5.0,1.17,1,0.18962722852512157
2025_13_LV_LAC,2025,13,2025-11-30,LAC,LV,11.343550456212832,38.598806145928606,11.214186893570425,8.097877177223324,40.41607472025752,0.7332928555242918,0.8146710542541907,-11.343550456212832,-8.097877177223324,2026-08-30T21:10:28.129931+00:00,31.0,14.0,17.0,45.0,-10.5,-8.5,41.5,40.5,1.18,4.95,1,0.8075040783034257
2025_13_MIN_SEA,2025,13,2025-11-30,SEA,MIN,14.82568320864682,45.36531285334792,10.515229944327798,11.876380542592276,45.07020299113072,0.8194851617568395,0.825031231913654,-14.82568320864682,-11.876380542592276,2026-08-30T21:10:28.129931+00:00,26.0,0.0,26.0,26.0,-7.5,-11.5,42.5,41.5,1.11,6.75,1,0.8587786259541985
2025_13_NO_MIA,2025,13,2025-11-30,MIA,NO,6.840258345076785,43.31714910379462,6.4091943245264265,5.589434143583412,42.43343493377866,0.6663584581364614,0.6579612224025967,-6.840258345076785,-5.589434143583412,2026-08-30T21:10:28.129931+00:00,21.0,17.0,4.0,38.0,-4.5,-4.5,42.5,41.5,1.39,3.0,1,0.683371298405467
2025_13_SF_CLE,2025,13,2025-11-30,CLE,SF,-7.505989902047446,41.82231247410419,-7.731497970859128,-1.9436826340544668,40.6350695170097,0.4405845315015373,0.454137973181621,7.505989902047446,1.9436826340544668,2026-08-30T21:10:28.129931+00:00,8.0,26.0,-18.0,34.0,5.5,4.5,41.5,34.5,3.0,1.39,0,0.316628701594533
2025_13_NYG_NE,2025,13,2025-12-01,NE,NYG,11.42833237000294,52.06081616650569,10.184736557272483,8.42715624495878,47.12654216491051,0.7415486527776975,0.6834940544728465,-11.42833237000294,-8.42715624495878,2026-08-30T21:10:28.129931+00:00,33.0,15.0,18.0,48.0,-7.5,-7.5,45.5,46.5,1.23,4.05,1,0.7670454545454546
2025_14_DAL_DET,2025,14,2025-12-04,DET,DAL,3.3379654099567078,52.85529577444566,1.5002777603999369,2.404031589338336,51.90438748552379,0.5733433340065093,0.5751025348729252,-3.3379654099567078,-2.404031589338336,2026-08-30T21:10:28.129931+00:00,44.0,30.0,14.0,74.0,-3.5,-3.5,53.5,54.5,1.51,2.55,1,0.6280788177339901
2025_14_CHI_GB,2025,14,2025-12-07,GB,CHI,7.729010947497716,48.275732241858776,7.660820577190807,6.495632387756976,48.965295185126905,0.6913127897657829,0.7291303630335062,-7.729010947497716,-6.495632387756976,2026-08-30T21:10:28.129931+00:00,28.0,21.0,7.0,49.0,-4.5,-6.5,44.5,43.5,1.32,3.4,1,0.7203389830508474
2025_14_CIN_BUF,2025,14,2025-12-07,BUF,CIN,11.061478392825965,49.18906086687803,5.744750899970092,9.172401354089931,46.00401367717764,0.7597328610502896,0.7673073202575748,-11.061478392825965,-9.172401354089931,2026-08-30T21:10:28.129931+00:00,39.0,34.0,5.0,73.0,-4.5,-4.5,51.5,53.5,1.35,3.25,1,0.7065217391304348
2025_14_DEN_LV,2025,14,2025-12-07,LV,DEN,-12.590448075542842,39.54874941564847,-12.293451668273551,-5.099058191935694,41.68207489751563,0.3474680424346164,0.2459471804692166,12.590448075542842,5.099058191935694,2026-08-30T21:10:28.129931+00:00,17.0,24.0,-7.0,41.0,7.5,7.5,40.5,39.5,4.45,1.21,0,0.2137809187279152
2025_14_HOU_KC,2025,14,2025-12-07,KC,HOU,5.725256814218438,47.6809136074152,7.722948659127715,5.886669362886658,47.787117287660486,0.6746320010800779,0.6995589049201761,-5.725256814218438,-5.886669362886658,2026-08-30T21:10:28.129931+00:00,10.0,20.0,-10.0,30.0,-3.5,-4.5,42.5,41.5,1.43,2.85,0,0.6658878504672897
2025_14_IND_JAX,2025,14,2025-12-07,JAX,IND,-2.87028055233129,45.0876254167496,-3.067790929858475,-2.8751349611507457,44.25448393992245,0.4124976357858143,0.3084408903444603,2.87028055233129,2.8751349611507457,2026-08-30T21:10:28.129931+00:00,36.0,19.0,17.0,55.0,1.5,1.5,47.5,44.5,2.15,1.71,1,0.4430051813471503
2025_14_LA_ARI,2025,14,2025-12-07,ARI,LA,-8.402209240754607,46.53074881797497,-8.311415522544921,-6.324002363032683,46.03030228084072,0.3133506683310206,0.215649997451308,8.402209240754607,6.324002363032683,2026-08-30T21:10:28.129931+00:00,17.0,45.0,-28.0,62.0,7.5,8.5,47.5,48.5,4.75,1.19,0,0.20033670033670034
2025_14_MIA_NYJ,2025,14,2025-12-07,NYJ,MIA,-2.9548303098474373,43.25528962338375,-2.7006449027615296,-1.907043079412216,42.48255542772647,0.4416964625724664,0.3672850239248802,2.9548303098474373,1.907043079412216,2026-08-30T21:10:28.129931+00:00,10.0,34.0,-24.0,44.0,2.5,2.5,41.5,40.5,2.2,1.67,0,0.43152454780361754
2025_14_NO_TB,2025,14,2025-12-07,TB,NO,5.45912750999283,40.28382642705666,7.547265289314289,2.8847299361392413,41.27185344807274,0.587789627392616,0.684685993100029,-5.45912750999283,-2.8847299361392413,2026-08-30T21:10:28.129931+00:00,20.0,24.0,-4.0,44.0,-7.5,-7.5,42.5,41.5,1.23,4.2,0,0.7734806629834253
2025_14_PIT_BAL,2025,14,2025-12-07,BAL,PIT,3.6541027879868784,43.06209820104119,6.748348300157064,2.6803683119875217,42.24106309405567,0.5816613349394631,0.5634861227212584,-3.6541027879868784,-2.6803683119875217,2026-08-30T21:10:28.129931+00:00,22.0,27.0,-5.0,49.0,-6.5,-4.5,44.5,43.5,1.36,3.15,0,0.6984478935698448
2025_14_SEA_ATL,2025,14,2025-12-07,ATL,SEA,-2.7377966082075416,46.01976790515618,1.2436864632001992,-3.142527803093515,45.45367194851556,0.4045102676903374,0.3106107264504707,2.7377966082075416,3.142527803093515,2026-08-30T21:10:28.129931+00:00,9.0,37.0,-28.0,46.0,7.5,6.5,43.5,44.5,3.65,1.29,0,0.2611336032388664
2025_14_TEN_CLE,2025,14,2025-12-07,CLE,TEN,8.008464074606001,35.80887699194705,8.483539393059816,4.853877818074648,41.613447497546254,0.6455406228892998,0.7057900009715393,-8.008464074606001,-4.853877818074648,2026-08-30T21:10:28.129931+00:00,29.0,31.0,-2.0,60.0,-3.5,-3.5,33.5,33.5,1.47,2.7,0,0.6474820143884892
2025_14_WAS_MIN,2025,14,2025-12-07,MIN,WAS,-3.922325802944733,42.44781162928601,-6.396191735313846,-2.217320169932464,42.72744407015215,0.4322956209915214,0.3951376290237888,3.922325802944733,2.217320169932464,2026-08-30T21:10:28.129931+00:00,31.0,0.0,31.0,31.0,-1.5,1.5,41.5,43.5,1.91,1.89,1,0.4973684210526315
2025_14_PHI_LAC,2025,14,2025-12-08,LAC,PHI,2.5796633439212835,44.46902015649464,1.461492997387431,0.8656070230089785,42.28241108183986,0.5265392913820449,0.4312093208001318,-2.5796633439212835,-0.8656070230089785,2026-08-30T21:10:28.129931+00:00,22.0,19.0,3.0,41.0,2.5,1.5,40.5,41.5,1.98,1.83,1,0.48031496062992135
2025_15_ATL_TB,2025,15,2025-12-11,TB,ATL,1.5047515294267324,42.591771227002376,2.3260410234096094,-1.444928154252164,42.60761246161153,0.4557572254295398,0.4863181642708157,-1.5047515294267324,1.444928154252164,2026-08-30T21:10:28.129931+00:00,28.0,29.0,-1.0,57.0,-4.5,-4.5,43.5,43.5,1.37,3.1,0,0.6935123042505593
2025_15_ARI_HOU,2025,15,2025-12-14,HOU,ARI,8.466537058686342,44.018340009816605,8.192874461473826,4.5535490889200245,43.70668065918983,0.6369096513560464,0.5992814955946426,-8.466537058686342,-4.5535490889200245,2026-08-30T21:10:28.129931+00:00,40.0,20.0,20.0,60.0,-7.5,-10.5,42.5,41.5,1.17,5.0,1,0.8103727714748785
2025_15_BAL_CIN,2025,15,2025-12-14,CIN,BAL,-0.7216276859927547,45.35307964284681,-0.4987036801930508,-1.3158832484317764,43.0720577527111,0.4596943652529028,0.4888866510386733,0.7216276859927547,1.3158832484317764,2026-08-30T21:10:28.129931+00:00,0.0,24.0,-24.0,24.0,1.5,8.5,51.5,51.5,2.35,1.6,0,0.40506329113924056
2025_15_BUF_NE,2025,15,2025-12-14,NE,BUF,1.002258816757612,52.55770823225895,-0.8257514589811523,1.126757607502763,50.66308800240487,0.5345284004928544,0.4679991253876264,-1.002258816757612,-1.126757607502763,2026-08-30T21:10:28.129931+00:00,31.0,35.0,-4.0,66.0,1.5,1.5,48.5,48.5,2.1,1.73,0,0.4516971279373368
2025_15_CAR_NO,2025,15,2025-12-14,NO,CAR,0.7853594671540307,40.850674002385965,3.201740577953505,-0.2178544490251833,42.2197664137153,0.4933160164954505,0.4020165194363009,-0.7853594671540307,0.2178544490251833,2026-08-30T21:10:28.129931+00:00,20.0,17.0,3.0,37.0,1.5,2.5,39.5,41.5,2.2,1.69,1,0.43444730077120824
2025_15_CLE_CHI,2025,15,2025-12-14,CHI,CLE,10.182061858892274,41.89201095250815,10.415967192876312,7.367148977880814,42.83944931099217,0.7145079309051969,0.8335746383219458,-10.182061858892274,-7.367148977880814,2026-08-30T21:10:28.129931+00:00,31.0,3.0,28.0,34.0,-7.5,-7.5,39.5,37.5,1.25,4.0,1,0.7619047619047619
2025_15_DET_LA,2025,15,2025-12-14,LA,DET,8.865380128992438,53.42907246531081,9.550617573871842,7.551589825915576,50.90243666589329,0.7193083046487904,0.7418331158720457,-8.865380128992438,-7.551589825915576,2026-08-30T21:10:28.129931+00:00,41.0,34.0,7.0,75.0,-3.5,-4.5,51.5,53.5,1.41,2.95,1,0.676605504587156
2025_15_GB_DEN,2025,15,2025-12-14,DEN,GB,-0.0431816757686163,47.49357720320643,-0.1091899283615739,-1.7023386350765997,50.72297097121125,0.4479170132851567,0.3826598464962268,0.0431816757686163,1.7023386350765997,2026-08-30T21:10:28.129931+00:00,34.0,26.0,8.0,60.0,1.5,1.5,41.5,41.5,2.0,1.81,1,0.4750656167979003
2025_15_IND_SEA,2025,15,2025-12-14,SEA,IND,6.531413392146831,48.60653264132014,3.27602419008903,3.94149424520541,47.71581916841127,0.6191075737306474,0.616755785929777,-6.531413392146831,-3.94149424520541,2026-08-30T21:10:28.129931+00:00,18.0,16.0,2.0,34.0,-10.5,-12.5,42.5,41.5,1.11,6.75,1,0.8587786259541985
2025_15_LAC_KC,2025,15,2025-12-14,KC,LAC,4.631615351552403,43.531209347598896,5.326171654406062,7.668265159071472,44.80688532187674,0.722324672753923,0.8031007190665359,-4.631615351552403,-7.668265159071472,2026-08-30T21:10:28.129931+00:00,13.0,16.0,-3.0,29.0,-4.5,-4.5,44.5,41.5,1.37,3.1,0,0.6935123042505593
2025_15_LV_PHI,2025,15,2025-12-14,PHI,LV,14.343755628746946,41.18407517030466,17.16826069948855,10.665879542749808,43.11044519551217,0.7939791437674032,0.7890870764740929,-14.343755628746946,-10.665879542749808,2026-08-30T21:10:28.129931+00:00,31.0,0.0,31.0,31.0,-12.5,-11.5,38.5,36.5,1.11,6.75,1,0.8587786259541985
2025_15_MIN_DAL,2025,15,2025-12-14,DAL,MIN,6.735573126516519,44.00144831108105,8.26990893494186,7.539556269525351,45.14882846942059,0.7189963058103812,0.7652325575312485,-6.735573126516519,-7.539556269525351,2026-08-30T21:10:28.129931+00:00,26.0,34.0,-8.0,60.0,-5.5,-4.5,47.5,47.5,1.39,3.0,0,0.683371298405467
2025_15_NYJ_JAX,2025,15,2025-12-14,JAX,NYJ,12.942432666557115,42.25737533582861,14.44549455393824,11.22579961872212,42.40897549516832,0.8060327044366026,0.835676536185648,-12.942432666557115,-11.22579961872212,2026-08-30T21:10:28.129931+00:00,48.0,20.0,28.0,68.0,-10.5,-13.5,41.5,40.5,1.1,7.0,1,0.8641975308641975
2025_15_TEN_SF,2025,15,2025-12-14,SF,TEN,17.903983154121434,42.694223603144586,18.871356314257994,10.72041223997571,46.6370781910693,0.7951722505521052,0.8361010208438493,-17.903983154121434,-10.72041223997571,2026-08-30T21:10:28.129931+00:00,37.0,24.0,13.0,61.0,-12.5,-11.5,44.5,43.5,1.11,6.75,1,0.8587786259541985
2025_15_WAS_NYG,2025,15,2025-12-14,NYG,WAS,0.8100537694750887,46.84112351390248,0.400551067779885,-0.8379840766733176,46.85466639272614,0.4743064298691394,0.4454343297183809,-0.8100537694750887,0.8379840766733176,2026-08-30T21:10:28.129931+00:00,21.0,29.0,-8.0,50.0,-1.5,-2.5,45.5,45.5,1.69,2.2,0,0.5655526992287918
2025_15_MIA_PIT,2025,15,2025-12-15,PIT,MIA,1.0072842028593278,45.516328540900645,2.6691347343808176,0.0524309239126726,42.94611540081887,0.5016087019538289,0.4975355468838898,-1.0072842028593278,-0.0524309239126726,2026-08-30T21:10:28.129931+00:00,28.0,15.0,13.0,43.0,-3.5,-2.5,41.5,43.5,1.58,2.35,1,0.5979643765903307
2025_16_LA_SEA,2025,16,2025-12-18,SEA,LA,-1.4430909118640716,50.6437942166266,-3.290603041152893,-1.5564896389336365,49.84438237286048,0.4523569859021128,0.3734877394843346,1.4430909118640716,1.5564896389336365,2026-08-30T21:10:28.129931+00:00,38.0,37.0,1.0,75.0,5.5,-1.5,46.5,41.5,1.8,2.0,1,0.5263157894736842
2025_16_GB_CHI,2025,16,2025-12-20,CHI,GB,-1.3278951457627242,49.343930546858005,-3.612287600123279,0.4336848764464187,51.08410450905413,0.513304023777482,0.41510815347531,1.3278951457627242,-0.4336848764464187,2026-08-30T21:10:28.129931+00:00,22.0,16.0,6.0,38.0,3.5,-1.5,45.5,44.5,1.85,1.96,1,0.5144356955380577
2025_16_PHI_WAS,2025,16,2025-12-20,WAS,PHI,-6.993448286559072,45.56502387791946,-6.4388791485586605,-0.3241194781304609,45.14121513496202,0.4900562680141936,0.3974759923104954,6.993448286559072,0.3241194781304609,2026-08-30T21:10:28.129931+00:00,18.0,29.0,-11.0,47.0,4.5,7.5,44.5,43.5,3.8,1.27,0,0.2504930966469428
2025_16_ATL_ARI,2025,16,2025-12-21,ARI,ATL,-1.4538080082328833,44.543700087514935,-1.532416541986067,-2.571159149622598,45.23527134630209,0.4216218200478689,0.4178500819469319,1.4538080082328833,2.571159149622598,2026-08-30T21:10:28.129931+00:00,19.0,26.0,-7.0,45.0,1.5,2.5,45.5,47.5,2.25,1.66,0,0.4245524296675191
2025_16_BUF_CLE,2025,16,2025-12-21,CLE,BUF,-11.070484714700385,43.69737240383094,-10.402308835240571,-3.4494557584781784,41.44820734701413,0.3953909423590386,0.3268396772667709,11.070484714700385,3.4494557584781784,2026-08-30T21:10:28.129931+00:00,20.0,23.0,-3.0,43.0,10.5,10.5,41.5,40.5,5.25,1.16,0,0.1809672386895476
2025_16_CIN_MIA,2025,16,2025-12-21,MIA,CIN,7.529819912361103,45.64076771511108,-1.343151632073202,5.699868271777131,45.01643480885042,0.669442119433973,0.6385741003681602,-7.529819912361103,-5.699868271777131,2026-08-30T21:10:28.129931+00:00,21.0,45.0,-24.0,66.0,-1.5,3.5,49.5,47.5,2.7,1.47,0,0.35251798561151076
2025_16_JAX_DEN,2025,16,2025-12-21,DEN,JAX,4.7828534459597005,46.354187342980005,7.036446907856339,3.22557075363605,48.1746464991937,0.5979624213050638,0.5973323934093235,-4.7828534459597005,-3.22557075363605,2026-08-30T21:10:28.129931+00:00,20.0,34.0,-14.0,54.0,-2.5,-3.5,43.5,45.5,1.54,2.5,0,0.6188118811881189
2025_16_KC_TEN,2025,16,2025-12-21,TEN,KC,-9.354132259901675,44.02862096825123,-8.472611530470566,-6.892528705254788,43.29522407891695,0.2980213126660584,0.2059294498310472,9.354132259901675,6.892528705254788,2026-08-30T21:10:28.129931+00:00,26.0,9.0,17.0,35.0,3.5,8.5,37.5,37.5,2.4,1.57,1,0.3954659949622167
2025_16_LAC_DAL,2025,16,2025-12-21,DAL,LAC,1.1564436423081772,46.24839477388345,0.035772862438804,5.279299000010633,46.85994829297243,0.6576388027685793,0.7605569075497485,-1.1564436423081772,-5.279299000010633,2026-08-30T21:10:28.129931+00:00,17.0,34.0,-17.0,51.0,-1.5,-1.5,49.5,50.5,1.82,1.99,0,0.5223097112860893
2025_16_LV_HOU,2025,16,2025-12-21,HOU,LV,18.333299734493902,40.66279641425913,17.197663549569516,11.44251872865873,42.06815957344393,0.8105803065352375,0.804780106491756,-18.333299734493902,-11.44251872865873,2026-08-30T21:10:28.129931+00:00,23.0,21.0,2.0,44.0,-13.5,-13.5,37.5,38.5,1.09,7.5,1,0.8731082654249126
2025_16_MIN_NYG,2025,16,2025-12-21,NYG,MIN,0.5596741965055406,43.84882580617158,2.317389010646876,3.21048555538322,44.872900109191605,0.5975135322594131,0.6628157324805553,-0.5596741965055406,-3.21048555538322,2026-08-30T21:10:28.129931+00:00,13.0,16.0,-3.0,29.0,1.5,2.5,42.5,41.5,2.2,1.67,0,0.43152454780361754
2025_16_NE_BAL,2025,16,2025-12-21,BAL,NE,-2.180797509783064,50.38815038949239,4.173880703903633,-4.134060652783916,48.83184098274237,0.3752622084618703,0.2628571401955397,2.180797509783064,4.134060652783916,2026-08-30T21:10:28.129931+00:00,24.0,28.0,-4.0,52.0,-2.5,-3.5,47.5,47.5,1.5,2.6,0,0.6341463414634148
2025_16_NYJ_NO,2025,16,2025-12-21,NO,NYJ,9.085007404936563,39.9309307143464,9.133877505704804,8.877119408499432,41.17411032172394,0.7526123904333609,0.7923629556075547,-9.085007404936563,-8.877119408499432,2026-08-30T21:10:28.129931+00:00,29.0,6.0,23.0,35.0,-3.5,-6.5,39.5,39.5,1.33,3.35,1,0.7158119658119658
2025_16_PIT_DET,2025,16,2025-12-21,DET,PIT,3.838087021709666,50.95359245525195,1.3302175757761252,3.615025765231476,47.51242325815839,0.6095050715344377,0.5977882347466074,-3.838087021709666,-3.615025765231476,2026-08-30T21:10:28.129931+00:00,24.0,29.0,-5.0,53.0,-6.5,-7.5,48.5,51.5,1.24,4.1,0,0.7677902621722846
2025_16_TB_CAR,2025,16,2025-12-21,CAR,TB,0.5531643594241525,44.6685276911598,-3.2267225553465977,0.0357359664169826,44.73916490088556,0.5010964636540518,0.4804107842375631,-0.5531643594241525,-0.0357359664169826,2026-08-30T21:10:28.129931+00:00,23.0,20.0,3.0,43.0,1.5,2.5,44.5,44.5,2.3,1.63,1,0.41475826972010177
2025_16_SF_IND,2025,16,2025-12-22,IND,SF,1.758722712035246,48.67666321262071,3.053404896619148,-1.3080821164114655,49.22644762725161,0.4599325072425257,0.3624068333242361,-1.758722712035246,1.3080821164114655,2026-08-30T21:10:28.129931+00:00,27.0,48.0,-21.0,75.0,4.5,3.5,45.5,45.5,2.8,1.44,0,0.33962264150943394
2025_17_DAL_WAS,2025,17,2025-12-25,WAS,DAL,-0.8421233771997529,49.90609727802474,-3.1916201641757502,-2.832294716971617,48.69881308381637,0.4137807962032037,0.377965886941518,0.8421233771997529,2.832294716971617,2026-08-30T21:10:28.129931+00:00,23.0,30.0,-7.0,53.0,3.5,7.5,51.5,50.5,4.6,1.2,0,0.20689655172413796
2025_17_DEN_KC,2025,17,2025-12-25,KC,DEN,-2.5172559100010554,45.02533270298235,-5.798721856085339,-2.8778540592768933,47.01018093618176,0.4124162241609116,0.335549043363672,2.5172559100010554,2.8778540592768933,2026-08-30T21:10:28.129931+00:00,13.0,20.0,-7.0,33.0,4.5,12.5,39.5,37.5,7.5,1.09,0,0.12689173457508732
2025_17_DET_MIN,2025,17,2025-12-25,MIN,DET,0.1716082910980955,45.384192336605885,-3.9509617584813657,-1.633283215123645,43.22607300785533,0.4500184375555989,0.3514759024314672,-0.1716082910980955,1.633283215123645,2026-08-30T21:10:28.129931+00:00,23.0,10.0,13.0,33.0,3.5,7.5,47.5,44.5,3.9,1.26,1,0.24418604651162792
2025_17_BAL_GB,2025,17,2025-12-27,GB,BAL,9.070670700609773,50.60428578033992,3.871839003093519,6.403896657848307,48.49900280133245,0.6888239598267558,0.7868768451569552,-9.070670700609773,-6.403896657848307,2026-08-30T21:10:28.129931+00:00,24.0,41.0,-17.0,65.0,-3.5,-1.5,44.5,37.5,1.72,2.15,0,0.5555555555555556
2025_17_HOU_LAC,2025,17,2025-12-27,LAC,HOU,4.038727168864841,43.63152030887064,4.69915435992712,2.8450053050200736,45.13826522529032,0.5866000108439303,0.5401369950372891,-4.038727168864841,-2.8450053050200736,2026-08-30T21:10:28.129931+00:00,16.0,20.0,-4.0,36.0,1.5,-1.5,38.5,40.5,1.84,1.97,0,0.5170603674540682
2025_17_ARI_CIN,2025,17,2025-12-28,CIN,ARI,3.4419005595621623,46.975363520588814,6.986958708516703,3.4273117821069183,46.640403156834935,0.6039529734312863,0.620825762601554,-3.4419005595621623,-3.4273117821069183,2026-08-30T21:10:28.129931+00:00,37.0,14.0,23.0,51.0,-5.5,-6.5,51.5,51.5,1.28,3.7,1,0.7429718875502008
2025_17_CHI_SF,2025,17,2025-12-28,SF,CHI,4.430856107094549,50.85989537055431,6.631351136429137,4.096197028731548,50.8826642466923,0.6236327966223976,0.6716649696516507,-4.430856107094549,-4.096197028731548,2026-08-30T21:10:28.129931+00:00,42.0,38.0,4.0,80.0,-2.5,-3.5,49.5,51.5,1.47,2.7,1,0.6474820143884892
2025_17_JAX_IND,2025,17,2025-12-28,IND,JAX,0.22942529338472,46.794797742224056,4.521869531392866,1.5196544515393242,47.32579524454164,0.5465207025067411,0.5384990378247623,-0.22942529338472,-1.5196544515393242,2026-08-30T21:10:28.129931+00:00,17.0,23.0,-6.0,40.0,6.5,4.5,45.5,47.5,2.7,1.47,0,0.35251798561151076
2025_17_NE_NYJ,2025,17,2025-12-28,NYJ,NE,-13.161434337135812,46.04409050951381,-9.10377837602523,-7.70885522920726,45.24680471154351,0.2766296905707393,0.204374188720284,13.161434337135812,7.70885522920726,2026-08-30T21:10:28.129931+00:00,10.0,42.0,-32.0,52.0,11.5,12.5,41.5,41.5,7.0,1.1,0,0.13580246913580246
2025_17_NO_TEN,2025,17,2025-12-28,TEN,NO,-2.1187326893480134,39.13876031697424,-2.1070624225032906,-1.957320733906973,42.09181823983952,0.4401707638655402,0.3218570633738205,2.1187326893480134,1.957320733906973,2026-08-30T21:10:28.129931+00:00,26.0,34.0,-8.0,60.0,2.5,1.5,38.5,38.5,1.99,1.82,0,0.47769028871391084
2025_17_NYG_LV,2025,17,2025-12-28,LV,NYG,-1.3977873902238034,40.84696162798672,-1.729169409276912,-1.3550802694004738,43.41752755959049,0.4584980342806808,0.4154969796155606,1.3977873902238034,1.3550802694004738,2026-08-30T21:10:28.129931+00:00,10.0,34.0,-24.0,44.0,1.5,7.5,42.5,39.5,2.35,1.6,0,0.40506329113924056
2025_17_PHI_BUF,2025,17,2025-12-28,BUF,PHI,1.795213342213516,49.32905609894996,1.6310758227646471,2.8322720515662776,49.81803992229865,0.5862185246725841,0.5672623561383621,-1.795213342213516,-2.8322720515662776,2026-08-30T21:10:28.129931+00:00,12.0,13.0,-1.0,25.0,-2.5,2.5,44.5,44.5,1.59,2.35,0,0.5964467005076142
2025_17_PIT_CLE,2025,17,2025-12-28,CLE,PIT,-7.607731987969597,38.55095574799046,-9.406218070997506,-4.322585888888678,40.01157153882815,0.3697757604738214,0.2800284037966695,7.607731987969597,4.322585888888678,2026-08-30T21:10:28.129931+00:00,13.0,6.0,7.0,19.0,4.5,3.5,34.5,34.5,2.7,1.47,1,0.35251798561151076
2025_17_SEA_CAR,2025,17,2025-12-28,CAR,SEA,-5.686856287182054,48.1078108167376,-4.905530460211109,-6.235102443092352,48.15277416478554,0.3157780667812778,0.2178383356534494,5.686856287182054,6.235102443092352,2026-08-30T21:10:28.129931+00:00,10.0,27.0,-17.0,37.0,7.5,6.5,42.5,41.5,3.5,1.31,0,0.27234927234927236
2025_17_TB_MIA,2025,17,2025-12-28,MIA,TB,1.997961979383032,46.54270701990825,-3.95124171302168,2.0641626682665755,45.863262196349325,0.5630684283658006,0.5243831072537017,-1.997961979383032,-2.0641626682665755,2026-08-30T21:10:28.129931+00:00,20.0,17.0,3.0,37.0,4.5,4.5,45.5,43.5,3.05,1.38,1,0.31151241534988716
2025_17_LA_ATL,2025,17,2025-12-29,ATL,LA,-7.077216776792258,49.4872270976535,-3.830435557112225,-7.0247616365444685,48.11042838898258,0.2945054524567155,0.1955857011508956,7.077216776792258,7.0247616365444685,2026-08-30T21:10:28.129931+00:00,27.0,24.0,3.0,51.0,7.5,7.5,48.5,48.5,3.8,1.27,1,0.2504930966469428
2025_18_CAR_TB,2025,18,2026-01-03,TB,CAR,4.40730482193216,43.509352320579296,8.403083510206772,3.9638937076123946,43.81945332402552,0.6197638081929804,0.6441135615090505,-4.40730482193216,-3.9638937076123946,2026-08-30T21:10:28.129931+00:00,16.0,14.0,2.0,30.0,,,,,,,1,
2025_18_SEA_SF,2025,18,2026-01-03,SF,SEA,0.7007473095598689,49.95157994536744,3.5666974602961403,6.194927127113735,50.69692942906676,0.683122331911013,0.7553788765771863,-0.7007473095598689,-6.194927127113735,2026-08-30T21:10:28.129931+00:00,3.0,13.0,-10.0,16.0,,,,,,,0,
2025_18_ARI_LA,2025,18,2026-01-04,LA,ARI,14.342856269506758,49.310003813794246,12.967046307559691,11.006228567377216,47.736254781059934,0.8013580389011892,0.8245485923913859,-14.342856269506758,-11.006228567377216,2026-08-30T21:10:28.129931+00:00,37.0,20.0,17.0,57.0,-8.5,-14.5,47.5,48.5,1.08,8.0,1,0.8810572687224669
2025_18_BAL_PIT,2025,18,2026-01-04,PIT,BAL,1.8221959010511968,46.14121664059426,1.3557667032785217,0.890245870959619,44.425285513064416,0.5272935488216887,0.54934937565377,-1.8221959010511968,-0.890245870959619,2026-08-30T21:10:28.129931+00:00,26.0,24.0,2.0,50.0,8.5,4.5,41.5,41.5,2.9,1.42,1,0.32870370370370366
2025_18_CLE_CIN,2025,18,2026-01-04,CIN,CLE,8.449142788714388,39.2287034870098,12.3527048776712,6.264876369091299,41.02592169057811,0.6850357978022954,0.7967494377650092,-8.449142788714388,-6.264876369091299,2026-08-30T21:10:28.129931+00:00,18.0,20.0,-2.0,38.0,-6.5,-7.5,44.5,46.5,1.21,4.45,0,0.7862190812720848
2025_18_DAL_NYG,2025,18,2026-01-04,NYG,DAL,-0.608566804560555,48.33239346459637,-0.3094639318050736,-2.628423210791462,46.340082849607015,0.4198995959316741,0.3610227086696012,0.608566804560555,2.628423210791462,2026-08-30T21:10:28.129931+00:00,34.0,17.0,17.0,51.0,4.5,8.5,51.5,49.5,2.4,1.5,1,0.38461538461538464
2025_18_DET_CHI,2025,18,2026-01-04,CHI,DET,5.847075727021063,49.98022157882369,5.50664349673781,4.280924066318923,50.88643419997148,0.6290140351155251,0.5908176051253515,-5.847075727021063,-4.280924066318923,2026-08-30T21:10:28.129931+00:00,16.0,19.0,-3.0,35.0,-1.5,-3.5,48.5,51.5,1.42,2.55,0,0.6423173803526449
2025_18_GB_MIN,2025,18,2026-01-04,MIN,GB,-3.944693951114929,43.079341269304734,2.572129637328667,-1.5732742475419486,42.88731234080407,0.4518457103284887,0.4638487063145066,3.944693951114929,1.5732742475419486,2026-08-30T21:10:28.129931+00:00,16.0,3.0,13.0,19.0,-5.5,-11.5,36.5,36.5,1.15,5.5,1,0.8270676691729323
2025_18_IND_HOU,2025,18,2026-01-04,HOU,IND,4.009374855823553,42.738460084929976,5.788585784540872,2.723659467257396,43.857810297509296,0.5829612372700866,0.5503304425681557,-4.009374855823553,-2.723659467257396,2026-08-30T21:10:28.129931+00:00,38.0,30.0,8.0,68.0,-10.5,-10.5,39.5,37.5,1.17,5.0,1,0.8103727714748785
2025_18_KC_LV,2025,18,2026-01-04,LV,KC,-9.40235989227128,39.388137702377165,-9.167773704283135,-5.045676080095914,43.48909433661829,0.3489859229793061,0.2630381714792482,9.40235989227128,5.045676080095914,2026-08-30T21:10:28.129931+00:00,14.0,12.0,2.0,26.0,5.5,3.5,34.5,35.5,2.75,1.46,1,0.3467933491686461
2025_18_LAC_DEN,2025,18,2026-01-04,DEN,LAC,6.188575095241152,42.44582495895023,10.223441492967185,8.845623080670212,46.63862683171398,0.7518462821748577,0.7412732076124035,-6.188575095241152,-8.845623080670212,2026-08-30T21:10:28.129931+00:00,19.0,3.0,16.0,22.0,-6.5,-14.5,38.5,37.5,1.07,8.75,1,0.8910386965376783
2025_18_MIA_NE,2025,18,2026-01-04,NE,MIA,11.027773304644112,52.18851305709715,11.074446117140589,7.859492678482038,51.06416844899529,0.7272339108024051,0.7591421398375395,-11.027773304644112,-7.859492678482038,2026-08-30T21:10:28.129931+00:00,38.0,10.0,28.0,48.0,-10.5,-13.5,45.5,44.5,1.09,7.5,1,0.8731082654249126
2025_18_NO_ATL,2025,18,2026-01-04,ATL,NO,3.6160177774144415,42.41758477040811,4.617124065220284,5.596615079396302,45.395805939406735,0.6665593168354006,0.6887347659974359,-3.6160177774144415,-5.596615079396302,2026-08-30T21:10:28.129931+00:00,19.0,17.0,2.0,36.0,-2.5,-3.5,41.5,43.5,1.48,2.65,1,0.6416464891041161
2025_18_NYJ_BUF,2025,18,2026-01-04,BUF,NYJ,19.02257144586953,43.94369485838401,19.231831126487645,12.564291284373892,45.290025498623976,0.8330558544797921,0.8813103945791743,-19.02257144586953,-12.564291284373892,2026-08-30T21:10:28.129931+00:00,35.0,8.0,27.0,43.0,-10.5,-11.5,38.5,38.5,1.13,6.0,1,0.8415147265077139
2025_18_TEN_JAX,2025,18,2026-01-04,JAX,TEN,13.848435755758052,43.034965789514914,11.8641373716742,9.52002896374329,44.7420008827411,0.7679704381262646,0.8074559691902952,-13.848435755758052,-9.52002896374329,2026-08-30T21:10:28.129931+00:00,41.0,7.0,34.0,48.0,-10.5,-11.5,45.5,45.5,1.12,6.25,1,0.8480325644504749
2025_18_WAS_PHI,2025,18,2026-01-04,PHI,WAS,11.118293056400423,45.22068252456906,8.50517322564126,5.82711886401041,46.00563437386785,0.6729811265848716,0.6319960311515066,-11.118293056400423,-5.82711886401041,2026-08-30T21:10:28.129931+00:00,17.0,24.0,-7.0,41.0,-7.5,-3.5,41.5,38.5,1.55,2.45,0,0.6125
