game_id,season,week,spread_confluence,personnel_increment,total_confluence_oracle,weather_increment
2020_01_ARI_SF,2020,1,False,2.7535485996163365,False,-0.22281258106247748
2020_01_CHI_DET,2020,1,False,-0.27660720445221676,False,0.7864822126574822
2020_01_CLE_BAL,2020,1,False,3.6537579867366414,False,0.1884065257132974
2020_01_DAL_LA,2020,1,False,-0.1339567089946514,False,0.6809658709158484
2020_01_GB_MIN,2020,1,True,-2.0352160672859783,False,0.8351128509190175
2020_01_HOU_KC,2020,1,False,0.512154837149013,True,-0.5254472586356798
2020_01_IND_JAX,2020,1,False,-1.2950776531999428,False,1.6856674866241335
2020_01_LAC_CIN,2020,1,False,-4.883908970100901,False,0.4461887458559275
2020_01_LV_CAR,2020,1,False,-1.1480299893327253,False,0.8835524799385084
2020_01_MIA_NE,2020,1,False,0.6700229630845045,False,-0.9503564110196336
2020_01_NYJ_BUF,2020,1,True,-0.27017587437901547,False,-1.7427502723268375
2020_01_PHI_WAS,2020,1,False,-1.6445350633720426,False,0.2018118240852047
2020_01_PIT_NYG,2020,1,False,-3.0294926654921643,False,0.11870112123013854
2020_01_SEA_ATL,2020,1,False,-1.4353435005049686,False,0.7593615355796217
2020_01_TB_NO,2020,1,False,-0.9849280787359653,False,0.5305719860869047
2020_01_TEN_DEN,2020,1,False,0.4732425700166034,False,-1.556698988380873
2020_02_ATL_DAL,2020,2,False,0.4440677460693223,False,0.8649868200096051
2020_02_BAL_HOU,2020,2,True,0.43234515624551895,False,0.8367200627566618
2020_02_BUF_MIA,2020,2,False,1.660899692655438,False,0.9305006921852836
2020_02_CAR_TB,2020,2,False,2.959024249242003,True,-1.6164134487403885
2020_02_CIN_CLE,2020,2,False,0.7903631713934813,False,-0.888372844191764
2020_02_DEN_PIT,2020,2,False,2.2029901680214925,False,0.27499323855697355
2020_02_DET_GB,2020,2,False,1.793418169276487,False,-2.109355409011755
2020_02_JAX_TEN,2020,2,False,0.01238718485193413,True,0.1457942652618982
2020_02_KC_LAC,2020,2,False,-5.307028031856812,False,0.9571867317458853
2020_02_LA_PHI,2020,2,False,-0.15468240341865658,False,-2.312584040994807
2020_02_MIN_IND,2020,2,False,-0.43409177323383763,False,1.0472172265985833
2020_02_NE_SEA,2020,2,False,1.6616536674090732,True,0.30192842311033985
2020_02_NO_LV,2020,2,False,-2.191089296771416,False,0.889346537139339
2020_02_NYG_CHI,2020,2,False,0.65320925634144,False,-2.2829986072759496
2020_02_SF_NYJ,2020,2,False,-3.2946299625936812,False,-0.43165185551394814
2020_02_WAS_ARI,2020,2,False,-0.20461210726638512,False,1.1156354615459776
2020_03_CAR_LAC,2020,3,False,-4.232638221549675,True,1.1365999903729076
2020_03_CHI_ATL,2020,3,False,0.09352438822125952,False,0.9134085063058279
2020_03_CIN_PHI,2020,3,False,1.4690745666447445,False,0.49267776967082
2020_03_DAL_SEA,2020,3,False,-2.0655365326722412,False,0.8697178306082733
2020_03_DET_ARI,2020,3,False,-1.8812723539983596,False,1.2076250154722032
2020_03_GB_NO,2020,3,False,0.8563705934402752,False,1.1360098205670113
2020_03_HOU_PIT,2020,3,False,-2.0249688855569623,False,-0.10728218116950217
2020_03_KC_BAL,2020,3,False,-0.8490015114078635,True,-0.6896599281399247
2020_03_LA_BUF,2020,3,True,-2.2977840675625014,False,-2.055686956374643
2020_03_LV_NE,2020,3,False,0.8017543534612095,False,-0.559332753627082
2020_03_MIA_JAX,2020,3,False,0.12645197721595025,False,-1.3764056372502154
2020_03_NYJ_IND,2020,3,False,1.6332284008938158,False,1.0653240800373496
2020_03_SF_NYG,2020,3,False,1.8122290130422547,True,1.4812889957891215
2020_03_TB_DEN,2020,3,False,-4.443793634689258,False,-0.4756504310097611
2020_03_TEN_MIN,2020,3,False,3.255295832852348,False,1.1070962967212807
2020_03_WAS_CLE,2020,3,False,-2.0682784829890184,False,-2.24836938653592
2020_04_ARI_CAR,2020,4,True,0.7269154003748632,True,-0.40897290734349667
2020_04_ATL_GB,2020,4,False,0.13003914647805637,True,-0.9095706508898047
2020_04_BAL_WAS,2020,4,False,-4.4601332028580245,False,0.5904389457628128
2020_04_BUF_LV,2020,4,False,-0.6941947345733388,False,0.983886022361645
2020_04_CLE_DAL,2020,4,False,4.4945814148752845,False,0.9415102031525109
2020_04_DEN_NYJ,2020,4,True,3.3452461543090086,True,0.13646584398625095
2020_04_IND_CHI,2020,4,False,-3.3652340516097414,False,-1.239622632406956
2020_04_JAX_CIN,2020,4,False,2.846889620722836,False,0.23122907287644523
2020_04_LAC_TB,2020,4,False,4.9041883781303675,False,-0.1727479214603349
2020_04_MIN_HOU,2020,4,False,1.9384929474841202,False,1.0671741879282024
2020_04_NE_KC,2020,4,False,3.3994407546233285,True,-2.370322781878272
2020_04_NO_DET,2020,4,False,1.5134104555285837,False,1.0970000358395922
2020_04_NYG_LA,2020,4,False,0.17736725867892922,False,0.870729174800033
2020_04_PHI_SF,2020,4,False,-2.908818861809781,False,-1.390088184257273
2020_04_SEA_MIA,2020,4,False,-0.7543105512420423,True,-1.8138591991086699
2020_05_ARI_NYJ,2020,5,False,0.8090932375248574,True,-0.22000118621065212
2020_05_BUF_TEN,2020,5,True,0.5657848582404115,False,1.166717575537099
2020_05_CAR_ATL,2020,5,False,0.7991448360392752,False,1.1236528825882672
2020_05_CIN_BAL,2020,5,False,1.279679202862435,False,1.1315813894623759
2020_05_IND_CLE,2020,5,False,-3.8565734462705556,False,-1.6739431871796029
2020_05_JAX_HOU,2020,5,False,5.63044695471256,False,0.972971659710602
2020_05_LAC_NO,2020,5,False,1.7866440165865702,False,1.0032407706007902
2020_05_LA_WAS,2020,5,False,0.09868001780364466,False,1.8596155244846528
2020_05_LV_KC,2020,5,False,3.685275307530544,True,-1.0197625026181356
2020_05_MIA_SF,2020,5,False,2.050941468044819,False,0.22577451305397744
2020_05_MIN_SEA,2020,5,True,-1.9532932282041466,True,-1.3995639120416712
2020_05_NYG_DAL,2020,5,False,0.7800309748248786,False,1.1010053105267659
2020_05_PHI_PIT,2020,5,False,0.046273808475488565,False,0.87872477717778
2020_05_TB_CHI,2020,5,False,-3.173246421221569,False,-0.46967415994162565
2020_06_ARI_DAL,2020,6,False,-0.5637858699997609,False,1.3953271232985927
2020_06_ATL_MIN,2020,6,False,-1.7993381079506565,False,1.2674278540121975
2020_06_BAL_PHI,2020,6,False,-2.9961897645897357,True,-0.01489644273834756
2020_06_CHI_CAR,2020,6,False,2.1161840931221567,True,0.30575329361771253
2020_06_CIN_IND,2020,6,False,-1.189584895649988,False,1.2543123194967905
2020_06_CLE_PIT,2020,6,False,4.95758909107308,True,-0.9920975109977945
2020_06_DEN_NE,2020,6,False,1.6585886915654973,False,0.2762967874821385
2020_06_DET_JAX,2020,6,False,-2.2808615970564095,True,-0.9125842284684467
2020_06_GB_TB,2020,6,False,1.1552667954893816,True,-1.4226044636478221
2020_06_HOU_TEN,2020,6,False,-6.274555425212415,True,-1.3726693836482085
2020_06_KC_BUF,2020,6,False,-4.549452013479983,False,0.1858386402883312
2020_06_LA_SF,2020,6,False,2.4959374059063544,True,-0.6830148035385477
2020_06_NYJ_MIA,2020,6,False,-4.532779561860842,False,-0.5837553309911527
2020_06_WAS_NYG,2020,6,False,-1.255214330345669,False,2.7632489469569705
2020_07_BUF_NYJ,2020,7,True,3.0748738905890587,False,-0.18876460067606615
2020_07_CAR_NO,2020,7,False,-0.17244481734684847,False,1.3677971953619803
2020_07_CHI_LA,2020,7,True,2.9143924746185297,False,1.3545793925243004
2020_07_CLE_CIN,2020,7,False,2.910346952085354,True,-0.41773821007113554
2020_07_DAL_WAS,2020,7,True,-0.3692358639376687,False,0.9297082504103642
2020_07_DET_ATL,2020,7,False,-0.08535849779525506,False,1.2585826468498382
2020_07_GB_HOU,2020,7,False,3.2180675977317605,False,1.0750042170605312
2020_07_JAX_LAC,2020,7,False,1.6150959503179187,False,1.2056039633117663
2020_07_KC_DEN,2020,7,False,-2.369161926519091,True,-6.095036813203734
2020_07_NYG_PHI,2020,7,False,1.3914110383591818,False,1.1465324700024198
2020_07_PIT_TEN,2020,7,False,-2.0117892365023686,False,1.2675742236652425
2020_07_SEA_ARI,2020,7,True,0.3159701520677567,False,1.3809668666077002
2020_07_SF_NE,2020,7,False,0.4701999179887111,False,0.2331336269833244
2020_07_TB_LV,2020,7,False,-3.1092335654340664,False,1.054888713636963
2020_08_ATL_CAR,2020,8,False,-1.3095667117646008,True,-0.7098542991661674
2020_08_DAL_PHI,2020,8,False,1.7692485901163406,False,-1.6109694586917058
2020_08_IND_DET,2020,8,False,1.6453813863215447,False,1.3676851150299854
2020_08_LAC_DEN,2020,8,False,-1.4314303762330107,False,-1.208181935886678
2020_08_LA_MIA,2020,8,False,-6.0360288922058585,False,-0.41799408930731374
2020_08_LV_CLE,2020,8,False,-2.1768599648531683,True,-4.643215381271354
2020_08_MIN_GB,2020,8,False,-0.33327561005349793,True,-1.701243642386281
2020_08_NE_BUF,2020,8,False,-3.809091574933357,False,-1.1655420548281654
2020_08_NO_CHI,2020,8,False,-2.357235144426706,False,-0.6025155882348585
2020_08_NYJ_KC,2020,8,False,2.3349643104619524,True,-1.1160097359827077
2020_08_PIT_BAL,2020,8,False,2.1742317820082935,True,-0.16947548542852076
2020_08_SF_SEA,2020,8,True,-0.39006234929828354,False,0.9902708419074528
2020_08_TB_NYG,2020,8,False,-3.4154074557256173,True,-0.433891985759864
2020_08_TEN_CIN,2020,8,False,1.7307233584042407,True,-1.8753788763299184
2020_09_BAL_IND,2020,9,False,-4.029460406552665,False,1.279376708770414
2020_09_CAR_KC,2020,9,False,2.985933387082339,True,-2.4198470265982976
2020_09_CHI_TEN,2020,9,False,0.984263707034227,False,-2.1308054700314045
2020_09_DEN_ATL,2020,9,False,0.03048355640853906,False,1.3007378620666827
2020_09_DET_MIN,2020,9,False,-1.0440787573391832,False,1.1565927052543685
2020_09_GB_SF,2020,9,False,-3.9118630689358445,False,0.7450251575629565
2020_09_HOU_JAX,2020,9,False,-8.227548195888353,True,-2.4241644415076564
2020_09_LV_LAC,2020,9,False,0.9930630560354605,False,1.1170112766757825
2020_09_MIA_ARI,2020,9,False,3.3173756043299276,False,1.8452261999586952
2020_09_NE_NYJ,2020,9,False,-0.14318249342701161,False,2.49927971943859
2020_09_NO_TB,2020,9,False,0.3986042947155293,True,-1.983286998060663
2020_09_NYG_WAS,2020,9,False,0.7846283169573229,False,2.65355695726133
2020_09_PIT_DAL,2020,9,False,-2.373413498725255,False,1.549314374768052
2020_09_SEA_BUF,2020,9,False,-1.3789999226202618,False,1.4348147882294597
2020_10_BAL_NE,2020,10,False,-2.5992588020845755,False,-1.6214792622490037
2020_10_BUF_ARI,2020,10,False,1.2892066587871396,False,1.7980449511112226
2020_10_CIN_PIT,2020,10,False,1.0376795095455762,False,-1.0847879378912282
2020_10_DEN_LV,2020,10,False,-1.289175340587816,False,1.5853338854267491
2020_10_HOU_CLE,2020,10,False,-4.358087670843512,True,-1.8974178621471012
2020_10_IND_TEN,2020,10,False,-3.2437854299404782,False,0.3811556319071201
2020_10_JAX_GB,2020,10,False,3.7351828460552916,True,-1.4118387534657302
2020_10_LAC_MIA,2020,10,False,-4.668315742384288,False,0.5796024944684177
2020_10_MIN_CHI,2020,10,False,-3.4495744172402842,False,-1.5266135404089383
2020_10_PHI_NYG,2020,10,False,-1.8849768117373122,False,-1.6315643986603021
2020_10_SEA_LA,2020,10,False,0.9726876618830973,False,1.4622794960859267
2020_10_SF_NO,2020,10,False,2.790860601041886,False,1.4198650922793021
2020_10_TB_CAR,2020,10,False,-4.2494521542656996,True,-1.240350915628511
2020_10_WAS_DET,2020,10,False,-0.00323610877805125,False,1.65434200553225
2020_11_ARI_SEA,2020,11,True,-0.08343014663939519,True,-1.1252609279333115
2020_11_ATL_NO,2020,11,False,-5.503754521008435,False,1.0919464167179882
2020_11_CIN_WAS,2020,11,False,0.8608158423133028,False,0.3076757128500702
2020_11_DAL_MIN,2020,11,False,-0.47062043082586946,False,1.537844962476889
2020_11_DET_CAR,2020,11,False,-4.522375507277163,False,0.2744162054283592
2020_11_GB_IND,2020,11,False,-1.1805502998416355,False,1.3217785329669098
2020_11_KC_LV,2020,11,False,-0.6373751115647082,False,1.4630523365483015
2020_11_LA_TB,2020,11,False,2.065689239921351,False,0.7790931521583246
2020_11_MIA_DEN,2020,11,False,1.2408868697806907,False,0.36388009061275284
2020_11_NE_HOU,2020,11,True,2.4523471784999007,False,1.7915753478855052
2020_11_NYJ_LAC,2020,11,False,-0.2565391937643451,False,1.553764469600253
2020_11_PHI_CLE,2020,11,False,-2.1817608698808932,False,0.47564009275478014
2020_11_PIT_JAX,2020,11,False,-3.4879456540766602,False,1.4977079138628895
2020_11_TEN_BAL,2020,11,False,5.481138955343082,False,0.7122910374179412
2020_12_ARI_NE,2020,12,False,1.705713914950196,False,0.345584753569554
2020_12_BAL_PIT,2020,12,False,4.087394562938802,False,-2.2947148494095515
2020_12_CAR_MIN,2020,12,False,-0.08543901360127393,False,1.4976218706617743
2020_12_CHI_GB,2020,12,False,-0.1542653204975366,False,-2.0494953678194534
2020_12_CLE_JAX,2020,12,False,-1.3047653907066543,False,2.898474800644621
2020_12_HOU_DET,2020,12,False,-2.1542264182701323,False,1.2198686909091236
2020_12_KC_TB,2020,12,False,-0.2573473359082823,False,1.2822332457010006
2020_12_LAC_BUF,2020,12,False,-3.2043401854026294,False,0.18481722956855862
2020_12_LV_ATL,2020,12,True,2.0867959988396922,False,1.3344323283253559
2020_12_MIA_NYJ,2020,12,False,2.8371783007397964,False,2.0906695190264415
2020_12_NO_DEN,2020,12,False,3.108888584386756,False,0.5505604811358964
2020_12_NYG_CIN,2020,12,False,-1.9702231946598414,False,1.5914315629858464
2020_12_SEA_PHI,2020,12,False,1.8484139959099415,True,-0.9611759770317363
2020_12_SF_LA,2020,12,False,1.6344427751183117,False,1.4843560266808993
2020_12_TEN_IND,2020,12,False,1.4569896150042638,False,1.5587732931432967
2020_12_WAS_DAL,2020,12,False,0.0061719595759772705,False,1.946690698814777
2020_13_BUF_SF,2020,13,True,0.18007776887131177,False,1.458722480763086
2020_13_CIN_MIA,2020,13,False,1.1527899669050363,True,1.7014964453197692
2020_13_CLE_TEN,2020,13,False,1.3374536906352246,False,2.833781089571893
2020_13_DAL_BAL,2020,13,False,0.40426729055620925,False,0.0876097229713011
2020_13_DEN_KC,2020,13,False,0.29115502026104423,True,-0.46783270766528773
2020_13_DET_CHI,2020,13,False,1.4395483038445107,False,0.9312026062474459
2020_13_IND_HOU,2020,13,True,2.3811265701767,False,1.1766984448268971
2020_13_JAX_MIN,2020,13,False,2.436779531562868,False,1.7884801528276384
2020_13_LA_ARI,2020,13,False,-3.0885908360386325,False,1.8685535059336402
2020_13_LV_NYJ,2020,13,True,1.927617269489913,True,-1.626055960271259
2020_13_NE_LAC,2020,13,True,0.0889882257636927,False,1.7486548760374987
2020_13_NO_ATL,2020,13,False,5.977647549897566,False,1.1883216651011352
2020_13_NYG_SEA,2020,13,False,2.316453568493814,False,1.6943070733844579
2020_13_PHI_GB,2020,13,False,-1.4607638190792382,False,-0.16166779225589067
2020_13_WAS_PIT,2020,13,False,-1.9262287008060959,False,-0.5771885199475832
2020_14_ARI_NYG,2020,14,False,-0.1526894052641784,False,-0.13225744502916825
2020_14_ATL_LAC,2020,14,True,0.3525896092048746,False,1.3471628368747304
2020_14_BAL_CLE,2020,14,False,-6.7327773379184865,False,-1.5215559476452967
2020_14_DAL_CIN,2020,14,False,-3.7147176098870367,False,1.5494732791095984
2020_14_DEN_CAR,2020,14,False,-2.828051318308747,False,0.6604537362912808
2020_14_GB_DET,2020,14,False,1.714503092604538,False,1.3124620973467458
2020_14_HOU_CHI,2020,14,False,-0.28564041561327524,False,2.2241453031492924
2020_14_IND_LV,2020,14,False,0.42693852159305945,False,1.6803841018892598
2020_14_KC_MIA,2020,14,False,-4.801102453552497,False,0.24895019465722612
2020_14_MIN_TB,2020,14,False,2.224510221421615,False,0.8126691252398359
2020_14_NE_LA,2020,14,False,-0.04428175066045803,False,1.9723458985375686
2020_14_NO_PHI,2020,14,False,0.43232301843031706,True,-0.5848724881187479
2020_14_NYJ_SEA,2020,14,False,0.23432462318043967,False,0.12471547598210009
2020_14_PIT_BUF,2020,14,False,-0.9306154907188553,False,-1.4412845250748845
2020_14_TEN_JAX,2020,14,False,0.5907942897225515,False,2.3303280749066104
2020_14_WAS_SF,2020,14,False,-2.742022562252477,False,1.5467909066532144
2020_15_BUF_DEN,2020,15,False,1.1065916075833417,True,-1.3853109501385745
2020_15_CAR_GB,2020,15,False,-0.7426288340818541,False,1.1982833338582566
2020_15_CHI_MIN,2020,15,False,-0.7434043043117295,False,1.775858911468994
2020_15_CLE_NYG,2020,15,False,0.23943601805558012,False,3.415067472108454
2020_15_DET_TEN,2020,15,False,-1.9310807423918117,False,0.9696834972195418
2020_15_HOU_IND,2020,15,False,-1.3656992521204625,False,1.2393993341906722
2020_15_JAX_BAL,2020,15,False,2.456745501337817,False,2.4156024690179763
2020_15_KC_NO,2020,15,False,-1.7147445398560426,False,1.4425889201927546
2020_15_LAC_LV,2020,15,True,-0.31214800767190143,False,1.7010291542445017
2020_15_NE_MIA,2020,15,False,-3.528868134291457,False,-0.1023481931194894
2020_15_NYJ_LA,2020,15,False,-0.2416986238415717,False,1.8399817616845482
2020_15_PHI_ARI,2020,15,False,-0.33591760461709974,False,2.3433502309092162
2020_15_PIT_CIN,2020,15,False,-6.340145685667116,False,-0.7977795656843725
2020_15_SEA_WAS,2020,15,False,-0.035721172538804025,False,0.2944366652739845
2020_15_SF_DAL,2020,15,False,-0.10671394381296599,False,1.8017522726817816
2020_15_TB_ATL,2020,15,False,-0.6169811658302495,False,1.3786873561099782
2020_16_ATL_KC,2020,16,False,1.4887933197547092,True,-0.36136764417449285
2020_16_BUF_NE,2020,16,False,3.054771997642006,False,1.8703855297857785
2020_16_CAR_WAS,2020,16,False,-0.45458526462732385,False,1.358024760039612
2020_16_CHI_JAX,2020,16,False,-0.6469759836525957,False,1.5087412883041225
2020_16_CIN_HOU,2020,16,False,4.413016719664346,False,1.5307117509182149
2020_16_CLE_NYJ,2020,16,False,3.20231737646274,False,1.1924178378900194
2020_16_DEN_LAC,2020,16,False,-1.568540964335165,False,1.9321230836765295
2020_16_IND_PIT,2020,16,False,3.0291176112557174,False,0.6098264723096491
2020_16_LA_SEA,2020,16,False,-2.242064743698842,False,2.428818592631387
2020_16_MIA_LV,2020,16,False,-0.004836348766280363,False,1.755248104101753
2020_16_MIN_NO,2020,16,False,3.1845045634079057,False,1.7042362927461667
2020_16_NYG_BAL,2020,16,False,3.663828654596358,False,2.3477732881002638
2020_16_PHI_DAL,2020,16,True,0.47209379063035684,False,1.9889725478919331
2020_16_SF_ARI,2020,16,False,4.792166146935464,False,1.7841183616251612
2020_16_TB_DET,2020,16,False,-1.5343110350281712,False,1.4970688917450445
2020_16_TEN_GB,2020,16,False,0.8681269338639774,True,-5.290599548325922
2020_17_ARI_LA,2020,17,False,0.7294578298142231,True,2.142134878211145
2020_17_ATL_TB,2020,17,False,-1.6528036343016064,False,0.9320300481757116
2020_17_BAL_CIN,2020,17,False,-3.913459586691282,False,-0.4591399725232037
2020_17_DAL_NYG,2020,17,False,0.1613213834660825,False,1.164367411160491
2020_17_GB_CHI,2020,17,False,0.1872031991260359,True,-4.033438254699341
2020_17_JAX_IND,2020,17,False,-1.5037973405131186,False,1.9896403313054734
2020_17_LAC_KC,2020,17,False,-5.023349929470838,True,0.5748105777008661
2020_17_LV_DEN,2020,17,False,2.4561445302133462,True,-0.3292161492523462
2020_17_MIA_BUF,2020,17,True,0.018480611851765083,False,2.4986824602613638
2020_17_MIN_DET,2020,17,False,3.7759810581460522,False,1.8510695898077358
2020_17_NO_CAR,2020,17,False,0.4747221602417371,False,2.5585339321001115
2020_17_NYJ_NE,2020,17,False,1.4884649951366549,True,1.7386430838354556
2020_17_PIT_CLE,2020,17,False,0.44094925734396107,True,0.3201959405350294
2020_17_SEA_SF,2020,17,False,-4.2317251764957975,False,1.7939991499885437
2020_17_TEN_HOU,2020,17,False,3.7075561786643045,False,1.7051927054012168
2020_17_WAS_PHI,2020,17,False,-0.33392534921165495,False,-0.10869668163728363
2021_01_ARI_TEN,2021,1,False,0.3726331835501471,True,-0.5789058625840937
2021_01_BAL_LV,2021,1,False,-2.7825331031385776,False,1.6766131462333504
2021_01_CHI_LA,2021,1,False,1.8657351077592499,False,1.753669143283787
2021_01_CLE_KC,2021,1,False,5.396952383205962,False,-0.5501174501189823
2021_01_DAL_TB,2021,1,False,2.3260147922239724,True,-1.0673972906144584
2021_01_DEN_NYG,2021,1,False,-2.0303904708303246,False,-1.455688910718159
2021_01_GB_NO,2021,1,False,-3.5904813545793277,False,-0.9653364901250612
2021_01_JAX_HOU,2021,1,True,0.5771995678483224,True,1.6563634404139123
2021_01_LAC_WAS,2021,1,False,-0.7434149091591365,False,0.753085401441048
2021_01_MIA_NE,2021,1,True,-1.4596283060685784,False,-0.2687293652959042
2021_01_MIN_CIN,2021,1,False,1.4342426638861627,False,-0.3376397480686393
2021_01_NYJ_CAR,2021,1,False,0.9793087857074387,True,2.3228513679110634
2021_01_PHI_ATL,2021,1,False,0.9540078616636007,False,0.029881893984999408
2021_01_PIT_BUF,2021,1,False,0.0036861339906932855,True,-1.4114971302794572
2021_01_SEA_IND,2021,1,False,-2.949916946815887,False,1.714120124584639
2021_01_SF_DET,2021,1,False,-1.1023638287276445,False,1.6266695277318703
2021_02_ATL_TB,2021,2,True,-0.022538283855888963,False,2.1392278582855795
2021_02_BUF_MIA,2021,2,False,-3.0294153829053796,False,-0.23337417015846995
2021_02_CIN_CHI,2021,2,False,-1.7688180682434451,False,2.3593795350050684
2021_02_DAL_LAC,2021,2,False,-0.30761464890851276,False,1.5294177291743765
2021_02_DEN_JAX,2021,2,False,-2.8273542568306707,False,-0.23397184416028693
2021_02_DET_GB,2021,2,False,2.798947948904619,False,-2.366221721935169
2021_02_HOU_CLE,2021,2,True,-1.0182032867084896,False,-2.3700788137031523
2021_02_KC_BAL,2021,2,False,-1.674087706534975,True,-0.7061918926042026
2021_02_LA_IND,2021,2,False,-0.4841214654193734,False,1.69218275919485
2021_02_LV_PIT,2021,2,False,4.358849182250838,False,0.3088368815592659
2021_02_MIN_ARI,2021,2,False,0.2064680006806041,False,1.6772929443941251
2021_02_NE_NYJ,2021,2,False,-1.607753603616479,False,-2.7151143496384265
2021_02_NO_CAR,2021,2,False,1.03689027395414,False,0.7934622029125507
2021_02_NYG_WAS,2021,2,False,-2.3449341104069688,True,1.900752025888167
2021_02_SF_PHI,2021,2,True,0.4466077245424309,True,-2.6807648063328244
2021_02_TEN_SEA,2021,2,False,1.6125372416362795,True,-3.1061148815033732
2021_03_ARI_JAX,2021,3,False,-1.6687269331754102,False,0.9425023538850823
2021_03_ATL_NYG,2021,3,False,-3.8849999549439613,True,-2.487128649435455
2021_03_BAL_DET,2021,3,False,-1.7430096103537775,False,1.674546221057092
2021_03_CAR_HOU,2021,3,False,-3.2678722919364493,True,1.6485282017560152
2021_03_CHI_CLE,2021,3,False,0.39857460045793136,False,-2.6383370524569614
2021_03_CIN_PIT,2021,3,False,-0.09658775946491005,False,-1.4567746923347045
2021_03_GB_SF,2021,3,False,-2.9555005846875795,False,-0.8086172720365781
2021_03_IND_TEN,2021,3,True,-1.5814981486236295,False,0.4556397855657721
2021_03_LAC_KC,2021,3,False,2.9350329102852277,True,-1.753379329419019
2021_03_MIA_LV,2021,3,False,-1.2915579794907175,True,1.643640017465053
2021_03_NO_NE,2021,3,False,0.0743934909327969,False,-1.830577875720273
2021_03_NYJ_DEN,2021,3,False,3.0485739387523543,True,0.19811792031829611
2021_03_PHI_DAL,2021,3,True,-0.4131625802155521,False,0.1307520307160388
2021_03_SEA_MIN,2021,3,False,-2.206520237789178,False,1.6682972391052573
2021_03_TB_LA,2021,3,False,-2.6044291426481916,False,1.4966748875196103
2021_03_WAS_BUF,2021,3,False,4.708663984890091,False,-2.304756380937974
2021_04_ARI_LA,2021,4,False,0.9810655303379848,False,1.652151126506368
2021_04_BAL_DEN,2021,4,False,-3.014341662274348,False,-2.039182484472022
2021_04_CAR_DAL,2021,4,False,3.335038722831087,False,1.762786329973089
2021_04_CLE_MIN,2021,4,False,1.8646914533832541,False,1.8737232409502482
2021_04_DET_CHI,2021,4,True,-1.9120531705350117,False,0.6856946737410112
2021_04_HOU_BUF,2021,4,False,6.232768322095097,False,-2.3871867225989263
2021_04_IND_MIA,2021,4,False,0.8002292655689073,False,-0.3822063782012606
2021_04_JAX_CIN,2021,4,False,3.6891926030040025,False,1.9033994111332078
2021_04_KC_PHI,2021,4,False,-2.6337107851173864,True,-0.973367871210236
2021_04_LV_LAC,2021,4,False,0.35460603192113105,False,1.3617310563046274
2021_04_NYG_NO,2021,4,False,1.5870012703299192,False,1.751075098892585
2021_04_PIT_GB,2021,4,False,-0.2958764810251395,True,0.33802989679266204
2021_04_SEA_SF,2021,4,False,-1.2829300571847848,False,2.137626496779262
2021_04_TB_NE,2021,4,False,-3.14619409541074,False,0.40282521657226056
2021_04_TEN_NYJ,2021,4,False,-2.6716915976656175,False,-0.9873108438130274
2021_04_WAS_ATL,2021,4,False,5.920801708240541,False,0.25280660821253065
2021_05_BUF_KC,2021,5,False,1.9981525540829184,False,1.916036766783776
2021_05_CHI_LV,2021,5,False,1.3008598946423944,False,1.8189765320273352
2021_05_CLE_LAC,2021,5,False,3.989840847996367,False,1.8134538308853934
2021_05_DEN_PIT,2021,5,False,2.9626094663001483,False,-1.1817310497243483
2021_05_DET_MIN,2021,5,False,-0.47539433683041565,False,1.6621179647366873
2021_05_GB_CIN,2021,5,False,-1.2225846984655049,False,-2.2982871277906085
2021_05_IND_BAL,2021,5,False,2.5021408087192265,False,-0.19577057361288297
2021_05_LA_SEA,2021,5,False,1.8946919393741333,True,-1.1860744567411814
2021_05_MIA_TB,2021,5,False,0.4720488285090596,True,-0.3397567205211871
2021_05_NE_HOU,2021,5,False,-3.455988225131583,True,2.0923259701605375
2021_05_NO_WAS,2021,5,False,-2.503883615547169,False,-2.3882779412740547
2021_05_NYG_DAL,2021,5,False,1.5260452676332514,False,1.775267358300006
2021_05_NYJ_ATL,2021,5,False,5.7141963982488955,False,-0.9925439179929398
2021_05_PHI_CAR,2021,5,False,-4.495204055588077,False,-2.4380297971716445
2021_05_SF_ARI,2021,5,False,4.398764017506543,False,1.7472362653286382
2021_05_TEN_JAX,2021,5,False,-0.14122161937753308,True,-1.6008641976178026
2021_06_ARI_CLE,2021,6,False,-1.1574004848383457,True,-2.9088542517289966
2021_06_BUF_TEN,2021,6,True,-1.7675291815180376,True,-0.17635617105634083
2021_06_CIN_DET,2021,6,False,0.422708324489137,False,1.6804297350882678
2021_06_DAL_NE,2021,6,False,-1.3599833840947548,True,-1.9950182153915819
2021_06_GB_CHI,2021,6,False,-3.6264578591517944,False,-0.13900110327666937
2021_06_HOU_IND,2021,6,False,4.115389413001776,True,0.014896809077114881
2021_06_KC_WAS,2021,6,False,-6.517585561132735,True,-2.5638351014009686
2021_06_LAC_BAL,2021,6,False,0.7667362452529235,False,-0.9418402461395914
2021_06_LA_NYG,2021,6,False,-1.451466093824,False,-2.767887583441812
2021_06_LV_DEN,2021,6,False,-0.3459514807619595,False,-1.0037093578589733
2021_06_MIA_JAX,2021,6,False,-3.172278184605672,False,-1.6024249748476649
2021_06_MIN_CAR,2021,6,False,-2.804653315887174,True,-0.5021969870861369
2021_06_SEA_PIT,2021,6,False,5.5442128651605955,False,-0.18009261665574172
2021_06_TB_PHI,2021,6,False,0.1266130074774825,True,-1.0763370568020179
2021_07_ATL_MIA,2021,7,True,-1.2928854564282126,True,-0.7272861260586936
2021_07_CAR_NYG,2021,7,True,0.8294732741858761,False,2.1308922791408946
2021_07_CHI_TB,2021,7,False,1.8811764579224093,False,0.01204893527442863
2021_07_CIN_BAL,2021,7,False,1.227166508175789,False,-0.6015266589141461
2021_07_DEN_CLE,2021,7,False,-4.6118878689779645,False,-4.087014262709069
2021_07_DET_LA,2021,7,False,-1.7837863892220618,False,1.646242611081945
2021_07_HOU_ARI,2021,7,False,1.6522493870532902,False,1.741540439062696
2021_07_IND_SF,2021,7,True,-0.6420615659924549,False,-0.8076424153963444
2021_07_KC_TEN,2021,7,False,-3.804140941388223,True,-2.8633804791126565
2021_07_NO_SEA,2021,7,False,1.5746331547130485,False,-0.8364498650722325
2021_07_NYJ_NE,2021,7,False,1.5497938278496424,False,2.144028585244243
2021_07_PHI_LV,2021,7,False,-2.363268873841588,False,1.904403354250448
2021_07_WAS_GB,2021,7,False,5.298990976390947,False,-1.7055918971484374
2021_08_CAR_ATL,2021,8,False,4.081823673041701,False,0.3329506382273024
2021_08_CIN_NYJ,2021,8,False,-2.9737356506884005,False,-2.037703208441876
2021_08_DAL_MIN,2021,8,False,5.54695764153919,False,2.0714334075604484
2021_08_GB_ARI,2021,8,False,-3.675620488637087,True,-0.056906774718989084
2021_08_JAX_SEA,2021,8,False,1.6753230698981474,False,-0.5132352865003682
2021_08_LA_HOU,2021,8,False,-1.0983736533332529,False,1.7050874921329822
2021_08_MIA_BUF,2021,8,False,0.30770939868196123,True,-1.3127921242250622
2021_08_NE_LAC,2021,8,False,3.034506892862393,False,1.9226779957330677
2021_08_NYG_KC,2021,8,False,5.602468215286059,False,0.6285864655745783
2021_08_PHI_DET,2021,8,False,0.16430508510480135,False,1.9533809194620346
2021_08_PIT_CLE,2021,8,False,-6.4698576117370905,False,-2.15003024002489
2021_08_SF_CHI,2021,8,False,-1.8811542738967209,False,-1.7190070343004038
2021_08_TB_NO,2021,8,False,-2.431013989327929,False,1.656124901697524
2021_08_TEN_IND,2021,8,False,3.5494640483314455,False,0.21868825331078767
2021_08_WAS_DEN,2021,8,False,2.8032883988165636,True,0.9388551445770048
2021_09_ARI_SF,2021,9,False,6.850278144588068,False,-0.8665482866692642
2021_09_ATL_NO,2021,9,False,-5.546447295866688,True,1.881943541257428
2021_09_BUF_JAX,2021,9,False,-1.3917125914853763,True,-0.8621723771622385
2021_09_CHI_PIT,2021,9,False,4.81721737693854,False,-0.03300887623307602
2021_09_CLE_CIN,2021,9,False,3.809758827894828,True,2.0222127589964813
2021_09_DEN_DAL,2021,9,False,-0.026709901032850425,False,1.8417245191273324
2021_09_GB_KC,2021,9,False,8.155039456039843,True,-2.148745262587944
2021_09_HOU_MIA,2021,9,False,-0.46576153432348644,True,-1.7566648008458046
2021_09_LAC_PHI,2021,9,False,-0.3762370402965969,True,-1.5465342955278487
2021_09_LV_NYG,2021,9,False,-0.5546429166516371,False,0.5112246976577737
2021_09_MIN_BAL,2021,9,False,0.9066280716827446,False,-0.682880557056329
2021_09_NE_CAR,2021,9,False,-0.5145211918563803,False,-0.6467653660817589
2021_09_NYJ_IND,2021,9,False,3.35753594380434,False,1.950411481657575
2021_09_TEN_LA,2021,9,False,0.8887481169822946,False,1.8204827977797393
2021_10_ATL_DAL,2021,10,True,-1.1282979579838175,False,1.726833179021746
2021_10_BAL_MIA,2021,10,False,-0.8379719300819628,False,0.5608751927074209
2021_10_BUF_NYJ,2021,10,False,-2.499891671540155,False,0.5756139416212775
2021_10_CAR_ARI,2021,10,False,-5.574530469142948,False,2.1242843208869715
2021_10_CLE_NE,2021,10,False,1.6213715979227048,True,0.2295033773264734
2021_10_DET_PIT,2021,10,False,-3.8028402412908693,False,-1.7930282976633194
2021_10_JAX_IND,2021,10,False,1.922676805694751,False,2.0774465173898946
2021_10_KC_LV,2021,10,False,-5.606633233824781,False,1.762465133394592
2021_10_LA_SF,2021,10,False,1.5818147391451083,False,2.0478466770532364
2021_10_MIN_LAC,2021,10,False,-0.37200158865187927,False,2.082634953421433
2021_10_NO_TEN,2021,10,False,-0.20052388827683476,False,-2.0234954444230056
2021_10_PHI_DEN,2021,10,False,-3.1786796400012696,False,-1.6231163726882372
2021_10_SEA_GB,2021,10,False,-0.32399129009274485,False,-1.4575475378178595
2021_10_TB_WAS,2021,10,False,-4.492425019161963,True,-0.4230088058235211
2021_11_ARI_SEA,2021,11,False,9.30404371701428,False,2.0999935614564293
2021_11_BAL_CHI,2021,11,False,2.8711250439840517,False,-0.5233421586902693
2021_11_CIN_LV,2021,11,False,-1.4757414732005303,False,1.9321460046212167
2021_11_DAL_KC,2021,11,False,3.3670136171071716,True,-1.4488803474327412
2021_11_DET_CLE,2021,11,False,-0.42517670646131833,False,0.13503255147082172
2021_11_GB_MIN,2021,11,False,-0.31531524473791883,False,2.163410106945321
2021_11_HOU_TEN,2021,11,False,-4.660645380102327,True,-0.5354982266456787
2021_11_IND_BUF,2021,11,False,-0.8968309165588639,False,-2.2032738059937884
2021_11_MIA_NYJ,2021,11,False,0.17621640536304373,False,0.7142944965032356
2021_11_NE_ATL,2021,11,False,3.6184105669902653,False,1.8092911014707127
2021_11_NO_PHI,2021,11,False,3.3775103579413988,True,0.6073024459434748
2021_11_NYG_TB,2021,11,False,3.7904925205890674,False,0.13220001206448728
2021_11_PIT_LAC,2021,11,False,-0.2739039302331765,False,2.26431788019422
2021_11_SF_JAX,2021,11,False,-1.6285659472087124,True,-1.001804847794979
2021_11_WAS_CAR,2021,11,False,4.146911400974846,False,2.593520623527624
2021_12_ATL_JAX,2021,12,False,-4.088473853128104,False,0.9166593409401216
2021_12_BUF_NO,2021,12,False,-2.4480708284488832,False,1.7919932355628418
2021_12_CAR_MIA,2021,12,False,-1.5611226543430698,False,1.0599438952376588
2021_12_CHI_DET,2021,12,False,2.005131893591754,True,2.390047389870297
2021_12_CLE_BAL,2021,12,False,2.8011968364722764,False,2.6537671856862275
2021_12_LAC_DEN,2021,12,False,-0.8043191270567398,False,2.356444206347895
2021_12_LA_GB,2021,12,False,1.3135791659141942,False,-2.4536013936217955
2021_12_LV_DAL,2021,12,False,1.3017360511824991,False,1.8193189770059135
2021_12_MIN_SF,2021,12,False,-0.31962572997772654,False,-0.42223661225292375
2021_12_NYJ_HOU,2021,12,False,6.187121643663636,False,2.119249881076584
2021_12_PHI_NYG,2021,12,False,-1.5774491906061332,False,0.9684428642333174
2021_12_PIT_CIN,2021,12,False,-1.373914235012528,False,-1.9274379930853414
2021_12_SEA_WAS,2021,12,False,-5.491275440228537,False,-0.7039194840688054
2021_12_TB_IND,2021,12,False,-0.19962736529576647,False,2.089790547560405
2021_12_TEN_NE,2021,12,False,1.5420805222272458,True,0.27086971624750333
2021_13_ARI_CHI,2021,13,False,2.5596768823554843,True,-0.3606751311992724
2021_13_BAL_PIT,2021,13,False,1.4144231246445171,False,-0.06144794125991382
2021_13_DAL_NO,2021,13,False,-1.118611944832418,False,1.950535141708606
2021_13_DEN_KC,2021,13,False,3.8591481999467323,False,-2.4296745233095436
2021_13_IND_HOU,2021,13,False,-0.3027847942019566,False,2.3196211057165286
2021_13_JAX_LA,2021,13,False,0.8951283668667589,False,2.149307377995491
2021_13_LAC_CIN,2021,13,False,-1.377464581795691,True,-1.5517859836647219
2021_13_MIN_DET,2021,13,False,1.731814440750111,False,2.1528501589114555
2021_13_NE_BUF,2021,13,False,1.3766528067265313,False,-4.130529158267969
2021_13_NYG_MIA,2021,13,True,3.9318234294957826,False,-1.1629024588334786
2021_13_PHI_NYJ,2021,13,False,-3.4904561279776285,False,2.5723017015934175
2021_13_SF_SEA,2021,13,False,5.413097879203294,False,0.7854439504415751
2021_13_TB_ATL,2021,13,False,2.0261840113510914,False,2.215462031917781
2021_13_WAS_LV,2021,13,False,2.4423718964294094,False,2.034455838543572
2021_14_ATL_CAR,2021,14,False,-3.060918261653736,False,-0.40348150908720726
2021_14_BAL_CLE,2021,14,False,-3.956350941254255,False,-2.1183597267359815
2021_14_BUF_TB,2021,14,False,1.4078484105456601,False,1.0441816618427922
2021_14_CHI_GB,2021,14,False,3.8557854583254354,False,-0.18414593212021657
2021_14_DAL_WAS,2021,14,False,-4.579861178466662,True,-0.8985644973385547
2021_14_DET_DEN,2021,14,False,0.5154553387954959,False,-0.39560392676842326
2021_14_JAX_TEN,2021,14,False,-0.9635725164823761,False,2.647743890036253
2021_14_LA_ARI,2021,14,False,-0.38700771077505314,False,0.10104851764198486
2021_14_LV_KC,2021,14,False,5.187955015867468,False,-1.6291798805306783
2021_14_NO_NYJ,2021,14,False,-2.719875673080915,True,-1.992262354315237
2021_14_NYG_LAC,2021,14,False,2.435084307045976,False,2.3160600828946585
2021_14_PIT_MIN,2021,14,False,-1.7660507299947517,False,2.089315106166829
2021_14_SEA_HOU,2021,14,False,-5.706438891644966,True,0.7318875315490914
2021_14_SF_CIN,2021,14,False,1.0111509539418158,False,-1.03609541940272
2021_15_ARI_DET,2021,15,True,2.9070387507910977,False,2.053798649048609
2021_15_ATL_SF,2021,15,False,-3.9160137917585716,True,2.3721504560637783
2021_15_CAR_BUF,2021,15,False,0.27529245868066177,False,-5.021270876654199
2021_15_CIN_DEN,2021,15,False,-0.13770068816892334,False,-1.5260871371480746
2021_15_DAL_NYG,2021,15,False,-4.137465828474928,True,-0.06190616986305031
2021_15_GB_BAL,2021,15,False,-2.90564274849498,False,-1.5023731030061356
2021_15_HOU_JAX,2021,15,False,1.1108326088511054,False,-1.4728925357277802
2021_15_KC_LAC,2021,15,False,-1.7910570336868692,False,2.017769377635112
2021_15_LV_CLE,2021,15,False,-4.9078674356622365,False,-0.2461860102897404
2021_15_MIN_CHI,2021,15,False,-4.149705107517968,True,0.09293695839058103
2021_15_NE_IND,2021,15,False,2.2908929263495796,True,2.5263054538744925
2021_15_NO_TB,2021,15,False,2.7591775367369014,False,2.455864246391613
2021_15_NYJ_MIA,2021,15,False,2.173496431628367,False,-0.20601302932841037
2021_15_SEA_LA,2021,15,False,-4.995079917723347,True,1.897385594571361
2021_15_TEN_PIT,2021,15,False,5.069964462604821,False,-5.982893166752476
2021_15_WAS_PHI,2021,15,False,2.550957045436971,True,0.05862141299259349
2021_16_BAL_CIN,2021,16,False,5.623387746422754,False,2.433552080644624
2021_16_BUF_NE,2021,16,False,-2.111366105808874,False,-2.3404124841071052
2021_16_CHI_SEA,2021,16,False,7.775643215743646,False,-5.852764949345328
2021_16_CLE_GB,2021,16,False,1.5160855503174755,False,-1.17007958751649
2021_16_DEN_LV,2021,16,False,4.932724517268726,True,2.213236036759966
2021_16_DET_ATL,2021,16,False,8.379134310242302,False,0.6074926127078086
2021_16_IND_ARI,2021,16,False,-1.6618325316467697,False,2.3706011375030087
2021_16_JAX_NYJ,2021,16,False,-2.6204343661028684,False,2.73393696395226
2021_16_LAC_HOU,2021,16,False,-1.0550337877293643,False,2.4665894289598427
2021_16_LA_MIN,2021,16,False,2.1661291697596523,False,2.235745639807746
2021_16_MIA_NO,2021,16,True,-2.2095642092151104,False,2.302242988518067
2021_16_NYG_PHI,2021,16,False,1.8494926374118759,False,-0.7020004286095656
2021_16_PIT_KC,2021,16,False,-0.3962965780221026,True,-2.3422706478295154
2021_16_SF_TEN,2021,16,False,0.3628826457924712,False,-0.11760030274285072
2021_16_TB_CAR,2021,16,False,-2.680321323659987,True,-0.05326303941994581
2021_16_WAS_DAL,2021,16,False,5.0980508845781705,False,2.4834681420532263
2021_17_ARI_DAL,2021,17,False,2.1619027229499386,False,2.267052201878734
2021_17_ATL_BUF,2021,17,False,-2.2671939971326225,False,-6.191461316846613
2021_17_CAR_NO,2021,17,True,-0.09064621705287859,True,2.6545002760027216
2021_17_CLE_PIT,2021,17,False,6.189901111057717,False,-5.948435683037594
2021_17_DEN_LAC,2021,17,False,4.6524601784385995,True,2.393994433501952
2021_17_DET_SEA,2021,17,False,7.768340242727617,True,2.656930012103061
2021_17_HOU_SF,2021,17,False,-5.175712300595192,False,0.21790602489635802
2021_17_JAX_NE,2021,17,False,1.4574165195076318,False,1.023052526701676
2021_17_KC_CIN,2021,17,False,-2.3317232151299407,False,-2.265771851880956
2021_17_LA_BAL,2021,17,False,-3.333170755630709,False,0.07223437342626937
2021_17_LV_IND,2021,17,False,1.3721258147982525,False,2.4518385205869393
2021_17_MIA_TEN,2021,17,False,1.691555313699499,False,-1.8353518900526424
2021_17_MIN_GB,2021,17,False,4.785136041932313,False,-5.107249351089692
2021_17_NYG_CHI,2021,17,False,3.6990956602976155,False,-6.294592490294562
2021_17_PHI_WAS,2021,17,True,-1.231453343907841,False,1.017568269284574
2021_17_TB_NYJ,2021,17,False,-2.7556666482359713,True,-0.4431993262310172
2021_18_CAR_TB,2021,18,False,0.6674020894703006,False,1.641113491283754
2021_18_CHI_MIN,2021,18,False,-1.3303237090924072,False,2.7271664052509337
2021_18_CIN_CLE,2021,18,False,5.302323940645077,False,-2.064605240644539
2021_18_DAL_PHI,2021,18,False,-2.16540841122555,False,-5.2069587566393665
2021_18_GB_DET,2021,18,False,0.005821839194730671,False,2.3179295826556015
2021_18_IND_JAX,2021,18,False,-2.4550424269516746,False,-0.9192159403256497
2021_18_KC_DEN,2021,18,False,-5.898396177245463,True,1.0505732353080148
2021_18_LAC_LV,2021,18,False,-0.33265968614490227,False,2.0333470825127336
2021_18_NE_MIA,2021,18,False,2.105762717519415,False,-0.30832003824375676
2021_18_NO_ATL,2021,18,True,3.000021969868171,False,2.4297411943790266
2021_18_NYJ_BUF,2021,18,False,3.293995325443305,False,-0.9769715537728132
2021_18_PIT_BAL,2021,18,True,-5.286164551958103,False,2.9002390829893443
2021_18_SEA_ARI,2021,18,False,-3.15533892655123,False,0.4067558702823888
2021_18_SF_LA,2021,18,False,1.6629821998283552,True,2.063525191765315
2021_18_TEN_HOU,2021,18,False,-0.6699462858588916,False,2.3705296424653426
2021_18_WAS_NYG,2021,18,False,2.638445876549525,True,3.379197164901157
2022_01_BAL_NYJ,2022,1,False,-4.118436691137843,False,1.099769521696544
2022_01_BUF_LA,2022,1,False,0.2775180275089012,False,1.7077366901459357
2022_01_CLE_CAR,2022,1,False,0.3196421194916621,False,1.282291434845149
2022_01_DEN_SEA,2022,1,False,-2.4560648933047755,True,1.0128483716367782
2022_01_GB_MIN,2022,1,False,-1.3787464534557463,False,1.7710558300020267
2022_01_IND_HOU,2022,1,False,-1.3353709329244214,False,1.7460289400766769
2022_01_JAX_WAS,2022,1,False,3.515306875833621,False,1.0649345850225913
2022_01_KC_ARI,2022,1,False,-1.7270609025117079,False,1.7167787594851731
2022_01_LV_LAC,2022,1,False,2.1012501408376316,False,1.6004749082969596
2022_01_NE_MIA,2022,1,False,-0.516917017740331,False,0.9412530288821657
2022_01_NO_ATL,2022,1,False,-0.9230056394357891,True,1.7457084734055925
2022_01_NYG_TEN,2022,1,False,-1.0515327305784954,False,1.154811915845471
2022_01_PHI_DET,2022,1,False,-1.0800878015010682,False,1.7526671236913884
2022_01_PIT_CIN,2022,1,False,2.3914594850289848,False,0.9573325934729979
2022_01_SF_CHI,2022,1,False,-1.8645475192822836,True,1.0829751940061314
2022_01_TB_DAL,2022,1,True,0.06388881788939882,False,1.7348536639730057
2022_02_ARI_LV,2022,2,False,-3.4914414264343403,False,1.6785134917467772
2022_02_ATL_LA,2022,2,False,1.634686409240735,False,1.9195802185764492
2022_02_CAR_NYG,2022,2,False,-2.099229102654845,True,1.4440100881965918
2022_02_CHI_GB,2022,2,False,6.640103189548659,False,1.1549732252126148
2022_02_CIN_DAL,2022,2,False,-8.039747490288962,False,1.8719503254304044
2022_02_HOU_DEN,2022,2,False,0.09345935182362908,True,0.8499257896317189
2022_02_IND_JAX,2022,2,False,-3.3902356907074624,False,0.9908516854870086
2022_02_LAC_KC,2022,2,False,0.9406541589539832,False,0.5498961926245372
2022_02_MIA_BAL,2022,2,False,2.027796410106925,False,0.9883598136357676
2022_02_MIN_PHI,2022,2,False,0.8541192612068933,False,1.2319393156116831
2022_02_NE_PIT,2022,2,False,-0.5640090950531125,False,1.0793138684190993
2022_02_NYJ_CLE,2022,2,False,0.9818128639996679,False,1.3598733917499075
2022_02_SEA_SF,2022,2,True,-1.6918857132921876,True,0.8263289347746792
2022_02_TB_NO,2022,2,False,1.973322844593877,False,1.7936737942158985
2022_02_TEN_BUF,2022,2,False,1.1733426930461057,False,1.17623626432772
2022_02_WAS_DET,2022,2,False,-1.226528366218969,True,1.9597676752054198
2022_03_ATL_SEA,2022,3,False,-0.03465199503227012,True,1.0066093541650503
2022_03_BAL_NE,2022,3,False,-0.4894542909427031,True,0.9510102561617657
2022_03_BUF_MIA,2022,3,False,1.5390984988308505,False,0.7524776360612222
2022_03_CIN_NYJ,2022,3,False,-4.692325608306631,False,1.077440369753461
2022_03_DAL_NYG,2022,3,False,0.7018606007827399,True,1.2703171476293065
2022_03_DET_MIN,2022,3,False,0.03268770665628917,False,2.042280196658595
2022_03_GB_TB,2022,3,False,-2.670420332538858,False,1.065500765337461
2022_03_HOU_CHI,2022,3,False,-3.4803955355768488,True,1.379988795230581
2022_03_JAX_LAC,2022,3,False,3.645616969057965,False,1.846972105263454
2022_03_KC_IND,2022,3,False,1.3237704265253272,False,1.1143033020946334
2022_03_LA_ARI,2022,3,True,2.485337551888115,False,1.7282959293580404
2022_03_LV_TEN,2022,3,False,-1.4849753212519023,False,1.0086113663985472
2022_03_NO_CAR,2022,3,False,-1.369856183517224,False,1.1741615313165354
2022_03_PHI_WAS,2022,3,False,0.9264184765464685,False,1.1137709419342698
2022_03_PIT_CLE,2022,3,False,-3.009062384805389,True,1.12214037277068
2022_03_SF_DEN,2022,3,True,-0.46938075258828293,False,1.0258120516159508
2022_04_ARI_CAR,2022,4,False,-1.044879781747794,False,1.4396777490467372
2022_04_BUF_BAL,2022,4,False,3.212850912578565,False,1.115023405533961
2022_04_CHI_NYG,2022,4,False,3.616471280064288,True,1.7471257210170705
2022_04_CLE_ATL,2022,4,False,0.2058626226769682,True,1.4092427130022713
2022_04_DEN_LV,2022,4,False,-1.4578395901563619,False,1.7051379602451462
2022_04_JAX_PHI,2022,4,False,2.772489367747335,False,1.0187469774177913
2022_04_KC_TB,2022,4,False,-0.4501240997262532,False,0.8269417079629804
2022_04_LAC_HOU,2022,4,False,-1.242141914577592,False,1.9518346492039171
2022_04_LA_SF,2022,4,False,1.468428931488411,False,0.9768215381563792
2022_04_MIA_CIN,2022,4,False,4.430188316488192,False,0.6871496515014783
2022_04_MIN_NO,2022,4,False,-1.302955841136138,False,0.958141527431259
2022_04_NE_GB,2022,4,False,3.043957430691605,True,1.2843264515262405
2022_04_NYJ_PIT,2022,4,False,4.379436635931092,True,1.4881083251078309
2022_04_SEA_DET,2022,4,True,-1.4559074302849544,False,1.9060758670344313
2022_04_TEN_IND,2022,4,False,4.872287792385882,False,1.0475918870247583
2022_04_WAS_DAL,2022,4,False,-3.1746015279201063,True,1.9333543028281497
2022_05_ATL_TB,2022,5,False,1.1236155184560257,False,1.0067912286867795
2022_05_CHI_MIN,2022,5,False,2.4033218640339378,False,2.3044157741125204
2022_05_CIN_BAL,2022,5,False,-1.684035442123342,False,1.0243817042161751
2022_05_DAL_LA,2022,5,False,0.9929636582382176,False,1.89449771336605
2022_05_DET_NE,2022,5,False,-2.2438327713702555,False,1.522157068990218
2022_05_HOU_JAX,2022,5,False,-2.1534399159935553,False,1.2446835483850691
2022_05_IND_DEN,2022,5,False,-1.3502086673326255,False,0.8461981637346199
2022_05_LAC_CLE,2022,5,False,-1.6359007510047263,False,1.4190899027721926
2022_05_LV_KC,2022,5,False,2.3561157641992407,False,0.9454153163253309
2022_05_MIA_NYJ,2022,5,False,-0.9567306698660185,False,1.0553680128000025
2022_05_NYG_GB,2022,5,False,5.195535584730699,True,1.6793166584803174
2022_05_PHI_ARI,2022,5,False,2.093140336387636,False,2.111779980037923
2022_05_PIT_BUF,2022,5,True,-1.6069982005299561,False,1.3838482077603587
2022_05_SEA_NO,2022,5,True,-1.7350527888506648,False,1.6772459979586287
2022_05_SF_CAR,2022,5,False,-0.11097884048659257,True,1.217083975113077
2022_05_TEN_WAS,2022,5,False,3.8095021829786315,False,1.1144470404802433
2022_06_ARI_SEA,2022,6,False,-1.5452502946091078,False,1.0571880687692214
2022_06_BAL_NYG,2022,6,False,-3.9053978520697408,True,1.67981268873816
2022_06_BUF_KC,2022,6,False,0.5929770821753754,False,0.9770687491018322
2022_06_CAR_LA,2022,6,False,2.5163269714660315,False,2.1093078492696975
2022_06_CIN_NO,2022,6,False,-5.646561642536265,False,1.6914458929709895
2022_06_DAL_PHI,2022,6,False,-0.03275720060662035,False,1.3797811582912587
2022_06_DEN_LAC,2022,6,False,0.0815207553697661,False,2.0816237662246095
2022_06_JAX_IND,2022,6,False,4.543183513175457,False,1.1291821973420042
2022_06_MIN_MIA,2022,6,False,0.4800744812512504,False,1.1952704022656206
2022_06_NE_CLE,2022,6,False,0.5060771307844546,True,1.763387538544123
2022_06_NYJ_GB,2022,6,False,4.959130759248465,False,1.4811979332107867
2022_06_SF_ATL,2022,6,False,-1.0983736464581382,False,1.2098758053641703
2022_06_TB_PIT,2022,6,False,0.17097202352930907,False,1.34014590432988
2022_06_WAS_CHI,2022,6,False,-3.2340802335236316,True,1.3448868790908861
2022_07_ATL_CIN,2022,7,False,3.3881335640130077,True,1.061855215672587
2022_07_CHI_NE,2022,7,True,2.4342920346130796,True,1.8660168197466973
2022_07_CLE_BAL,2022,7,False,1.6858651341475914,True,1.7102316753931035
2022_07_DET_DAL,2022,7,False,1.989708175936185,False,2.5698716306418063
2022_07_GB_WAS,2022,7,False,-4.009602068420319,False,1.6858356785363355
2022_07_HOU_LV,2022,7,False,-1.071738493814376,True,2.6409312739195627
2022_07_IND_TEN,2022,7,False,-3.120547323950233,True,1.31615979842028
2022_07_KC_SF,2022,7,True,0.3331594065986295,False,0.9305946627641077
2022_07_NO_ARI,2022,7,False,1.8083442704306372,False,0.954118455027448
2022_07_NYG_JAX,2022,7,False,-0.21644310445227877,True,1.515367919523264
2022_07_NYJ_DEN,2022,7,True,-1.0118588370340116,False,1.4970788113928677
2022_07_PIT_MIA,2022,7,False,-1.102863846359111,True,1.347830367433481
2022_07_SEA_LAC,2022,7,False,1.4081021830448388,False,2.1571146586391023
2022_07_TB_CAR,2022,7,False,-0.44630730066213253,False,1.2206957230872248
2022_08_ARI_MIN,2022,8,True,-0.8462693575685909,False,2.480937524308672
2022_08_BAL_TB,2022,8,False,-3.2746541408767236,True,1.224518150692937
2022_08_CAR_ATL,2022,8,False,-1.8515548505892694,True,2.0722289997558008
2022_08_CHI_DAL,2022,8,False,4.336038566033437,False,1.6913326178918098
2022_08_CIN_CLE,2022,8,False,-1.990886970942765,False,-0.7539513432852303
2022_08_DEN_JAX,2022,8,False,-3.6819813683548697,True,1.4536977073314716
2022_08_GB_BUF,2022,8,False,-2.9658804278079645,False,1.5698970529834426
2022_08_LV_NO,2022,8,False,1.0096512407335467,True,2.0503200108817907
2022_08_MIA_DET,2022,8,False,-0.11845292755504389,False,2.1450007516557648
2022_08_NE_NYJ,2022,8,False,-3.470871374129679,True,1.6091853418116315
2022_08_NYG_SEA,2022,8,False,3.3044153561241942,True,1.5155671701796791
2022_08_PIT_PHI,2022,8,False,-0.7636177917863662,False,1.702173209306359
2022_08_SF_LA,2022,8,False,0.12430976670270755,True,2.0719411543471438
2022_08_TEN_HOU,2022,8,False,4.938414958835598,True,2.0953649923265587
2022_08_WAS_IND,2022,8,True,-1.7971001525162615,False,2.2703485486713646
2022_09_BAL_NO,2022,9,False,-2.690526480651959,False,2.382767454758664
2022_09_BUF_NYJ,2022,9,False,-1.3759151795799003,True,-2.0434122338711873
2022_09_CAR_CIN,2022,9,False,2.191429410572958,False,-1.570221307030252
2022_09_GB_DET,2022,9,False,-2.0777992613406866,False,2.378121074605154
2022_09_IND_NE,2022,9,False,2.572990598927835,False,-2.1388370294379087
2022_09_LAC_ATL,2022,9,False,-1.6989312293370518,False,1.5279452022247
2022_09_LA_TB,2022,9,False,-1.5947972834950077,True,1.8433233224264214
2022_09_LV_JAX,2022,9,False,-1.9870520818599373,True,-1.6781606066454202
2022_09_MIA_CHI,2022,9,False,-2.379531937276529,False,-1.8922266293412093
2022_09_MIN_WAS,2022,9,False,0.2133566035255221,False,-1.3928653177505268
2022_09_PHI_HOU,2022,9,False,0.9779563750526634,False,2.4776930261988426
2022_09_SEA_ARI,2022,9,False,0.4235553364132374,False,1.2612761494123035
2022_09_TEN_KC,2022,9,False,4.574675687237079,False,-0.27150776904556295
2022_10_ARI_LA,2022,10,True,-1.3627511056931887,False,2.0345419139997745
2022_10_ATL_CAR,2022,10,False,0.9819912890276332,False,-2.0251264754760996
2022_10_CLE_MIA,2022,10,False,0.6840176103392426,False,0.8358148595032233
2022_10_DAL_GB,2022,10,False,1.6225601349691647,True,-0.17908479735100968
2022_10_DEN_TEN,2022,10,False,-1.5080882644608402,False,-0.3310051972427388
2022_10_DET_CHI,2022,10,False,-4.325904020522771,False,-1.725556874103198
2022_10_HOU_NYG,2022,10,False,-3.626957682260498,False,-0.7982917589334448
2022_10_IND_LV,2022,10,False,-4.076568198356941,False,2.0858470363022263
2022_10_JAX_KC,2022,10,False,3.3866088994243126,False,-0.5232658389342575
2022_10_LAC_SF,2022,10,False,-0.06934253543562008,False,0.17714758029713096
2022_10_MIN_BUF,2022,10,False,-0.09061142399917088,False,-1.330139815870993
2022_10_NO_PIT,2022,10,False,1.7148044424228344,False,-1.4414950513292126
2022_10_SEA_TB,2022,10,False,0.0823805820811645,False,1.2607525277237244
2022_10_WAS_PHI,2022,10,False,-1.9128391775232387,False,0.34200695421230876
2022_11_CAR_BAL,2022,11,False,2.9297504695117667,False,1.9059756303672089
2022_11_CHI_ATL,2022,11,False,3.109394888244858,False,2.8158205521860964
2022_11_CIN_PIT,2022,11,False,-0.5913647798409931,False,-5.309110798753579
2022_11_CLE_BUF,2022,11,True,0.4975069531381173,True,2.764320555865339
2022_11_DAL_MIN,2022,11,False,-2.0475604412603894,False,2.411458033910918
2022_11_DET_NYG,2022,11,False,-3.7572503443878924,False,-2.9379371560670364
2022_11_KC_LAC,2022,11,False,2.6544527473551804,False,2.0363120520182605
2022_11_LA_NO,2022,11,False,-3.8139404223464606,False,1.9221854381065668
2022_11_LV_DEN,2022,11,False,1.3870484331560626,False,-1.6054680629653362
2022_11_NYJ_NE,2022,11,False,4.182962187059209,True,2.151562757431307
2022_11_PHI_IND,2022,11,False,-1.5503269292163422,False,2.525734397685035
2022_11_SF_ARI,2022,11,False,-2.6654829740228303,False,1.3981509652198199
2022_11_TEN_GB,2022,11,True,2.958506244092592,False,-5.092328858965388
2022_11_WAS_HOU,2022,11,False,-0.5744841003721661,False,2.648145320242449
2022_12_ATL_WAS,2022,12,False,-0.2078428189794712,False,-0.601640168917875
2022_12_BAL_JAX,2022,12,False,-4.48646440775536,False,-2.3906567493853217
2022_12_BUF_DET,2022,12,False,-0.5326586636639252,False,2.2743062963542044
2022_12_CHI_NYJ,2022,12,False,0.21354411023218045,True,-0.10412134230163161
2022_12_CIN_TEN,2022,12,False,-2.240782103902303,False,-2.2277911082894377
2022_12_DEN_CAR,2022,12,False,-0.9723384692936186,False,-1.2609987439950032
2022_12_GB_PHI,2022,12,False,-1.522987601725763,False,-3.2040927563751467
2022_12_HOU_MIA,2022,12,False,-4.106990480642729,False,-1.02001390952951
2022_12_LAC_ARI,2022,12,False,-2.567227540409255,False,2.50304670877302
2022_12_LA_KC,2022,12,False,2.5676777125067343,False,-0.2775839202778698
2022_12_LV_SEA,2022,12,True,1.2307410237308423,False,-0.5344931341804298
2022_12_NE_MIN,2022,12,True,-0.5785859450153352,False,2.281620346662855
2022_12_NO_SF,2022,12,False,3.213830681227204,True,0.9659146173023885
2022_12_NYG_DAL,2022,12,False,4.367308202610028,True,2.082270457803631
2022_12_PIT_IND,2022,12,False,0.8769913476046742,True,2.5024637550182263
2022_12_TB_CLE,2022,12,False,0.1100814205371583,False,-2.1774195444377256
2022_13_BUF_NE,2022,13,False,0.5028308888451347,False,1.4135537708201298
2022_13_CLE_HOU,2022,13,False,1.1201784471440686,False,2.6165441429194587
2022_13_DEN_BAL,2022,13,False,-0.8158486133253984,False,-0.2480726499399708
2022_13_GB_CHI,2022,13,False,-7.41402434830559,False,-1.253747303437848
2022_13_IND_DAL,2022,13,False,-2.64933799605895,False,2.4723449337452976
2022_13_JAX_DET,2022,13,False,1.6482579881443893,False,2.28012992889294
2022_13_KC_CIN,2022,13,False,3.0020936307674924,False,1.2557225168737105
2022_13_LAC_LV,2022,13,False,-3.8114584884641225,False,2.1803912778238725
2022_13_MIA_SF,2022,13,False,2.7943098137629363,False,-0.2043652341734301
2022_13_NO_TB,2022,13,False,1.5722329706884586,True,1.0187807471175248
2022_13_NYJ_MIN,2022,13,False,1.8487833101592375,False,2.675179018383716
2022_13_PIT_ATL,2022,13,False,-1.2997814521537725,True,2.523356541221588
2022_13_SEA_LA,2022,13,False,-3.5831149885378535,False,2.0266181413635707
2022_13_TEN_PHI,2022,13,False,1.328669512939804,False,0.24915488104714711
2022_13_WAS_NYG,2022,13,False,-2.7561391990191026,False,-0.5796295963608458
2022_14_BAL_PIT,2022,14,False,5.135335048572257,False,-1.61462870646492
2022_14_CAR_SEA,2022,14,False,-0.3526911066185896,False,1.051650779118333
2022_14_CLE_CIN,2022,14,False,-1.7788243323492337,False,-0.3484971788738207
2022_14_HOU_DAL,2022,14,False,-1.5928176274018604,False,2.4320532580562997
2022_14_JAX_TEN,2022,14,False,0.4749943686547451,False,-0.6782999442995461
2022_14_KC_DEN,2022,14,False,1.942007328055551,True,0.6760794252512596
2022_14_LV_LA,2022,14,False,2.9980325336349303,False,2.1574735910938614
2022_14_MIA_LAC,2022,14,False,2.6248871401187905,False,2.555299953645907
2022_14_MIN_DET,2022,14,False,-2.836448325891289,False,2.3096765820948946
2022_14_NE_ARI,2022,14,False,0.08497547844223119,False,2.8199149168780053
2022_14_NYJ_BUF,2022,14,False,0.8723851004462269,False,-1.03898647814232
2022_14_PHI_NYG,2022,14,False,-2.0867454380999444,False,0.5469617961166691
2022_14_TB_SF,2022,14,False,-6.359902699148895,False,-0.8393801434903168
2022_15_ARI_DEN,2022,15,False,-4.605207516872669,True,1.1326207952303378
2022_15_ATL_NO,2022,15,False,2.321135400774175,True,2.5870141314308484
2022_15_BAL_CLE,2022,15,False,6.227041129748323,False,-1.4143765125017396
2022_15_CIN_TB,2022,15,False,-0.04721212929945828,True,0.16609383402202837
2022_15_DAL_JAX,2022,15,False,-1.5412892437820833,False,-0.9983606391474353
2022_15_DET_NYJ,2022,15,True,-1.3212724029638427,True,-1.7593386936144384
2022_15_IND_MIN,2022,15,False,-1.6646396597087718,False,2.6255760788772164
2022_15_KC_HOU,2022,15,False,-0.16671104715617346,False,2.2743395178780617
2022_15_LA_GB,2022,15,False,1.9840378637013139,False,-2.4204852965781427
2022_15_MIA_BUF,2022,15,False,0.954764065486903,False,-2.871304395159747
2022_15_NE_LV,2022,15,False,-3.1200773721555226,False,2.5792229012338836
2022_15_NYG_WAS,2022,15,True,1.7714110245615302,False,-1.3457255886309554
2022_15_PHI_CHI,2022,15,False,-2.670946422646738,True,-4.712321704555372
2022_15_PIT_CAR,2022,15,True,0.3132785154301295,True,0.18909987284926189
2022_15_SF_SEA,2022,15,False,6.642916031162073,True,0.9117193797407097
2022_15_TEN_LAC,2022,15,False,3.6617923487934183,False,2.575902591092728
2022_16_ATL_BAL,2022,16,False,-2.006600913607735,False,-4.0528017320871825
2022_16_BUF_CHI,2022,16,False,-4.5302336053025005,False,-5.290480074898085
2022_16_CIN_NE,2022,16,False,-1.936600104542629,False,-2.152301686725835
2022_16_DEN_LA,2022,16,False,-0.98190449571536,True,2.6069029429324075
2022_16_DET_CAR,2022,16,False,2.5589108007405517,False,-5.5053562627941375
2022_16_GB_MIA,2022,16,False,-2.413456672912088,False,-1.6665043228360759
2022_16_HOU_TEN,2022,16,True,-9.042680911832356,False,-6.083068606826863
2022_16_JAX_NYJ,2022,16,False,0.7632704609030029,False,-2.303298079990718
2022_16_LAC_IND,2022,16,False,-3.266809009864253,False,2.9239512163443138
2022_16_LV_PIT,2022,16,False,0.5695100032342797,False,-6.721668949952573
2022_16_NO_CLE,2022,16,False,6.286069051468256,False,-8.243127371176627
2022_16_NYG_MIN,2022,16,False,2.66738418846717,False,2.452123138080573
2022_16_PHI_DAL,2022,16,False,2.2189899625363045,False,2.7042577059195168
2022_16_SEA_KC,2022,16,False,-0.44069311165205427,True,-4.716959895487015
2022_16_TB_ARI,2022,16,False,-3.1079394202337625,False,1.71210251111048
2022_16_WAS_SF,2022,16,False,-4.571341470383208,True,1.6780640071735178
2022_17_ARI_ATL,2022,17,False,2.149639245594381,True,2.931754891905122
2022_17_CAR_TB,2022,17,False,3.8859658618592876,True,1.268387133542106
2022_17_CHI_DET,2022,17,False,0.9317980097957932,False,2.669776205243494
2022_17_CLE_WAS,2022,17,False,-3.4493886700043794,False,-0.028188839314282177
2022_17_DAL_TEN,2022,17,True,-6.34819169873915,False,0.8200561631382683
2022_17_DEN_KC,2022,17,False,-0.9947791820425103,False,1.629417162960138
2022_17_IND_NYG,2022,17,False,-2.099272043475927,False,-1.5263009257265097
2022_17_JAX_HOU,2022,17,False,4.223606788225851,False,2.2463477880151714
2022_17_LA_LAC,2022,17,False,2.843963732204789,False,2.6563690859532016
2022_17_MIA_NE,2022,17,False,1.642559010440414,False,1.818481307445424
2022_17_MIN_GB,2022,17,True,1.7024559102694772,False,-0.037417199444270466
2022_17_NO_PHI,2022,17,False,-0.630080628000754,False,-1.0195914273728661
2022_17_NYJ_SEA,2022,17,False,1.3234443427259084,False,1.799776522578135
2022_17_PIT_BAL,2022,17,True,-2.1634083945340947,True,1.6770562326839027
2022_17_SF_LV,2022,17,False,0.25454260246502525,True,2.2028391254709163
2022_18_ARI_SF,2022,18,False,0.917347927478275,True,1.5779594080950048
2022_18_BAL_CIN,2022,18,False,6.158317092541149,False,-0.03872519545377173
2022_18_CAR_NO,2022,18,False,-0.3319632417668803,True,2.203654209514241
2022_18_CLE_PIT,2022,18,False,-3.1288554967594506,False,-0.25959019513305037
2022_18_DAL_WAS,2022,18,True,-2.7932879214443647,False,-0.010889483917175369
2022_18_DET_GB,2022,18,False,3.7866442738960937,False,-2.654203044965321
2022_18_HOU_IND,2022,18,False,-3.440615560819436,True,2.7084532651250655
2022_18_KC_LV,2022,18,False,-1.570089762414261,False,2.21845249984991
2022_18_LAC_DEN,2022,18,False,0.7266619113231396,True,1.3341091694921374
2022_18_LA_SEA,2022,18,False,0.392667564200623,False,1.068091993443609
2022_18_MIN_CHI,2022,18,False,-9.281284766532128,False,-1.7102053385608613
2022_18_NE_BUF,2022,18,False,-1.7685632884515066,False,-3.3287860961234657
2022_18_NYG_PHI,2022,18,True,3.908896515372427,False,-0.9361779975744966
2022_18_NYJ_MIA,2022,18,False,-4.011036738662258,False,-0.3443823852021026
2022_18_TB_ATL,2022,18,False,4.795645825572849,True,2.303798512114348
2022_18_TEN_JAX,2022,18,False,-0.3638854106605116,False,0.9191945104332149
2023_01_ARI_WAS,2023,1,False,2.4551642459923384,False,-1.9245198426501133
2023_01_BUF_NYJ,2023,1,False,-0.040850385932136746,True,-2.035051055470653
2023_01_CAR_ATL,2023,1,False,2.27368963171285,False,1.9153079857899513
2023_01_CIN_CLE,2023,1,False,-0.8241444819107921,True,-1.9897374860460744
2023_01_DAL_NYG,2023,1,False,-2.008071712124407,False,-2.0344019789918732
2023_01_DET_KC,2023,1,False,3.118572947948687,True,-2.025346332135065
2023_01_GB_CHI,2023,1,False,0.002242290246257106,False,-1.6977681259774329
2023_01_HOU_BAL,2023,1,False,5.401587742424183,False,-2.072605558882735
2023_01_JAX_IND,2023,1,False,-2.4823879731656424,False,1.9330960669213653
2023_01_LA_SEA,2023,1,False,0.9710499900091276,True,-1.966161136226063
2023_01_LV_DEN,2023,1,True,-1.2700637876135366,False,-2.0654033106657295
2023_01_MIA_LAC,2023,1,False,1.487674962669923,False,2.1178263487804685
2023_01_PHI_NE,2023,1,False,-1.4092580955841387,True,-1.845001531840893
2023_01_SF_PIT,2023,1,False,-1.8260373841211077,False,-2.1782824736493254
2023_01_TB_MIN,2023,1,False,0.8448132795842471,False,1.7501631978317391
2023_01_TEN_NO,2023,1,False,-1.553648172196092,False,1.934477262025851
2023_02_BAL_CIN,2023,2,False,2.8493605896549195,True,-1.923252700082834
2023_02_CHI_TB,2023,2,True,2.0010454210995947,False,-1.9656611456077613
2023_02_CLE_PIT,2023,2,False,-2.2590389772891917,False,-1.87574144761156
2023_02_GB_ATL,2023,2,True,-0.03500872134283406,False,-2.062688401094398
2023_02_IND_HOU,2023,2,False,-2.2042280713797964,False,-2.1588909471553848
2023_02_KC_JAX,2023,2,False,-1.3824023637742013,True,-2.0021240121959707
2023_02_LAC_TEN,2023,2,False,-2.357795092256114,False,-1.925967825098759
2023_02_LV_BUF,2023,2,False,0.10589534345910767,False,-2.0510324996529405
2023_02_MIA_NE,2023,2,False,-0.6817624349732588,False,-2.095669985535288
2023_02_MIN_PHI,2023,2,False,1.188813103495316,True,-2.2099874490979587
2023_02_NO_CAR,2023,2,False,-0.8074638414942332,False,-2.1505506073775322
2023_02_NYG_ARI,2023,2,False,-3.1597809059402415,True,2.3469744593674307
2023_02_NYJ_DAL,2023,2,True,3.1879008049411803,False,-2.0080481958663228
2023_02_SEA_DET,2023,2,False,-1.129905311921144,False,2.1184688354891463
2023_02_SF_LA,2023,2,False,-3.5790538269023884,True,1.9340243745195735
2023_02_WAS_DEN,2023,2,False,0.8279689885508157,False,-2.047612889185608
2023_03_ATL_DET,2023,3,True,-1.7739197214415374,False,1.9272841058594068
2023_03_BUF_WAS,2023,3,False,-1.207915957317987,False,1.4832634857283082
2023_03_CAR_SEA,2023,3,False,1.7787699660567196,True,1.2330736180145934
2023_03_CHI_KC,2023,3,False,4.63069151502931,True,-1.5822304576687856
2023_03_DAL_ARI,2023,3,False,-2.1975331873975286,False,-2.109824148643291
2023_03_DEN_MIA,2023,3,False,1.1518743518275487,True,0.9582751429854852
2023_03_HOU_JAX,2023,3,False,2.4307510866934976,False,0.33479449289733054
2023_03_IND_BAL,2023,3,False,0.05322808686780078,False,0.8141375670017297
2023_03_LAC_MIN,2023,3,False,-3.425101422989969,False,1.6909915341594015
2023_03_LA_CIN,2023,3,False,3.885507637518374,False,-0.45248183428240196
2023_03_NE_NYJ,2023,3,False,-1.8659839158088434,False,-2.186436167844093
2023_03_NO_GB,2023,3,False,2.463641129210583,False,-1.2645131304490391
2023_03_NYG_SF,2023,3,False,2.57504451640622,False,-1.9807698607309305
2023_03_PHI_TB,2023,3,False,-1.1099720450597295,False,1.095459110015483
2023_03_PIT_LV,2023,3,True,2.4499918830580696,True,1.8760891797183206
2023_03_TEN_CLE,2023,3,False,3.0398191098461336,False,0.33067741459748845
2023_04_ARI_SF,2023,4,False,4.14051604219915,False,-1.014381035646089
2023_04_ATL_JAX,2023,4,False,1.8762494562257754,False,-2.0078075778016498
2023_04_BAL_CLE,2023,4,False,-3.58852590541982,True,-0.23765550744523267
2023_04_CIN_TEN,2023,4,False,-3.9521297364710812,False,1.4402332158620936
2023_04_DEN_CHI,2023,4,False,-1.577123513297386,False,2.420082559017615
2023_04_DET_GB,2023,4,False,0.06789028859384438,False,-0.9701894930094213
2023_04_KC_NYJ,2023,4,False,-2.125487160222958,False,0.24128373581066143
2023_04_LA_IND,2023,4,False,-1.7996501114443684,True,-1.7174325604950198
2023_04_LV_LAC,2023,4,False,3.240191938249047,False,1.718817462845351
2023_04_MIA_BUF,2023,4,False,1.5045170279936066,False,0.8973915848568055
2023_04_MIN_CAR,2023,4,False,-2.6109489461236732,False,-0.9734801949129732
2023_04_NE_DAL,2023,4,False,0.08439922153007284,True,1.9937899851808893
2023_04_PIT_HOU,2023,4,False,-0.6150366255580058,False,-2.302191384788337
2023_04_SEA_NYG,2023,4,False,2.307051133888721,False,-0.0916830095344281
2023_04_TB_NO,2023,4,False,-2.8994969793700656,True,1.8236478883595453
2023_04_WAS_PHI,2023,4,True,1.8090414500254521,True,-1.5012195618292807
2023_05_BAL_PIT,2023,5,True,-0.5171950078424965,False,-1.932568690065267
2023_05_CAR_DET,2023,5,False,-0.6462143440870536,False,2.26964879262092
2023_05_CHI_WAS,2023,5,False,2.043611379865311,False,1.9394124854990338
2023_05_CIN_ARI,2023,5,False,-5.9077666364600905,False,2.4413585677972804
2023_05_DAL_SF,2023,5,False,1.3533656704390538,False,-1.5518544674942518
2023_05_GB_LV,2023,5,False,2.2418434073570106,False,2.128324711716729
2023_05_HOU_ATL,2023,5,True,-0.4706968330082913,False,-2.1464853861902995
2023_05_JAX_BUF,2023,5,False,-3.8042469894112365,False,-1.7803589924259455
2023_05_KC_MIN,2023,5,False,-2.7576005773541628,False,2.075932553185332
2023_05_NO_NE,2023,5,False,3.446604595236643,False,-1.081911791533365
2023_05_NYG_MIA,2023,5,False,-1.4258692879637263,False,0.44365207303982146
2023_05_NYJ_DEN,2023,5,False,0.7299653181575927,False,-0.9460052423514966
2023_05_PHI_LA,2023,5,False,-1.590112737030461,False,2.422188222454004
2023_05_TEN_IND,2023,5,False,1.075131992914974,False,-2.0364680074022914
2023_06_ARI_LA,2023,6,False,0.9482947666973258,False,2.3448060782858633
2023_06_BAL_TEN,2023,6,False,-3.0984508794850205,False,-1.7602178682471106
2023_06_CAR_MIA,2023,6,False,1.3535376602210896,True,-0.8075427501505601
2023_06_DAL_LAC,2023,6,True,0.9602546143363075,False,2.2757118909444856
2023_06_DEN_KC,2023,6,False,2.615771404434202,True,-1.9033790200164802
2023_06_DET_TB,2023,6,False,2.572980852252027,False,-2.319277513910656
2023_06_IND_JAX,2023,6,False,0.6345405946882248,False,-2.0346001515678296
2023_06_MIN_CHI,2023,6,False,-3.216907311790282,True,-1.749274909797684
2023_06_NE_LV,2023,6,True,1.8223000215693483,False,1.964279351358094
2023_06_NO_HOU,2023,6,False,4.495013133637719,True,1.7276004848500364
2023_06_NYG_BUF,2023,6,False,-2.6323855179081335,True,-0.05349053338565568
2023_06_PHI_NYJ,2023,6,False,-0.2560464356428991,False,-0.7585571292219129
2023_06_SEA_CIN,2023,6,False,5.094682283325079,False,-1.0217482968632083
2023_06_SF_CLE,2023,6,False,-5.093459378318142,False,-1.649404706242386
2023_06_WAS_ATL,2023,6,False,0.4794028868756861,False,2.446079238213777
2023_07_ARI_SEA,2023,7,False,1.848625017275845,False,0.6930794486141778
2023_07_ATL_TB,2023,7,False,1.2176895690231984,False,-0.035453510840142144
2023_07_BUF_NE,2023,7,False,2.281619323873274,False,-1.9296849164541712
2023_07_CLE_IND,2023,7,False,-1.11334829397922,True,-1.7674499939804704
2023_07_DET_BAL,2023,7,False,3.1115219970521597,True,-1.6978080431222367
2023_07_GB_DEN,2023,7,False,2.7791914158663094,True,-0.49509273009473986
2023_07_JAX_NO,2023,7,False,-4.920691109019657,False,2.13248093186359
2023_07_LAC_KC,2023,7,True,0.34826238970874,True,-1.157116457656869
2023_07_LV_CHI,2023,7,False,-0.18101851018421922,True,-0.23000115678577515
2023_07_MIA_PHI,2023,7,False,0.7233544576529685,True,-1.74541994766237
2023_07_PIT_LA,2023,7,False,-3.4058287128617226,False,2.6025383441012764
2023_07_SF_MIN,2023,7,False,-1.8571318338741207,False,2.089039256290924
2023_07_WAS_NYG,2023,7,False,1.5529686552380944,False,-1.658931911729752
2023_08_ATL_TEN,2023,8,False,-3.1252675205128746,False,-0.4978811811493955
2023_08_BAL_ARI,2023,8,False,-1.957928125342283,False,2.5874265576844877
2023_08_CHI_LAC,2023,8,False,4.421387277972201,False,2.61104454486172
2023_08_CIN_SF,2023,8,False,-1.9348193303788417,False,-1.1317443165402423
2023_08_CLE_SEA,2023,8,True,0.8787864373450276,False,1.1633800904822564
2023_08_HOU_CAR,2023,8,False,-1.8812563291352957,False,-2.372291761970125
2023_08_JAX_PIT,2023,8,False,0.18425222485559378,False,1.5477078996689642
2023_08_KC_DEN,2023,8,False,-0.6619987373752476,True,-3.584956386759231
2023_08_LA_DAL,2023,8,False,2.8301529563851724,False,2.464054259494972
2023_08_LV_DET,2023,8,False,-1.7362692581702994,True,2.122257469484758
2023_08_MIN_GB,2023,8,False,-0.3602833063018369,False,-1.0557534139600833
2023_08_NE_MIA,2023,8,True,-1.8290475333954834,False,-1.2393484428436352
2023_08_NO_IND,2023,8,False,2.956403449357339,False,2.1395198718958923
2023_08_NYJ_NYG,2023,8,True,2.7485414599273073,True,0.7132624537614447
2023_08_PHI_WAS,2023,8,False,-0.4835124998685263,False,1.01138974518242
2023_08_TB_BUF,2023,8,False,-1.9610664155531943,False,-1.5200632636900053
2023_09_ARI_CLE,2023,9,False,4.575057736107813,False,0.4066391657085404
2023_09_BUF_CIN,2023,9,False,5.268770165087787,False,0.6774923515577171
2023_09_CHI_NO,2023,9,False,0.4161763079819174,True,2.5579079280584196
2023_09_DAL_PHI,2023,9,False,-1.3649829659591817,False,0.11844431842546044
2023_09_IND_CAR,2023,9,False,-2.692599184819987,False,0.9963882310734107
2023_09_LAC_NYJ,2023,9,False,-1.9979523698835093,False,0.7775245152943455
2023_09_LA_GB,2023,9,False,3.782069401469033,False,-0.3377373884001358
2023_09_MIA_KC,2023,9,False,2.9607700423837455,False,-1.5634187314611268
2023_09_MIN_ATL,2023,9,False,0.5569209928564098,False,-2.2115577431931754
2023_09_NYG_LV,2023,9,False,-1.8644755727361226,True,2.6335783940631146
2023_09_SEA_BAL,2023,9,False,1.4763171770498378,False,0.454901214961545
2023_09_TB_HOU,2023,9,False,-1.0253559357322723,True,1.5427753068626728
2023_09_TEN_PIT,2023,9,False,4.179734799182372,True,0.16380129973619262
2023_09_WAS_NE,2023,9,False,0.7004728986559525,True,0.30684701230529043
2023_10_ATL_ARI,2023,10,False,3.1848404440149602,False,2.44243543942671
2023_10_CAR_CHI,2023,10,False,-1.1412791486022815,False,-0.25012835182084103
2023_10_CLE_BAL,2023,10,False,-0.8715250892526942,False,1.0829794326265514
2023_10_DEN_BUF,2023,10,False,-2.0245225531017397,False,-0.599451466692507
2023_10_DET_LAC,2023,10,False,2.7928108702634256,False,2.2718062646738773
2023_10_GB_PIT,2023,10,False,0.8576249008181752,True,0.5294510821669505
2023_10_HOU_CIN,2023,10,False,4.40477039662468,False,-0.038606327959463727
2023_10_IND_NE,2023,10,True,-0.5925535033215799,False,-1.7206633938007485
2023_10_NO_MIN,2023,10,False,-0.7316760397664274,True,2.0602692319837246
2023_10_NYG_DAL,2023,10,False,1.591534439462638,False,2.3691883391046105
2023_10_NYJ_LV,2023,10,False,-0.4750781211783295,False,2.840361946253246
2023_10_SF_JAX,2023,10,False,0.5863424998999518,False,-0.9346823764910042
2023_10_TEN_TB,2023,10,False,3.3623512161930935,True,0.6646069564148505
2023_10_WAS_SEA,2023,10,False,-1.2928924438940368,False,1.036300833792815
2023_11_ARI_HOU,2023,11,False,-2.530759594918644,False,2.3627233285090483
2023_11_CHI_DET,2023,11,False,1.0766117703014322,False,2.554186996513728
2023_11_CIN_BAL,2023,11,False,-2.317784169164601,False,1.9226106354703276
2023_11_DAL_CAR,2023,11,False,-1.922350741973247,False,1.6108968282190972
2023_11_LAC_GB,2023,11,False,-0.9285053104679082,True,0.11163324180574108
2023_11_LV_MIA,2023,11,False,0.7265177963737299,False,1.1599314650359105
2023_11_MIN_DEN,2023,11,False,4.657415798389977,False,0.9954176582222658
2023_11_NYG_WAS,2023,11,False,-0.9157760971065354,True,0.024313438436792012
2023_11_NYJ_BUF,2023,11,False,1.6623935242632903,False,-0.5149326764842641
2023_11_PHI_KC,2023,11,False,2.5925588050755324,False,-1.2817035773993766
2023_11_PIT_CLE,2023,11,False,-6.435791354654759,False,-0.7162693075011362
2023_11_SEA_LA,2023,11,False,0.4296370473449298,False,2.7303239160182216
2023_11_TB_SF,2023,11,False,0.9322250751993764,False,-1.4306786325688563
2023_11_TEN_JAX,2023,11,False,4.511487322020557,True,0.9130896414319949
2023_12_BAL_LAC,2023,12,False,0.9980055204572453,False,2.6056893899965985
2023_12_BUF_PHI,2023,12,False,1.495750908059375,False,0.24662871039692646
2023_12_CAR_TEN,2023,12,False,0.8525346417661339,False,-1.5362676145323846
2023_12_CHI_MIN,2023,12,False,0.27485515462944843,False,2.336346806272573
2023_12_CLE_DEN,2023,12,False,5.5900599234219595,False,0.7259028609449771
2023_12_GB_DET,2023,12,False,-0.0009481798423705001,False,2.228027338835446
2023_12_JAX_HOU,2023,12,False,-3.895094900023267,False,2.0074362192092394
2023_12_KC_LV,2023,12,False,-3.5765894965366085,False,2.6416773516170693
2023_12_LA_ARI,2023,12,False,0.7909994940343111,False,2.9044893833784755
2023_12_MIA_NYJ,2023,12,True,-1.573988638583172,True,-1.1314280890442987
2023_12_NE_NYG,2023,12,False,0.9206508275324135,True,0.24804005033239207
2023_12_NO_ATL,2023,12,False,1.5115060829463867,False,2.599845176765676
2023_12_PIT_CIN,2023,12,False,-4.826057454638847,False,-0.08014056432828909
2023_12_SF_SEA,2023,12,False,-1.8039395274277794,True,0.3179135979012955
2023_12_TB_IND,2023,12,False,0.0969745109335074,False,1.981069164532265
2023_12_WAS_DAL,2023,12,False,-0.4451945916055031,False,2.4929826647186673
2023_13_ARI_PIT,2023,13,True,0.12246393568150538,False,-0.5679038904586591
2023_13_ATL_NYJ,2023,13,False,-0.8969176843050226,False,-0.028627094609127823
2023_13_CAR_TB,2023,13,False,1.463425370665016,True,0.43238667218662385
2023_13_CIN_JAX,2023,13,False,2.2270249585366733,True,1.1027571412257586
2023_13_CLE_LA,2023,13,False,1.70221187752793,False,2.9841697739644673
2023_13_DEN_HOU,2023,13,False,-0.11654231137717197,False,2.173582360687611
2023_13_DET_NO,2023,13,False,-1.2570197988722462,False,2.5228125610777923
2023_13_IND_TEN,2023,13,True,-0.5037685441369435,False,-1.5783301685644062
2023_13_KC_GB,2023,13,False,-2.4762283473717295,False,-3.8800559020121312
2023_13_LAC_NE,2023,13,True,0.6729797727037634,False,-0.5029253157074862
2023_13_MIA_WAS,2023,13,False,0.6480976817815938,False,1.5492361002941664
2023_13_SEA_DAL,2023,13,False,-1.040752335789918,False,2.7747453561940674
2023_13_SF_PHI,2023,13,False,0.1310172804792784,False,-8.01231381185329
2023_14_BUF_KC,2023,14,False,2.5171706648629497,False,0.769151678079055
2023_14_CAR_NO,2023,14,False,-2.6051483332135614,True,2.660662366763056
2023_14_DEN_LAC,2023,14,False,0.3752498662796797,False,2.4211127398330774
2023_14_DET_CHI,2023,14,False,-0.6880998582138922,True,-1.5717143780229677
2023_14_GB_NYG,2023,14,False,3.618947041939352,False,-2.089703232361707
2023_14_HOU_NYJ,2023,14,False,-0.4008258293332112,True,5.1210435486837014e-05
2023_14_IND_CIN,2023,14,True,1.6788341987805375,False,-0.6001104815016944
2023_14_JAX_CLE,2023,14,False,-0.16675947629152832,False,-1.1409813927893069
2023_14_LA_BAL,2023,14,False,0.7179399963778206,False,1.428445445024245
2023_14_MIN_LV,2023,14,False,0.13901281367026486,False,2.589043055800758
2023_14_NE_PIT,2023,14,False,-2.077152644884448,True,0.36735483016203574
2023_14_PHI_DAL,2023,14,False,-3.4850528164407626,False,2.537137415682153
2023_14_SEA_SF,2023,14,False,1.1342415026413235,False,0.6970706695899835
2023_14_TB_ATL,2023,14,False,-1.8074514431017947,False,2.1165401453693846
2023_14_TEN_MIA,2023,14,False,0.36483539648058994,False,-0.45332255759929296
2023_15_ATL_CAR,2023,15,False,0.18420167576314483,False,-0.8673494950118936
2023_15_BAL_JAX,2023,15,False,1.6995645975319649,False,-1.1311691280425578
2023_15_CHI_CLE,2023,15,False,0.37714431249105074,False,-0.983066204688896
2023_15_DAL_BUF,2023,15,False,1.0157218329238444,False,-0.3370085053401084
2023_15_DEN_DET,2023,15,False,-0.7530390928710897,False,2.554768568764331
2023_15_HOU_TEN,2023,15,True,2.0024385357080305,False,-0.8747544124479489
2023_15_KC_NE,2023,15,True,0.6987121889168932,True,0.36440772741786276
2023_15_LAC_LV,2023,15,True,0.9254319770016273,False,2.408444495767533
2023_15_MIN_CIN,2023,15,False,2.751740706322707,False,0.6057835106243346
2023_15_NYG_NO,2023,15,False,-5.357597164731187,True,2.591774087198381
2023_15_NYJ_MIA,2023,15,False,-0.34631896555459996,False,-1.5263530164731733
2023_15_PHI_SEA,2023,15,False,-1.9851891223828861,False,1.5007420127997904
2023_15_PIT_IND,2023,15,False,-0.14694973346573592,False,2.6940496733510813
2023_15_SF_ARI,2023,15,False,1.907782548834751,False,-1.0851348070812108
2023_15_TB_GB,2023,15,True,0.10044313756923451,False,-0.8227934640651995
2023_15_WAS_LA,2023,15,False,-1.8060686764784055,False,3.107769902347279
2023_16_ARI_CHI,2023,16,False,-2.5616485783136014,False,1.5044048565204875
2023_16_BAL_SF,2023,16,False,-0.32914145650865034,True,0.30040622299954833
2023_16_BUF_LAC,2023,16,False,0.3205950760737153,False,2.8430422899234387
2023_16_CIN_PIT,2023,16,False,-2.7658756139838174,True,0.5328840678444848
2023_16_CLE_HOU,2023,16,False,-2.591775853644368,False,2.6289522560447267
2023_16_DAL_MIA,2023,16,False,-0.41432773077440377,True,-1.2578981116896344
2023_16_DET_MIN,2023,16,False,1.9152543069063168,False,2.500070537103106
2023_16_GB_CAR,2023,16,False,1.1242350059753305,True,1.938555772026362
2023_16_IND_ATL,2023,16,False,-1.7893064723489385,False,2.417596035315171
2023_16_JAX_TB,2023,16,False,-2.371855396855525,False,-1.4371991256523842
2023_16_LV_KC,2023,16,False,1.3503418555454045,True,-1.0909091125862886
2023_16_NE_DEN,2023,16,False,-1.3402794898613424,False,-3.9011785902783274
2023_16_NO_LA,2023,16,False,3.21938390233088,False,2.6083229838399404
2023_16_NYG_PHI,2023,16,False,-2.0113419802617827,False,0.500916824145925
2023_16_SEA_TEN,2023,16,False,-4.792251243776734,False,1.1577872309636348
2023_16_WAS_NYJ,2023,16,False,0.879068757122341,False,1.353682770840173
2023_17_ARI_PHI,2023,17,False,1.1223083843366712,True,-0.1361363733086307
2023_17_ATL_CHI,2023,17,False,0.06179045886562351,False,-2.6768464515036996
2023_17_CAR_JAX,2023,17,False,0.025677983675437943,True,0.05739689086403388
2023_17_CIN_KC,2023,17,False,-0.14649744933108444,True,-1.549005013138185
2023_17_DET_DAL,2023,17,False,0.9539982678860874,False,2.520791488783793
2023_17_GB_MIN,2023,17,False,-2.6734963442632753,True,2.2981201242543463
2023_17_LAC_DEN,2023,17,False,-2.001202200990157,False,-0.14488366809467834
2023_17_LA_NYG,2023,17,False,4.814692055066885,False,-0.99129256938091
2023_17_LV_IND,2023,17,False,1.4281322854268956,False,2.8180312638966356
2023_17_MIA_BAL,2023,17,False,0.8275521159957446,False,0.39953094527015054
2023_17_NE_BUF,2023,17,False,-3.202656008180428,False,0.540687343935339
2023_17_NO_TB,2023,17,False,1.0852413535819614,True,0.3150730698572204
2023_17_NYJ_CLE,2023,17,False,-2.5056855461010734,True,0.2573738361214737
2023_17_PIT_SEA,2023,17,True,-0.5381897263067765,False,0.9996726798893008
2023_17_SF_WAS,2023,17,False,0.28752533700972016,False,0.3296013869707295
2023_17_TEN_HOU,2023,17,False,3.721973791672849,False,2.290643821207496
2023_18_ATL_NO,2023,18,False,-1.331799051031683,False,2.2739430277241794
2023_18_BUF_MIA,2023,18,False,0.5668120909689764,False,0.4953776105383483
2023_18_CHI_GB,2023,18,True,0.8394801903860918,False,-0.05761048839968197
2023_18_CLE_CIN,2023,18,False,3.5174759319555564,False,-1.5417811890918571
2023_18_DAL_WAS,2023,18,True,0.14695240343644755,True,-1.3888371029025564
2023_18_DEN_LV,2023,18,False,0.8119293453512646,False,2.4960960236783123
2023_18_HOU_IND,2023,18,False,-0.4038302993354099,False,2.2298582808080667
2023_18_JAX_TEN,2023,18,False,-3.9771698226812453,False,-1.6323188654779415
2023_18_KC_LAC,2023,18,False,5.766186134545837,True,2.4838292717983776
2023_18_LA_SF,2023,18,False,-3.562306219265838,False,-0.9200867436254896
2023_18_MIN_DET,2023,18,False,-0.880659542704926,True,2.4182146474381767
2023_18_NYJ_NE,2023,18,True,1.7651022946359491,False,-2.236284499411017
2023_18_PHI_NYG,2023,18,False,2.554387914809876,False,-1.6852727539743952
2023_18_PIT_BAL,2023,18,False,-8.463680787573223,False,-1.4772120945998353
2023_18_SEA_ARI,2023,18,False,-0.15396581864921766,False,3.0081035393004
2023_18_TB_CAR,2023,18,False,-0.33743761211110357,False,-2.5573814661127443
2024_01_ARI_BUF,2024,1,False,-1.0739017079830964,False,-1.9149448044398554
2024_01_BAL_KC,2024,1,False,1.4491014005474003,True,-0.9842776149403463
2024_01_CAR_NO,2024,1,False,1.8658480702561908,True,1.9861396114607928
2024_01_DAL_CLE,2024,1,False,1.6071833981213706,False,-3.110742225906421
2024_01_DEN_SEA,2024,1,False,2.5687250118963005,False,-0.626735492632946
2024_01_GB_PHI,2024,1,True,-0.23413813597588984,True,-1.5337711107313297
2024_01_HOU_IND,2024,1,False,-1.730833076709202,False,1.8351728875103177
2024_01_JAX_MIA,2024,1,False,0.7299579801888889,True,-0.6782048855957541
2024_01_LA_DET,2024,1,False,0.5847816327098365,False,1.9576308615964848
2024_01_LV_LAC,2024,1,False,0.3854879198289962,False,1.8910778696229968
2024_01_MIN_NYG,2024,1,False,1.599352247041976,False,-1.5061730565256681
2024_01_NE_CIN,2024,1,False,1.6039429327260155,False,0.09602772953191163
2024_01_NYJ_SF,2024,1,False,-0.985355127725521,False,-1.9135037136276338
2024_01_PIT_ATL,2024,1,False,3.238746650839889,False,1.971006766217016
2024_01_TEN_CHI,2024,1,False,0.9554104000224961,False,-0.9692490580109094
2024_01_WAS_TB,2024,1,False,4.678391253746884,True,0.5255887009124933
2024_02_ATL_PHI,2024,2,False,0.36321400477558363,True,-1.3743420982729049
2024_02_BUF_MIA,2024,2,False,2.4377687199631,False,1.741837282533929
2024_02_CHI_HOU,2024,2,False,2.2354089291990666,False,2.1216785469143815
2024_02_CIN_KC,2024,2,False,0.5979894805700985,False,0.32928822893338605
2024_02_CLE_JAX,2024,2,False,-3.0190534049032984,False,-0.8915734471274988
2024_02_IND_GB,2024,2,False,-4.839119229156633,False,0.680055017551652
2024_02_LAC_CAR,2024,2,False,-3.4802070181791573,False,-3.017099504266568
2024_02_LA_ARI,2024,2,False,3.7952358503329995,False,2.119265551425201
2024_02_LV_BAL,2024,2,False,0.6548085044584706,False,-1.8811429376809272
2024_02_NO_DAL,2024,2,False,3.6691842287293808,False,2.028823316762548
2024_02_NYG_WAS,2024,2,False,-2.52407148228146,False,-0.558762720951222
2024_02_NYJ_TEN,2024,2,False,-6.346508098801885,False,-1.1955226226489302
2024_02_PIT_DEN,2024,2,False,0.005952868415886492,False,1.612224676449543
2024_02_SEA_NE,2024,2,False,0.690193373711621,False,-0.11963281376198864
2024_02_SF_MIN,2024,2,False,-5.943363992931958,False,2.1135363980675166
2024_02_TB_DET,2024,2,False,0.5540610938231101,False,1.9429318049712876
2024_03_BAL_DAL,2024,3,False,0.8315361391897547,False,2.1902709013007495
2024_03_CAR_LV,2024,3,False,0.8506573825106676,True,1.941382832901219
2024_03_CHI_IND,2024,3,False,2.5278705383974427,False,2.2899583545875757
2024_03_DEN_TB,2024,3,False,2.104573871617858,False,0.7995456270935222
2024_03_DET_ARI,2024,3,True,0.3754648700495795,False,2.2450341260079085
2024_03_GB_TEN,2024,3,False,1.9628987603363788,True,0.541549973923189
2024_03_HOU_MIN,2024,3,False,-4.197985241127602,False,2.093682740982956
2024_03_JAX_BUF,2024,3,False,-1.9136655530992677,False,0.17094039974541886
2024_03_KC_ATL,2024,3,False,-1.9949830480974198,False,2.0142264727384642
2024_03_LAC_PIT,2024,3,False,-3.1091117537552755,True,0.7234978882800007
2024_03_MIA_SEA,2024,3,True,3.6011086988454215,False,1.209352666001024
2024_03_NE_NYJ,2024,3,False,4.958149504355918,False,-0.4217576055740224
2024_03_NYG_CLE,2024,3,False,3.968518604324079,False,0.1533933652731676
2024_03_PHI_NO,2024,3,False,-4.645536586708166,True,2.084021384674166
2024_03_SF_LA,2024,3,False,-3.932693459198269,False,2.254483165909839
2024_03_WAS_CIN,2024,3,False,2.921483276468204,False,0.3040775657039205
2024_04_BUF_BAL,2024,4,False,3.2998707580996456,False,-0.7862391532758579
2024_04_CIN_CAR,2024,4,False,-2.3616895582297532,False,-0.4175014689230352
2024_04_CLE_LV,2024,4,False,-3.994996556283337,True,1.9568400276974387
2024_04_DAL_NYG,2024,4,False,-3.8993991543614284,False,0.27121259361207706
2024_04_DEN_NYJ,2024,4,False,4.859543445814815,False,-0.9477377886011595
2024_04_JAX_HOU,2024,4,False,-0.10212694948472079,False,1.9739108795959481
2024_04_KC_LAC,2024,4,False,-2.9272237825062453,False,2.0244767843484794
2024_04_LA_CHI,2024,4,False,-1.0375652014775472,False,-2.5116792216902795
2024_04_MIN_GB,2024,4,True,3.442414048948634,False,-2.483244398791186
2024_04_NE_SF,2024,4,False,2.6805693991724446,True,0.14044891159875306
2024_04_NO_ATL,2024,4,False,3.9479338447655956,False,1.9295494872404504
2024_04_PHI_TB,2024,4,False,-0.8136728182255135,False,0.13370925252278454
2024_04_PIT_IND,2024,4,False,2.6362971113923717,False,2.0594616880713232
2024_04_SEA_DET,2024,4,False,0.26676874957113395,False,2.18544482219837
2024_04_TEN_MIA,2024,4,False,-0.24352807795612863,True,0.23112293131430306
2024_04_WAS_ARI,2024,4,False,1.197012484208457,False,2.163039414249738
2024_05_ARI_SF,2024,5,False,0.44198335607141637,False,1.9126575906553782
2024_05_BAL_CIN,2024,5,False,1.2695202287828926,True,0.11025292467586212
2024_05_BUF_HOU,2024,5,False,3.3181634802383346,False,2.066328141051031
2024_05_CAR_CHI,2024,5,False,-0.10687341493990932,False,-0.5903372541862453
2024_05_CLE_WAS,2024,5,False,-6.18252550561556,False,0.10725416033477586
2024_05_DAL_PIT,2024,5,False,-4.459385876954782,False,-0.3339831365587713
2024_05_GB_LA,2024,5,False,-2.647628289718673,False,2.1246119149446585
2024_05_IND_JAX,2024,5,False,2.1992591882244623,False,0.3452847870403346
2024_05_LV_DEN,2024,5,False,-1.6213892518455288,False,-0.8858189094746081
2024_05_MIA_NE,2024,5,False,1.0142639084800362,True,1.1429728571518254
2024_05_NO_KC,2024,5,False,7.305120989127309,False,1.385530803709294
2024_05_NYG_SEA,2024,5,False,1.2614394278003869,False,0.8573807029452993
2024_05_NYJ_MIN,2024,5,False,-6.349808571014744,False,-0.5779840588201779
2024_05_TB_ATL,2024,5,False,2.042037027645783,False,2.144793832050155
2024_06_ARI_GB,2024,6,False,0.2394530952227587,False,0.4795947347343059
2024_06_ATL_CAR,2024,6,False,-0.5808029136982524,False,-1.4491089350564295
2024_06_BUF_NYJ,2024,6,False,2.981326133561776,False,-2.7270204399462514
2024_06_CIN_NYG,2024,6,False,-2.3419623426726948,False,1.124373935606279
2024_06_CLE_PHI,2024,6,False,-1.2180907496782618,False,0.47676984898029673
2024_06_DET_DAL,2024,6,False,3.453371804639688,False,2.3282005438051314
2024_06_HOU_NE,2024,6,False,-2.874242448185468,False,0.003099564960386658
2024_06_IND_TEN,2024,6,False,-2.557657870643403,False,-0.3192119223070762
2024_06_JAX_CHI,2024,6,False,-3.238508309769718,False,1.23782136740099
2024_06_LAC_DEN,2024,6,False,-3.2901897813782823,False,-0.2611109539656482
2024_06_PIT_LV,2024,6,False,2.3729185428273434,True,1.9911444919224053
2024_06_SF_SEA,2024,6,False,-1.7444101052879457,False,-1.1489566131212001
2024_06_TB_NO,2024,6,False,-3.557931916964067,True,2.420852453134245
2024_06_WAS_BAL,2024,6,False,1.201498110489946,False,-0.9276885250039157
2024_07_BAL_TB,2024,7,False,-0.9922235639826651,False,0.7881530105856172
2024_07_CAR_WAS,2024,7,False,-0.8382390483845814,False,1.1878144450219352
2024_07_CIN_CLE,2024,7,False,2.408519637639195,False,-0.3905858499119006
2024_07_DEN_NO,2024,7,False,-3.3373537253580654,True,2.3065470329197737
2024_07_DET_MIN,2024,7,False,0.27832240085882765,False,2.4482227505108227
2024_07_HOU_GB,2024,7,True,1.2821734824309114,False,0.36796879719438635
2024_07_KC_SF,2024,7,False,-0.7638187765587401,True,0.717417018291755
2024_07_LAC_ARI,2024,7,False,0.3490937323067216,False,2.35396151828418
2024_07_LV_LA,2024,7,False,0.3698345124826581,False,2.454130969212649
2024_07_MIA_IND,2024,7,False,1.1070390192283766,False,2.4402188797939104
2024_07_NE_JAX,2024,7,False,2.6246430712434563,False,-1.5956225073739532
2024_07_NYJ_PIT,2024,7,False,-3.62790300639199,True,0.49622034722165864
2024_07_PHI_NYG,2024,7,False,-2.524690011044974,False,0.5477542262851145
2024_07_SEA_ATL,2024,7,False,-0.36766972426138,False,2.3308666727905347
2024_07_TEN_BUF,2024,7,False,1.7919974977359932,False,-1.644829807936695
2024_08_ARI_MIA,2024,8,True,-3.1543610952557017,True,-1.126202359014897
2024_08_ATL_TB,2024,8,False,-1.6997355324598318,False,-0.4688361830572205
2024_08_BAL_CLE,2024,8,False,3.12492782758053,True,0.5230252017471884
2024_08_BUF_SEA,2024,8,False,1.5563858978464506,False,-2.398511780303437
2024_08_CAR_DEN,2024,8,True,2.8603923768278072,False,0.8811229742283118
2024_08_CHI_WAS,2024,8,False,-1.3415449713654342,False,1.82782644929258
2024_08_DAL_SF,2024,8,False,-0.5821486213704024,False,-0.7400978881531444
2024_08_GB_JAX,2024,8,False,-0.5130420562184992,False,1.7868518989127722
2024_08_IND_HOU,2024,8,False,0.8379101951160179,False,2.081371245926519
2024_08_KC_LV,2024,8,False,-1.2598391556499688,False,2.217960704263028
2024_08_MIN_LA,2024,8,True,2.0998593593142187,False,2.349122894793453
2024_08_NO_LAC,2024,8,False,6.092220538723541,True,2.4007959749272914
2024_08_NYG_PIT,2024,8,True,0.30820885998423364,False,-0.33166293895224186
2024_08_NYJ_NE,2024,8,False,-1.3194976504349185,False,-0.8641609877269048
2024_08_PHI_CIN,2024,8,False,1.1307057780890166,False,0.5239789563533677
2024_08_TEN_DET,2024,8,False,-2.259234874990007,False,2.3687916868285583
2024_09_CHI_ARI,2024,9,True,1.1769831760229121,False,2.673050162791718
2024_09_DAL_ATL,2024,9,False,-4.0046242521454385,False,2.294298641424639
2024_09_DEN_BAL,2024,9,True,-0.9207966798348641,False,1.1074611323575354
2024_09_DET_GB,2024,9,False,5.364385249095797,False,-2.207119946737869
2024_09_HOU_NYJ,2024,9,False,-0.40041880409483355,False,-1.0834683236901554
2024_09_IND_MIN,2024,9,False,-5.538072528750557,False,2.3037453529505214
2024_09_JAX_PHI,2024,9,False,0.4019766383968628,False,0.44169502530035487
2024_09_LAC_CLE,2024,9,False,1.756982865693964,False,-1.1316392614152235
2024_09_LA_SEA,2024,9,False,0.5164710042058245,False,0.577758185525866
2024_09_LV_CIN,2024,9,False,0.1597547474581429,False,-0.5938728725278466
2024_09_MIA_BUF,2024,9,False,-3.7454353078515776,False,-1.138452356059645
2024_09_NE_TEN,2024,9,False,-2.5081290090582584,False,-1.3752213563458682
2024_09_NO_CAR,2024,9,False,0.17874561066799455,False,0.11712132027707156
2024_09_TB_KC,2024,9,False,2.4197410002955415,True,0.027266797671472887
2024_09_WAS_NYG,2024,9,False,5.197418847100841,False,0.17790702923146284
2024_10_ATL_NO,2024,10,False,0.23926936199068116,False,2.482287610251774
2024_10_BUF_IND,2024,10,False,4.733250318341399,False,2.232686120049422
2024_10_CIN_BAL,2024,10,False,-4.406714679745441,False,-0.39777789003161956
2024_10_DEN_KC,2024,10,False,2.9319721700688746,False,-1.804636335542149
2024_10_DET_HOU,2024,10,False,6.398139351494312,False,2.553603391412338
2024_10_MIA_LA,2024,10,False,-2.500633391611098,False,2.237941229088534
2024_10_MIN_JAX,2024,10,True,1.341070366068921,True,-0.6583740932371924
2024_10_NE_CHI,2024,10,False,-0.4108152035774495,False,0.5590582232979528
2024_10_NYG_CAR,2024,10,False,1.4402309180565194,False,-0.578579540783025
2024_10_NYJ_ARI,2024,10,False,-1.733242157735489,False,2.522097634113358
2024_10_PHI_DAL,2024,10,True,-1.6888729019946247,False,2.6328660515142275
2024_10_PIT_WAS,2024,10,False,-6.086099277343996,False,-0.6231373751762419
2024_10_SF_TB,2024,10,False,-2.942615585337143,False,0.5061646838628704
2024_10_TEN_LAC,2024,10,False,2.52182408078491,True,2.4956805626218
2024_11_ATL_DEN,2024,11,False,2.751463701610539,False,-0.8300412357082507
2024_11_BAL_PIT,2024,11,False,2.3501631734782924,False,-0.07437966537404606
2024_11_CIN_LAC,2024,11,False,-0.7378983964157131,True,2.294855754150298
2024_11_CLE_NO,2024,11,False,-1.9579643293010491,False,2.9061238054009024
2024_11_GB_CHI,2024,11,False,-1.523866275806852,False,0.7725095548971908
2024_11_HOU_DAL,2024,11,False,-1.5836944606751837,False,2.514205904182262
2024_11_IND_NYJ,2024,11,False,-0.8362199354479674,False,0.8772337312857346
2024_11_JAX_DET,2024,11,False,-2.7587704715150796,False,2.482504559053851
2024_11_KC_BUF,2024,11,False,-3.500998474255708,True,0.7293590389586697
2024_11_LA_NE,2024,11,False,-1.0122082375390682,True,-0.7274623738218793
2024_11_LV_MIA,2024,11,False,0.806028152045597,True,-1.3096117136284349
2024_11_MIN_TEN,2024,11,False,0.020125355839885728,False,-0.04153048105691681
2024_11_SEA_SF,2024,11,True,0.3780406411902568,False,0.9122799051530706
2024_11_WAS_PHI,2024,11,False,5.435985511957806,False,-0.9557984010800169
2024_12_ARI_SEA,2024,12,False,2.246371421184638,False,0.2996401964205475
2024_12_BAL_LAC,2024,12,False,1.7495669753030683,True,2.2216757558016127
2024_12_DAL_WAS,2024,12,False,-5.988191491022521,False,0.7787933630413875
2024_12_DEN_LV,2024,12,False,2.572542711105469,True,1.9949823910542932
2024_12_DET_IND,2024,12,False,7.540014900842909,False,2.2543976906488297
2024_12_KC_CAR,2024,12,True,0.45986758432905006,False,0.9388807323406354
2024_12_MIN_CHI,2024,12,False,2.790121854647158,False,0.3240820933102597
2024_12_NE_MIA,2024,12,False,2.7354370828925525,False,-0.5769456154963777
2024_12_PHI_LA,2024,12,False,-1.9271632107966008,False,2.5540080526933906
2024_12_PIT_CLE,2024,12,False,1.0144642061541687,False,-2.6139952262800605
2024_12_SF_GB,2024,12,False,7.970714221133257,False,-1.8242851569593554
2024_12_TB_NYG,2024,12,False,0.5849655305356816,False,-1.5587780101180897
2024_12_TEN_HOU,2024,12,False,4.367300693439763,False,2.40147917524974
2024_13_ARI_MIN,2024,13,False,-3.4972240700283903,False,2.2842168557830718
2024_13_CHI_DET,2024,13,False,-6.172706179691625,False,2.5276857502583994
2024_13_CLE_DEN,2024,13,False,-0.046521098746708844,True,0.8234264859636298
2024_13_HOU_JAX,2024,13,True,1.3109297781984455,False,-0.9385537180909864
2024_13_IND_NE,2024,13,False,-2.747786443539857,False,-1.489916739884599
2024_13_LAC_ATL,2024,13,False,-0.3478200599259429,False,2.615624107219901
2024_13_LA_NO,2024,13,False,0.902580606795528,False,2.6743779468421565
2024_13_LV_KC,2024,13,False,-1.6425174787247236,False,-0.5180011779424163
2024_13_MIA_GB,2024,13,True,0.8027251631701269,False,-4.893877693645365
2024_13_NYG_DAL,2024,13,False,2.5593039134681046,False,2.5461084439138517
2024_13_PHI_BAL,2024,13,False,-1.4892979578424872,False,-0.6945758599533249
2024_13_PIT_CIN,2024,13,False,1.361330737772239,False,-3.683900417607319
2024_13_SEA_NYJ,2024,13,True,2.5043139601316877,False,-2.303011375438743
2024_13_SF_BUF,2024,13,False,-2.4130147344532036,False,-4.262566821926946
2024_13_TB_CAR,2024,13,False,2.8810539953750673,False,-0.0419598845964515
2024_13_TEN_WAS,2024,13,False,-2.677951509295175,False,-0.000340104948925557
2024_14_ATL_MIN,2024,14,False,-3.3075758414871013,False,2.311648743038475
2024_14_BUF_LA,2024,14,False,0.25408060666282406,False,2.518242543467899
2024_14_CAR_PHI,2024,14,False,-2.3957271235312803,False,-1.5774036794724893
2024_14_CHI_SF,2024,14,False,1.7652471046718752,False,1.4022970906014294
2024_14_CIN_DAL,2024,14,True,0.40456790469503023,False,2.73112620453562
2024_14_CLE_PIT,2024,14,False,-1.4958413104167256,False,-1.7056459663441004
2024_14_GB_DET,2024,14,False,-5.6660310553057185,False,2.2540323681810506
2024_14_JAX_TEN,2024,14,False,-3.7687416921587187,False,-0.9883185121689166
2024_14_LAC_KC,2024,14,False,1.024025176172552,False,-1.1889436563133913
2024_14_LV_TB,2024,14,False,-3.5120311120842302,False,0.4349799828703951
2024_14_NO_NYG,2024,14,False,-0.7306709996637499,False,-1.5015077307114453
2024_14_NYJ_MIA,2024,14,False,-2.13482843537244,False,-2.478161710514314
2024_14_SEA_ARI,2024,14,False,-0.47260454373474303,False,2.442836056803621
2024_15_ATL_LV,2024,15,False,0.16484401916351166,False,2.3094601839840294
2024_15_BAL_NYG,2024,15,False,1.33493847864872,False,-0.12052790553872939
2024_15_BUF_DET,2024,15,False,-2.493827301114496,False,2.5885179728365344
2024_15_CHI_MIN,2024,15,False,-4.571921039820816,True,2.6854850234411103
2024_15_CIN_TEN,2024,15,False,-1.750770598604106,True,-1.7222132926338176
2024_15_DAL_CAR,2024,15,False,-5.764828023905312,False,0.016732461791463038
2024_15_GB_SEA,2024,15,False,-1.076032063288241,True,0.6467318974610947
2024_15_IND_DEN,2024,15,False,-0.24338052889682338,False,-1.7547898192754516
2024_15_KC_CLE,2024,15,False,0.9011810708413508,True,-3.082357325561084
2024_15_LA_SF,2024,15,False,3.6995395823091126,True,0.6835620986629038
2024_15_MIA_HOU,2024,15,False,2.2273963849926033,False,2.117381123158566
2024_15_NE_ARI,2024,15,False,0.3334898123700549,False,2.869895874789499
2024_15_NYJ_JAX,2024,15,False,-0.3069720591592304,False,-1.0879256154620833
2024_15_PIT_PHI,2024,15,False,0.29690860544952535,True,0.32175977984593374
2024_15_TB_LAC,2024,15,False,1.7639859796445085,False,2.575654284811897
2024_15_WAS_NO,2024,15,False,0.20746253983912144,False,2.977937623104765
2024_16_ARI_CAR,2024,16,False,-0.37002422315908046,True,-1.3302586215854575
2024_16_CLE_CIN,2024,16,False,-3.119636487410606,True,-0.3617218484622029
2024_16_DEN_LAC,2024,16,False,0.8746764784749681,False,2.3397010664074287
2024_16_DET_CHI,2024,16,False,7.294511945491439,False,-2.99636594675961
2024_16_HOU_KC,2024,16,False,-0.21774730812751208,False,-2.607706531889299
2024_16_JAX_LV,2024,16,False,-1.8676402774864622,True,2.34179239124402
2024_16_LA_NYJ,2024,16,False,3.459149232594083,False,-3.6778085827147677
2024_16_MIN_SEA,2024,16,False,5.436191450505771,False,0.15053383602269577
2024_16_NE_BUF,2024,16,False,-0.23411654663516224,False,-1.894939977139387
2024_16_NO_GB,2024,16,False,2.389792446931102,False,-2.2602456102650663
2024_16_NYG_ATL,2024,16,False,-4.104881774291639,False,2.756162803869657
2024_16_PHI_WAS,2024,16,False,-0.2081590482848089,False,-3.0666009140041837
2024_16_PIT_BAL,2024,16,False,-3.447404300777295,False,-2.8122169354127706
2024_16_SF_MIA,2024,16,False,-2.6260381673485234,False,-2.2644212029443835
2024_16_TB_DAL,2024,16,False,2.3489245974402215,False,2.5391518882026887
2024_16_TEN_IND,2024,16,False,4.819051773830569,False,2.3058287593131297
2024_17_ARI_LA,2024,17,False,0.4804275520139556,False,2.6155826250227108
2024_17_ATL_WAS,2024,17,False,-0.6044055261676755,False,-0.7653679961221513
2024_17_BAL_HOU,2024,17,False,4.669428580993502,False,2.098013519626903
2024_17_CAR_TB,2024,17,False,0.3841736644343321,True,-0.45623840403901994
2024_17_DAL_PHI,2024,17,False,-2.024413952359623,False,-0.737976773581309
2024_17_DEN_CIN,2024,17,False,-0.11002970694101832,False,-0.10480150075986927
2024_17_DET_SF,2024,17,False,6.011146150460755,True,-0.8419514218412729
2024_17_GB_MIN,2024,17,True,-3.018481190536037,True,2.321520372139716
2024_17_IND_NYG,2024,17,False,-2.0220554479115758,False,2.351955349668046
2024_17_KC_PIT,2024,17,True,0.7205263983907897,True,0.9623034311266991
2024_17_LAC_NE,2024,17,False,-0.5088048888457246,True,0.5110142104497655
2024_17_LV_NO,2024,17,False,-2.9597368094715297,False,2.5365978949058814
2024_17_MIA_CLE,2024,17,False,8.550083076715058,False,-2.050546832774522
2024_17_NYJ_BUF,2024,17,False,-4.610141014046759,False,-1.824640746898929
2024_17_SEA_CHI,2024,17,False,0.5723940311479645,True,0.3145495880313831
2024_17_TEN_JAX,2024,17,False,3.9483629391489514,False,-2.4045435331897096
2024_18_BUF_NE,2024,18,False,1.8122185445797676,False,-2.9296277405704316
2024_18_CAR_ATL,2024,18,True,2.5293104964886712,False,3.0602516235220705
2024_18_CHI_GB,2024,18,False,-3.2149098032626746,False,-5.328786304325945
2024_18_CIN_PIT,2024,18,False,3.0535662774146775,False,-4.1638425943275195
2024_18_CLE_BAL,2024,18,False,-1.9072817516298635,False,-5.054542070443162
2024_18_HOU_TEN,2024,18,True,-0.6017304233598693,False,-1.5846504264269115
2024_18_JAX_IND,2024,18,False,2.5383403757523353,False,2.375656516601758
2024_18_KC_DEN,2024,18,False,5.916694877423121,False,-2.4253447545225058
2024_18_LAC_LV,2024,18,True,1.0374440061783585,False,2.391343839432288
2024_18_MIA_NYJ,2024,18,False,2.9157280573546394,False,-2.1681830227717356
2024_18_MIN_DET,2024,18,False,-0.17094702577723542,False,2.242813974294421
2024_18_NO_TB,2024,18,False,-0.5322019261666444,True,0.3949616092619834
2024_18_NYG_PHI,2024,18,False,-4.889363711082906,False,-6.08130457508765
2024_18_SEA_LA,2024,18,False,-0.4700649317457488,True,2.627337744199245
2024_18_SF_ARI,2024,18,True,5.626167663392078,True,2.8946981858968925
2024_18_WAS_DAL,2024,18,False,2.1183695417519983,False,2.8812217982471537
