date,home,away,venue,is_final,ml_home_prob,ml_margin,ml_total,ml_confidence,ml_home_odds,ml_away_odds,mkt_home_open,mkt_away_open,mkt_home_prob,home_line_open,total_line_open,ev_home,ev_away,handicap_edge,total_edge,actual_home_score,actual_away_score,actual_margin,actual_total,actual_home_win,home_covers,over_hit
2025-03-07,Sydney Swans,Hawthorn Hawks,SCG,0,0.6814,11.8,164.5,0.6814,1.468,3.138,1.85,1.97,0.5157,-1.5,170.5,0.2605,-0.3723,10.3,-6.0,76.0,96.0,-20.0,172.0,0,0,1
2025-03-09,Greater Western Sydney Giants,Collingwood Magpies,ENGIE Stadium,0,0.6598,18.0,175.4,0.6598,1.516,2.939,1.68,2.2,0.567,-7.5,169.5,0.1084,-0.2515,10.5,5.9,104.0,52.0,52.0,156.0,1,1,0
2025-03-13,Richmond Tigers,Carlton Blues,MCG,0,0.297,-11.5,180.1,0.703,3.367,1.423,9.5,1.06,0.1004,46.5,176.5,1.8218,-0.2549,35.0,3.6,82.0,69.0,13.0,151.0,1,1,0
2025-03-14,Hawthorn Hawks,Essendon Bombers,MCG,0,0.6977,15.8,194.8,0.6977,1.433,3.308,1.31,3.5,0.7277,-20.5,170.5,-0.086,0.058,-4.7,24.3,111.0,85.0,26.0,196.0,1,1,1
2025-03-15,Geelong Cats,Fremantle Dockers,GMHBA Stadium,0,0.541,8.3,140.1,0.541,1.848,2.179,1.54,2.5,0.6188,-10.5,170.5,-0.1669,0.1475,-2.2,-30.4,147.0,69.0,78.0,216.0,1,1,1
2025-03-15,Sydney Swans,Brisbane Lions,SCG,0,0.6833,8.6,169.0,0.6833,1.463,3.158,1.82,2.0,0.5236,1.5,176.5,0.2436,-0.3666,10.1,-7.5,82.0,86.0,-4.0,168.0,0,0,0
2025-03-15,Collingwood Magpies,Port Adelaide Power,MCG,0,0.5057,6.8,173.0,0.5057,1.977,2.023,1.62,2.3,0.5867,-8.5,165.5,-0.1808,0.1369,-1.7,7.5,136.0,45.0,91.0,181.0,1,1,1
2025-03-15,Western Bulldogs,North Melbourne Kangaroos,Marvel Stadium,0,0.7053,42.7,188.5,0.7053,1.418,3.394,1.22,4.35,0.781,-26.5,174.5,-0.1395,0.2818,16.2,14.0,113.0,97.0,16.0,210.0,1,0,1
2025-03-16,Adelaide Crows,St Kilda Saints,Adelaide Oval,0,0.6289,9.4,155.4,0.6289,1.59,2.694,1.42,2.9,0.6713,-15.5,159.5,-0.107,0.0763,-6.1,-4.1,135.0,72.0,63.0,207.0,1,1,1
2025-03-16,West Coast Eagles,Gold Coast Suns,Optus Stadium,0,0.4704,0.2,175.8,0.5296,2.126,1.888,2.7,1.47,0.3525,13.5,166.5,0.27,-0.2214,13.7,9.3,49.0,136.0,-87.0,185.0,0,0,1
2025-03-16,Melbourne Demons,Greater Western Sydney Giants,MCG,0,0.1823,-18.3,144.0,0.8177,5.485,1.223,2.4,1.58,0.397,9.5,165.5,-0.5624,0.2919,-8.8,-21.5,74.0,77.0,-3.0,151.0,0,1,0
2025-03-20,Carlton Blues,Hawthorn Hawks,MCG,0,0.2471,-24.6,165.6,0.7529,4.048,1.328,2.3,1.62,0.4133,8.5,170.5,-0.4318,0.2198,-16.1,-4.9,60.0,80.0,-20.0,140.0,0,0,0
2025-03-21,Western Bulldogs,Collingwood Magpies,MCG,0,0.3698,-32.4,147.8,0.6302,2.704,1.587,2.0,1.82,0.4764,2.5,176.5,-0.2604,0.1469,-29.9,-28.8,70.0,76.0,-6.0,146.0,0,0,0
2025-03-22,Essendon Bombers,Adelaide Crows,MCG,0,0.4186,-33.9,170.0,0.5814,2.389,1.72,1.8,2.02,0.5288,-2.5,176.5,-0.2465,0.1744,-36.4,-6.5,100.0,161.0,-61.0,261.0,0,0,1
2025-03-22,Port Adelaide Power,Richmond Tigers,Adelaide Oval,0,0.7436,15.1,180.9,0.7436,1.345,3.9,1.05,10.0,0.905,-48.5,176.5,-0.2192,1.5642,-33.4,4.4,140.0,68.0,72.0,208.0,1,1,1
2025-03-22,St Kilda Saints,Geelong Cats,Marvel Stadium,0,0.4822,3.0,170.7,0.5178,2.074,1.931,2.6,1.5,0.3659,12.5,173.5,0.2536,-0.2232,15.5,-2.8,98.0,91.0,7.0,189.0,1,1,1
2025-03-23,Brisbane Lions,West Coast Eagles,Gabba,0,0.9081,75.0,172.8,0.9081,1.101,10.879,1.05,10.0,0.905,-49.5,175.5,-0.0465,-0.0808,25.5,-2.7,94.0,75.0,19.0,169.0,1,0,0
2025-03-23,Fremantle Dockers,Sydney Swans,Optus Stadium,0,0.6205,1.7,160.6,0.6205,1.612,2.635,1.68,2.2,0.567,-6.5,164.5,0.0424,-0.1651,-4.8,-3.9,65.0,68.0,-3.0,133.0,0,0,0
2025-03-23,North Melbourne Kangaroos,Melbourne Demons,Marvel Stadium,0,0.5063,-23.4,182.9,0.5063,1.975,2.026,3.2,1.36,0.2982,18.5,173.5,0.6202,-0.3286,-4.9,9.4,125.0,66.0,59.0,191.0,1,1,1
2025-03-27,Essendon Bombers,Port Adelaide Power,Marvel Stadium,0,0.3979,-4.6,166.2,0.6021,2.513,1.661,1.97,1.85,0.4843,1.5,175.5,-0.2162,0.1139,-3.1,-9.3,72.0,60.0,12.0,132.0,1,1,0
2025-03-28,Carlton Blues,Western Bulldogs,Marvel Stadium,0,0.7039,7.1,154.9,0.7039,1.421,3.377,1.89,1.93,0.5052,-1.5,170.5,0.3304,-0.4285,5.6,-15.6,75.0,83.0,-8.0,158.0,0,0,0
2025-03-29,Melbourne Demons,Gold Coast Suns,MCG,0,0.2548,-6.9,165.2,0.7452,3.924,1.342,1.68,2.2,0.567,-6.5,170.5,-0.5719,0.6394,-13.4,-5.3,62.0,120.0,-58.0,182.0,0,0,1
2025-03-29,St Kilda Saints,Richmond Tigers,Marvel Stadium,0,0.6946,19.4,178.9,0.6946,1.44,3.275,1.31,3.5,0.7277,-20.5,174.5,-0.09,0.0687,-1.1,4.4,135.0,53.0,82.0,188.0,1,1,1
2025-03-29,Brisbane Lions,Geelong Cats,Gabba,0,0.6341,-10.8,164.4,0.6341,1.577,2.733,1.52,2.55,0.6265,-11.5,160.5,-0.0362,-0.067,-22.3,3.9,70.0,61.0,9.0,131.0,1,0,0
2025-03-29,Hawthorn Hawks,Greater Western Sydney Giants,UTAS Stadium,0,0.7715,17.2,171.8,0.7715,1.296,4.377,1.5,2.6,0.6341,-12.5,166.5,0.1573,-0.406,4.7,5.3,76.0,64.0,12.0,140.0,1,0,0
2025-03-30,Adelaide Crows,North Melbourne Kangaroos,Adelaide Oval,0,0.7515,38.7,185.8,0.7515,1.331,4.023,1.13,6.0,0.8415,-35.5,188.5,-0.1509,0.4913,3.2,-2.7,114.0,78.0,36.0,192.0,1,1,1
2025-03-30,West Coast Eagles,Fremantle Dockers,Optus Stadium,0,0.3752,-51.3,162.9,0.6248,2.665,1.601,4.5,1.21,0.2119,27.5,167.5,0.6885,-0.244,-23.8,-4.6,68.0,106.0,-38.0,174.0,0,0,1
2025-04-03,Collingwood Magpies,Carlton Blues,MCG,0,0.6855,14.6,152.8,0.6855,1.459,3.18,1.54,2.5,0.6188,-10.5,167.5,0.0557,-0.2138,4.1,-14.7,63.0,46.0,17.0,109.0,1,1,0
2025-04-04,Geelong Cats,Melbourne Demons,GMHBA Stadium,0,0.6537,18.0,156.2,0.6537,1.53,2.888,1.28,3.75,0.7455,-22.5,173.5,-0.1633,0.2987,-4.5,-17.3,85.0,46.0,39.0,131.0,1,1,0
2025-04-05,Gold Coast Suns,Adelaide Crows,People First Stadium,0,0.5944,-10.2,164.4,0.5944,1.682,2.466,1.82,2.0,0.5236,-2.5,185.5,0.0819,-0.1889,-12.7,-21.1,91.0,90.0,1.0,181.0,1,0,0
2025-04-05,Richmond Tigers,Brisbane Lions,MCG,0,0.0266,-20.0,187.7,0.9734,37.555,1.027,6.5,1.11,0.1459,37.5,177.5,-0.8269,0.0804,17.5,10.2,90.0,118.0,-28.0,208.0,0,1,1
2025-04-05,North Melbourne Kangaroos,Sydney Swans,Marvel Stadium,0,0.386,-7.3,153.2,0.614,2.591,1.629,2.5,1.54,0.3812,10.5,175.5,-0.035,-0.0544,3.2,-22.3,52.0,117.0,-65.0,169.0,0,0,0
2025-04-06,Greater Western Sydney Giants,West Coast Eagles,ENGIE Stadium,0,0.7927,68.3,187.4,0.7927,1.261,4.825,1.08,8.0,0.8811,-42.5,174.5,-0.1438,0.658,25.8,12.9,132.0,51.0,81.0,183.0,1,1,1
2025-04-06,Port Adelaide Power,St Kilda Saints,Adelaide Oval,0,0.5892,-0.4,163.2,0.5892,1.697,2.434,1.42,2.9,0.6713,-15.5,167.5,-0.1633,0.1913,-15.9,-4.3,72.0,89.0,-17.0,161.0,0,0,0
2025-04-06,Fremantle Dockers,Western Bulldogs,Optus Stadium,0,0.5471,11.6,156.3,0.5471,1.828,2.208,1.72,2.15,0.5556,-5.5,168.5,-0.059,-0.0262,6.1,-12.2,97.0,81.0,16.0,178.0,1,1,1
2025-04-10,Adelaide Crows,Geelong Cats,Adelaide Oval,0,0.4994,-16.4,160.1,0.5006,2.002,1.998,1.68,2.2,0.567,-6.5,179.5,-0.1609,0.1012,-22.9,-19.4,100.0,119.0,-19.0,219.0,0,0,1
2025-04-11,Collingwood Magpies,Sydney Swans,Adelaide Oval,0,0.557,-4.2,167.6,0.557,1.795,2.257,1.54,2.5,0.6188,-10.5,170.5,-0.1422,0.1075,-14.7,-2.9,109.0,78.0,31.0,187.0,1,1,1
2025-04-12,North Melbourne Kangaroos,Gold Coast Suns,Barossa Park,0,0.3193,-56.5,166.7,0.6807,3.131,1.469,3.0,1.4,0.3182,16.5,181.5,-0.042,-0.0471,-40.0,-14.8,89.0,141.0,-52.0,230.0,0,0,1
2025-04-12,Carlton Blues,West Coast Eagles,Adelaide Oval,0,0.9848,68.9,158.8,0.9848,1.015,65.817,1.153,5.5,0.8267,-32.5,176.5,0.1355,-0.9164,36.4,-17.7,121.0,50.0,71.0,171.0,1,1,0
2025-04-12,Western Bulldogs,Brisbane Lions,Norwood Oval,0,0.2814,-6.3,171.0,0.7186,3.554,1.392,2.4,1.58,0.397,9.5,172.5,-0.3247,0.1354,3.2,-1.5,97.0,118.0,-21.0,215.0,0,0,1
2025-04-12,Melbourne Demons,Essendon Bombers,Adelaide Oval,0,0.6063,-1.1,148.2,0.6063,1.649,2.54,1.91,1.91,0.5,-1.5,169.5,0.158,-0.248,-2.6,-21.3,57.0,96.0,-39.0,153.0,0,0,0
2025-04-13,Richmond Tigers,Fremantle Dockers,Barossa Park,0,0.2516,-30.9,198.5,0.7484,3.975,1.336,6.0,1.13,0.1585,35.5,176.5,0.5095,-0.1543,4.6,22.0,47.0,108.0,-61.0,155.0,0,0,0
2025-04-13,St Kilda Saints,Greater Western Sydney Giants,Norwood Oval,0,0.543,-2.3,153.1,0.543,1.842,2.188,3.1,1.38,0.308,17.5,168.5,0.6833,-0.3693,15.2,-15.4,82.0,110.0,-28.0,192.0,0,0,1
2025-04-13,Port Adelaide Power,Hawthorn Hawks,Adelaide Oval,0,0.4346,-0.5,157.5,0.5654,2.301,1.769,2.7,1.47,0.3525,13.5,172.5,0.1735,-0.1689,13.0,-15.0,121.0,91.0,30.0,212.0,1,1,1
2025-04-17,Brisbane Lions,Collingwood Magpies,Gabba,0,0.5486,3.1,157.5,0.5486,1.823,2.215,1.5,2.6,0.6341,-12.5,174.5,-0.1772,0.1738,-9.4,-17.0,53.0,105.0,-52.0,158.0,0,0,0
2025-04-18,North Melbourne Kangaroos,Carlton Blues,Marvel Stadium,0,0.17,-42.3,172.9,0.83,5.883,1.205,2.9,1.42,0.3287,15.5,178.5,-0.5071,0.1786,-26.8,-5.6,71.0,153.0,-82.0,224.0,0,0,1
2025-04-18,West Coast Eagles,Essendon Bombers,Optus Stadium,0,0.2963,-11.9,162.3,0.7037,3.375,1.421,3.35,1.333,0.2846,19.5,176.5,-0.0074,-0.062,7.6,-14.2,75.0,77.0,-2.0,152.0,0,1,0
2025-04-19,Melbourne Demons,Fremantle Dockers,MCG,0,0.1719,-28.7,169.1,0.8281,5.817,1.208,2.1,1.75,0.4545,4.5,166.5,-0.639,0.4492,-24.2,2.6,107.0,97.0,10.0,204.0,1,1,1
2025-04-19,Adelaide Crows,Greater Western Sydney Giants,Adelaide Oval,0,0.516,12.2,184.7,0.516,1.938,2.066,1.72,2.15,0.5556,-5.5,185.5,-0.1124,0.0405,6.7,-0.8,52.0,34.0,18.0,86.0,1,1,0
2025-04-19,Richmond Tigers,Gold Coast Suns,Marvel Stadium,0,0.1368,-13.2,191.6,0.8632,7.311,1.158,6.25,1.12,0.152,36.5,184.5,-0.1451,-0.0332,23.3,7.1,80.0,69.0,11.0,149.0,1,1,0
2025-04-20,Sydney Swans,Port Adelaide Power,SCG,0,0.6757,39.1,153.3,0.6757,1.48,3.084,1.333,3.35,0.7154,-19.5,170.5,-0.0993,0.0864,19.6,-17.2,77.0,85.0,-8.0,162.0,0,0,0
2025-04-20,Western Bulldogs,St Kilda Saints,Marvel Stadium,0,0.5435,-0.9,168.6,0.5435,1.84,2.191,1.68,2.2,0.567,-6.5,181.5,-0.0869,0.0042,-7.4,-12.9,127.0,56.0,71.0,183.0,1,1,1
2025-04-21,Geelong Cats,Hawthorn Hawks,MCG,0,0.617,-9.3,182.3,0.617,1.621,2.611,2.15,1.72,0.4444,5.5,175.5,0.3265,-0.3412,-3.8,6.8,86.0,79.0,7.0,165.0,1,1,0
2025-04-24,Melbourne Demons,Richmond Tigers,MCG,0,0.6962,-11.0,169.0,0.6962,1.436,3.292,1.333,3.35,0.7154,-19.5,176.5,-0.0719,0.0176,-30.5,-7.5,83.0,63.0,20.0,146.0,1,1,0
2025-04-25,Collingwood Magpies,Essendon Bombers,MCG,0,0.7059,25.7,181.9,0.7059,1.417,3.4,1.38,3.1,0.692,-17.5,168.5,-0.0259,-0.0882,8.2,13.4,107.0,66.0,41.0,173.0,1,1,1
2025-04-25,Fremantle Dockers,Adelaide Crows,Optus Stadium,0,0.5488,12.6,159.6,0.5488,1.822,2.216,1.78,2.05,0.5352,-3.5,178.5,-0.0232,-0.075,9.1,-18.9,85.0,67.0,18.0,152.0,1,1,0
2025-04-26,St Kilda Saints,Brisbane Lions,Marvel Stadium,0,0.5435,-32.6,153.3,0.5435,1.84,2.191,2.6,1.5,0.3659,12.5,180.5,0.4132,-0.3153,-20.1,-27.2,73.0,118.0,-45.0,191.0,0,0,1
2025-04-26,Port Adelaide Power,North Melbourne Kangaroos,Adelaide Oval,0,0.9022,46.9,190.3,0.9022,1.108,10.221,1.17,5.25,0.8178,-30.5,184.5,0.0555,-0.4864,16.4,5.8,97.0,88.0,9.0,185.0,1,0,1
2025-04-26,Greater Western Sydney Giants,Western Bulldogs,Manuka Oval,0,0.6144,0.1,144.7,0.6144,1.628,2.593,1.5,2.6,0.6341,-12.5,173.5,-0.0784,0.0026,-12.4,-28.8,81.0,113.0,-32.0,194.0,0,0,1
2025-04-27,Gold Coast Suns,Sydney Swans,People First Stadium,0,0.7008,-1.6,165.7,0.7008,1.427,3.342,1.52,2.55,0.6265,-11.5,175.5,0.0652,-0.2371,-13.1,-9.8,117.0,79.0,38.0,196.0,1,1,1
2025-04-27,Carlton Blues,Geelong Cats,MCG,0,0.4084,-16.2,152.9,0.5916,2.449,1.69,2.6,1.5,0.3659,12.5,174.5,0.0618,-0.1126,-3.7,-21.6,94.0,76.0,18.0,170.0,1,1,0
2025-04-27,Hawthorn Hawks,West Coast Eagles,Marvel Stadium,0,0.7704,62.8,192.2,0.7704,1.298,4.356,1.02,15.0,0.9363,-60.5,180.5,-0.2141,2.4433,2.3,11.7,124.0,74.0,50.0,198.0,1,0,1
2025-05-01,Essendon Bombers,North Melbourne Kangaroos,Marvel Stadium,0,0.7081,28.4,160.0,0.7081,1.412,3.426,1.38,3.1,0.692,-17.5,184.5,-0.0228,-0.0952,10.9,-24.5,65.0,62.0,3.0,127.0,1,0,0
2025-05-02,St Kilda Saints,Fremantle Dockers,Marvel Stadium,0,0.5486,-10.8,164.4,0.5486,1.823,2.215,1.85,1.97,0.5157,-1.5,174.5,0.0148,-0.1107,-12.3,-10.1,94.0,33.0,61.0,127.0,1,1,0
2025-05-03,Western Bulldogs,Port Adelaide Power,Mars Stadium,0,0.7387,23.1,159.3,0.7387,1.354,3.826,1.4,3.0,0.6818,-16.5,170.5,0.0341,-0.216,6.6,-11.2,131.0,41.0,90.0,172.0,1,1,1
2025-05-03,Adelaide Crows,Carlton Blues,Adelaide Oval,0,0.5561,-12.9,175.8,0.5561,1.798,2.253,1.4,3.0,0.6818,-16.5,174.5,-0.2214,0.3316,-29.4,1.3,110.0,50.0,60.0,160.0,1,1,0
2025-05-03,West Coast Eagles,Melbourne Demons,Optus Stadium,0,0.516,1.0,181.8,0.516,1.938,2.066,2.8,1.44,0.3396,14.5,161.5,0.4449,-0.3031,15.5,20.3,76.0,108.0,-32.0,184.0,0,0,1
2025-05-03,Collingwood Magpies,Geelong Cats,MCG,0,0.6022,4.2,174.4,0.6022,1.661,2.514,1.78,2.05,0.5352,-3.5,171.5,0.0719,-0.1845,0.7,2.9,87.0,90.0,-3.0,177.0,0,0,1
2025-05-04,Sydney Swans,Greater Western Sydney Giants,SCG,0,0.6733,-2.2,144.0,0.6733,1.485,3.061,2.2,1.68,0.433,6.5,169.5,0.4813,-0.4512,4.3,-25.5,87.0,73.0,14.0,160.0,1,1,0
2025-05-04,Hawthorn Hawks,Richmond Tigers,MCG,0,0.9028,58.0,203.0,0.9028,1.108,10.291,1.05,10.0,0.905,-49.5,177.5,-0.052,-0.0282,8.5,25.5,109.0,44.0,65.0,153.0,1,1,0
2025-05-04,Brisbane Lions,Gold Coast Suns,Gabba,0,0.6733,9.6,169.7,0.6733,1.485,3.061,1.5,2.6,0.6341,-12.5,175.5,0.01,-0.1506,-2.9,-5.8,66.0,49.0,17.0,115.0,1,1,0
2025-05-08,Fremantle Dockers,Collingwood Magpies,Optus Stadium,0,0.5677,-7.6,161.1,0.5677,1.761,2.313,2.1,1.75,0.4545,4.5,163.5,0.1922,-0.2435,-3.1,-2.4,83.0,97.0,-14.0,180.0,0,0,1
2025-05-09,St Kilda Saints,Carlton Blues,MCG,0,0.5609,-31.4,163.5,0.5609,1.783,2.278,2.9,1.42,0.3287,15.5,167.5,0.6267,-0.3765,-15.9,-4.0,62.0,77.0,-15.0,139.0,0,1,0
2025-05-10,Melbourne Demons,Hawthorn Hawks,MCG,0,0.4213,-37.5,176.1,0.5787,2.374,1.728,3.5,1.31,0.2723,20.5,169.5,0.4745,-0.2419,-17.0,6.6,56.0,91.0,-35.0,147.0,0,0,0
2025-05-10,Essendon Bombers,Sydney Swans,Marvel Stadium,0,0.5771,-3.2,165.6,0.5771,1.733,2.365,2.15,1.72,0.4444,5.5,171.5,0.2407,-0.2726,2.3,-5.9,71.0,63.0,8.0,134.0,1,1,0
2025-05-10,Gold Coast Suns,Western Bulldogs,TIO Stadium,0,0.5406,-12.3,164.2,0.5406,1.85,2.177,1.82,2.0,0.5236,-2.5,179.5,-0.0161,-0.0812,-14.8,-15.3,106.0,96.0,10.0,202.0,1,1,1
2025-05-10,Port Adelaide Power,Adelaide Crows,Adelaide Oval,0,0.6697,11.9,150.2,0.6697,1.493,3.028,2.05,1.78,0.4648,3.5,173.5,0.3729,-0.4121,15.4,-23.3,84.0,89.0,-5.0,173.0,0,0,0
2025-05-11,Richmond Tigers,West Coast Eagles,MCG,0,0.5939,17.3,163.1,0.5939,1.684,2.462,1.54,2.5,0.6188,-10.5,171.5,-0.0854,0.0153,6.8,-8.4,81.0,79.0,2.0,160.0,1,0,0
2025-05-11,Geelong Cats,Greater Western Sydney Giants,GMHBA Stadium,0,0.5892,10.8,161.7,0.5892,1.697,2.434,1.5,2.6,0.6341,-12.5,174.5,-0.1162,0.0681,-1.7,-12.8,101.0,105.0,-4.0,206.0,0,0,1
2025-05-11,North Melbourne Kangaroos,Brisbane Lions,Ninja Stadium,0,0.2792,-23.2,184.5,0.7208,3.582,1.387,6.0,1.13,0.1585,35.5,178.5,0.6751,-0.1855,12.3,6.0,71.0,71.0,0.0,142.0,0,1,0
2025-05-15,Gold Coast Suns,Hawthorn Hawks,TIO Stadium,0,0.5525,-12.1,171.7,0.5525,1.81,2.235,2.0,1.82,0.4764,2.5,184.5,0.1051,-0.1856,-9.6,-12.8,104.0,96.0,8.0,200.0,1,1,1
2025-05-16,Sydney Swans,Carlton Blues,SCG,0,0.6598,1.4,159.2,0.6598,1.516,2.939,1.58,2.4,0.603,-9.5,163.5,0.0424,-0.1835,-8.1,-4.3,78.0,62.0,16.0,140.0,1,1,0
2025-05-17,Collingwood Magpies,Adelaide Crows,MCG,0,0.4261,-14.8,172.7,0.5739,2.347,1.743,1.44,2.8,0.6604,-14.5,175.5,-0.3864,0.6069,-29.3,-2.8,78.0,68.0,10.0,146.0,1,0,0
2025-05-17,Port Adelaide Power,Geelong Cats,Adelaide Oval,0,0.2568,-15.2,153.9,0.7432,3.894,1.345,2.25,1.65,0.4231,7.5,179.5,-0.4223,0.2263,-7.7,-25.6,39.0,115.0,-76.0,154.0,0,0,0
2025-05-17,Greater Western Sydney Giants,Fremantle Dockers,ENGIE Stadium,0,0.6288,16.7,169.3,0.6288,1.59,2.694,1.44,2.8,0.6604,-14.5,174.5,-0.0946,0.0394,2.2,-5.2,61.0,95.0,-34.0,156.0,0,0,0
2025-05-17,Western Bulldogs,Essendon Bombers,Marvel Stadium,0,0.3912,24.8,161.9,0.6088,2.556,1.643,1.28,3.75,0.7455,-22.5,176.5,-0.4992,1.2829,2.3,-14.6,127.0,36.0,91.0,163.0,1,1,0
2025-05-18,Richmond Tigers,North Melbourne Kangaroos,MCG,0,0.4965,-20.6,147.4,0.5035,2.014,1.986,2.15,1.72,0.4444,5.5,171.5,0.0676,-0.134,-15.1,-24.1,74.0,78.0,-4.0,152.0,0,1,0
2025-05-18,West Coast Eagles,St Kilda Saints,Optus Stadium,0,0.4351,-25.0,165.9,0.5649,2.299,1.77,3.5,1.31,0.2723,20.5,169.5,0.5227,-0.2599,-4.5,-3.6,108.0,80.0,28.0,188.0,1,1,1
2025-05-18,Brisbane Lions,Melbourne Demons,Gabba,0,0.956,52.7,189.9,0.956,1.046,22.726,1.17,5.25,0.8178,-31.5,177.5,0.1185,-0.769,21.2,12.4,88.0,99.0,-11.0,187.0,0,0,1
2025-05-22,Geelong Cats,Western Bulldogs,GMHBA Stadium,0,0.5771,-7.7,155.1,0.5771,1.733,2.365,1.54,2.5,0.6188,-10.5,177.5,-0.1113,0.0573,-18.2,-22.4,127.0,113.0,14.0,240.0,1,1,1
2025-05-23,Essendon Bombers,Richmond Tigers,MCG,0,0.6158,-13.7,159.1,0.6158,1.624,2.603,1.28,3.75,0.7455,-22.5,163.5,-0.2118,0.4407,-36.2,-4.4,81.0,58.0,23.0,139.0,1,1,0
2025-05-24,Carlton Blues,Greater Western Sydney Giants,Marvel Stadium,0,0.463,-5.3,176.0,0.537,2.16,1.862,1.85,1.97,0.5157,-1.5,168.5,-0.1434,0.0578,-6.8,7.5,82.0,110.0,-28.0,192.0,0,0,1
2025-05-24,Hawthorn Hawks,Brisbane Lions,MCG,0,0.4647,-26.1,167.0,0.5353,2.152,1.868,1.65,2.25,0.5769,-7.5,172.5,-0.2332,0.2044,-33.6,-5.5,60.0,93.0,-33.0,153.0,0,0,0
2025-05-24,Fremantle Dockers,Port Adelaide Power,Optus Stadium,0,0.7675,13.3,167.4,0.7675,1.303,4.3,1.58,2.4,0.603,-9.5,167.5,0.2126,-0.4419,3.8,-0.1,100.0,51.0,49.0,151.0,1,1,0
2025-05-24,North Melbourne Kangaroos,Collingwood Magpies,Marvel Stadium,0,0.1831,6.0,181.8,0.8169,5.461,1.224,5.75,1.14,0.1655,34.5,175.5,0.053,-0.0688,40.5,6.3,63.0,108.0,-45.0,171.0,0,0,0
2025-05-25,Adelaide Crows,West Coast Eagles,Adelaide Oval,0,0.8085,72.7,193.6,0.8085,1.237,5.223,1.04,11.0,0.9136,-52.5,165.5,-0.1591,1.106,20.2,28.1,128.0,62.0,66.0,190.0,1,1,1
2025-05-25,Melbourne Demons,Sydney Swans,MCG,0,0.5203,-11.4,177.4,0.5203,1.922,2.085,2.1,1.75,0.4545,4.5,170.5,0.0926,-0.1605,-6.9,6.9,131.0,78.0,53.0,209.0,1,1,1
2025-05-25,St Kilda Saints,Gold Coast Suns,Marvel Stadium,0,0.4676,2.7,153.8,0.5324,2.139,1.878,2.1,1.75,0.4545,4.5,170.5,-0.0181,-0.0682,7.2,-16.7,61.0,80.0,-19.0,141.0,0,0,0
2025-05-29,Brisbane Lions,Essendon Bombers,Gabba,0,0.7096,36.8,171.1,0.7096,1.409,3.444,1.153,5.5,0.8267,-32.5,174.5,-0.1818,0.5972,4.3,-3.4,90.0,72.0,18.0,162.0,1,0,0
2025-05-30,Collingwood Magpies,Hawthorn Hawks,MCG,0,0.6027,4.9,165.5,0.6027,1.659,2.517,1.78,2.05,0.5352,-3.5,170.5,0.0728,-0.1855,1.4,-5.0,107.0,56.0,51.0,163.0,1,1,0
2025-05-31,Gold Coast Suns,Fremantle Dockers,People First Stadium,0,0.6183,-3.5,161.7,0.6183,1.617,2.62,1.47,2.7,0.6475,-13.5,182.5,-0.0911,0.0307,-17.0,-20.8,64.0,75.0,-11.0,139.0,0,0,0
2025-05-31,Greater Western Sydney Giants,Richmond Tigers,ENGIE Stadium,0,0.9848,65.9,167.6,0.9848,1.015,65.817,1.07,8.5,0.8882,-44.5,173.5,0.0537,-0.8709,21.4,-5.9,80.0,77.0,3.0,157.0,1,0,0
2025-05-31,Sydney Swans,Adelaide Crows,SCG,0,0.5486,-20.9,164.3,0.5486,1.823,2.215,1.82,2.0,0.5236,-2.5,174.5,-0.0016,-0.0971,-23.4,-10.2,41.0,131.0,-90.0,172.0,0,0,0
2025-06-01,Melbourne Demons,St Kilda Saints,TIO Stadium,0,0.6928,-14.8,192.8,0.6928,1.443,3.255,1.65,2.25,0.5769,-7.5,169.5,0.1431,-0.3088,-22.3,23.3,63.0,91.0,-28.0,154.0,0,0,0
2025-06-01,West Coast Eagles,Geelong Cats,Optus Stadium,0,0.1206,-32.4,181.6,0.8794,8.292,1.137,6.25,1.12,0.152,36.5,171.5,-0.2463,-0.0151,4.1,10.1,73.0,116.0,-43.0,189.0,0,0,1
2025-06-05,Western Bulldogs,Hawthorn Hawks,Marvel Stadium,0,0.4184,1.3,154.2,0.5816,2.39,1.719,1.72,2.15,0.5556,-5.5,173.5,-0.2804,0.2505,-4.2,-19.3,59.0,81.0,-22.0,140.0,0,0,0
2025-06-06,Adelaide Crows,Brisbane Lions,Adelaide Oval,0,0.4698,5.4,166.3,0.5302,2.129,1.886,1.82,2.0,0.5236,-2.5,164.5,-0.145,0.0604,2.9,1.8,68.0,63.0,5.0,131.0,1,1,0
2025-06-07,Richmond Tigers,Sydney Swans,MCG,0,0.3032,-51.5,166.9,0.6968,3.299,1.435,4.2,1.23,0.2265,25.5,164.5,0.2733,-0.1429,-26.0,2.4,36.0,80.0,-44.0,116.0,0,0,0
2025-06-07,Geelong Cats,Gold Coast Suns,GMHBA Stadium,0,0.6341,25.5,158.3,0.6341,1.577,2.733,1.4,3.0,0.6818,-16.5,180.5,-0.1123,0.0977,9.0,-22.2,61.0,37.0,24.0,98.0,1,1,0
2025-06-07,Greater Western Sydney Giants,Port Adelaide Power,Manuka Oval,0,0.8082,25.3,164.0,0.8082,1.237,5.213,1.28,3.75,0.7455,-22.5,164.5,0.0345,-0.2807,2.8,-0.5,50.0,66.0,-16.0,116.0,0,0,0
2025-06-08,North Melbourne Kangaroos,West Coast Eagles,Hands Oval,0,0.7265,13.5,177.5,0.7265,1.377,3.656,1.65,2.25,0.5769,-7.5,166.5,0.1987,-0.3845,6.0,11.0,62.0,52.0,10.0,114.0,1,1,0
2025-06-08,Carlton Blues,Essendon Bombers,MCG,0,0.5896,-13.8,155.0,0.5896,1.696,2.437,1.44,2.8,0.6604,-14.5,164.5,-0.151,0.1491,-28.3,-9.5,78.0,70.0,8.0,148.0,1,0,0
2025-06-09,Melbourne Demons,Collingwood Magpies,MCG,0,0.4101,-22.4,162.1,0.5899,2.438,1.695,3.0,1.4,0.3182,16.5,165.5,0.2304,-0.1742,-5.9,-3.4,71.0,72.0,-1.0,143.0,0,1,0
2025-06-12,St Kilda Saints,Western Bulldogs,Marvel Stadium,0,0.6977,0.2,162.3,0.6977,1.433,3.308,3.5,1.31,0.2723,20.5,171.5,1.4418,-0.6039,20.7,-9.2,60.0,132.0,-72.0,192.0,0,0,1
2025-06-13,Hawthorn Hawks,Adelaide Crows,UTAS Stadium,0,0.5771,-1.7,173.5,0.5771,1.733,2.365,1.78,2.05,0.5352,-3.5,159.5,0.0272,-0.133,-5.2,14.0,47.0,44.0,3.0,91.0,1,0,0
2025-06-14,Brisbane Lions,Greater Western Sydney Giants,Gabba,0,0.7726,26.9,170.5,0.7726,1.294,4.398,1.4,3.0,0.6818,-16.5,167.5,0.0817,-0.3179,10.4,3.0,96.0,107.0,-11.0,203.0,0,0,1
2025-06-14,Essendon Bombers,Geelong Cats,MCG,0,0.4313,-3.9,178.8,0.5687,2.318,1.758,4.35,1.22,0.219,26.5,163.5,0.8762,-0.3062,22.6,15.3,56.0,151.0,-95.0,207.0,0,0,1
2025-06-14,North Melbourne Kangaroos,Fremantle Dockers,Optus Stadium,0,0.3918,-16.2,195.1,0.6082,2.552,1.644,4.8,1.19,0.1987,29.5,164.5,0.8808,-0.2763,13.3,30.6,67.0,73.0,-6.0,140.0,0,1,0
2025-06-15,Port Adelaide Power,Melbourne Demons,Adelaide Oval,0,0.674,8.7,163.2,0.674,1.484,3.067,1.78,2.05,0.5352,-3.5,154.5,0.1997,-0.3317,5.2,8.7,93.0,68.0,25.0,161.0,1,1,1
2025-06-15,West Coast Eagles,Carlton Blues,Optus Stadium,0,0.4433,-21.9,154.4,0.5567,2.256,1.796,4.0,1.25,0.2381,24.5,167.5,0.7733,-0.3041,2.6,-13.1,52.0,86.0,-34.0,138.0,0,0,0
2025-06-19,Fremantle Dockers,Essendon Bombers,Optus Stadium,0,0.657,35.5,156.3,0.657,1.522,2.916,1.27,3.85,0.752,-23.5,156.5,-0.1656,0.3204,12.0,-0.2,104.0,63.0,41.0,167.0,1,1,1
2025-06-20,Geelong Cats,Brisbane Lions,GMHBA Stadium,0,0.7334,8.4,151.1,0.7334,1.363,3.752,1.52,2.55,0.6265,-11.5,166.5,0.1148,-0.3203,-3.1,-15.4,51.0,92.0,-41.0,143.0,0,0,0
2025-06-21,Carlton Blues,North Melbourne Kangaroos,MCG,0,0.8046,27.6,176.7,0.8046,1.243,5.118,1.23,4.2,0.7735,-25.5,165.5,-0.0103,-0.1794,2.1,11.2,73.0,84.0,-11.0,157.0,0,0,0
2025-06-21,Port Adelaide Power,Sydney Swans,Adelaide Oval,0,0.628,24.0,160.4,0.628,1.592,2.688,1.62,2.3,0.5867,-8.5,168.5,0.0174,-0.1444,15.5,-8.1,52.0,71.0,-19.0,123.0,0,0,0
2025-06-21,Collingwood Magpies,St Kilda Saints,Marvel Stadium,0,0.7652,39.0,183.7,0.7652,1.307,4.259,1.23,4.2,0.7735,-25.5,168.5,-0.0588,-0.0139,13.5,15.2,108.0,74.0,34.0,182.0,1,1,1
2025-06-22,Greater Western Sydney Giants,Gold Coast Suns,ENGIE Stadium,0,0.6177,18.0,175.1,0.6177,1.619,2.616,1.72,2.15,0.5556,-5.5,160.5,0.0625,-0.1781,12.5,14.6,106.0,99.0,7.0,205.0,1,1,1
2025-06-22,Western Bulldogs,Richmond Tigers,Marvel Stadium,0,0.7919,65.8,184.4,0.7919,1.263,4.806,1.07,8.5,0.8882,-45.5,180.5,-0.1527,0.7688,20.3,3.9,135.0,56.0,79.0,191.0,1,1,1
2025-06-26,Port Adelaide Power,Carlton Blues,Adelaide Oval,0,0.5771,17.2,156.5,0.5771,1.733,2.365,1.75,2.1,0.5455,-4.5,164.5,0.0099,-0.1119,12.7,-8.0,110.0,60.0,50.0,170.0,1,1,1
2025-06-27,Sydney Swans,Western Bulldogs,SCG,0,0.6341,14.2,166.5,0.6341,1.577,2.733,2.5,1.54,0.3812,10.5,172.5,0.5854,-0.4366,24.7,-6.0,96.0,105.0,-9.0,201.0,0,1,1
2025-06-28,Gold Coast Suns,Melbourne Demons,People First Stadium,0,0.682,30.8,163.0,0.682,1.466,3.145,1.36,3.2,0.7018,-18.5,172.5,-0.0724,0.0175,12.3,-9.5,104.0,85.0,19.0,189.0,1,1,1
2025-06-28,Hawthorn Hawks,North Melbourne Kangaroos,UTAS Stadium,0,0.8419,35.1,172.6,0.8419,1.188,6.324,1.153,5.5,0.8267,-32.5,157.5,-0.0293,-0.1303,2.6,15.1,150.0,65.0,85.0,215.0,1,1,1
2025-06-28,Collingwood Magpies,West Coast Eagles,Marvel Stadium,0,0.7726,71.7,188.6,0.7726,1.294,4.398,1.04,11.0,0.9136,-52.5,172.5,-0.1965,1.501,19.2,16.1,88.0,59.0,29.0,147.0,1,0,0
2025-06-29,Fremantle Dockers,St Kilda Saints,Optus Stadium,0,0.8517,30.3,162.7,0.8517,1.174,6.743,1.28,3.75,0.7455,-22.5,166.5,0.0902,-0.4438,7.8,-3.8,81.0,69.0,12.0,150.0,1,0,0
2025-06-29,Richmond Tigers,Adelaide Crows,MCG,0,0.387,-14.8,162.4,0.613,2.584,1.631,5.25,1.17,0.1822,30.5,174.5,1.0318,-0.2828,15.7,-12.1,54.0,122.0,-68.0,176.0,0,0,1
2025-07-03,North Melbourne Kangaroos,Western Bulldogs,Marvel Stadium,0,0.2307,-12.2,148.0,0.7693,4.335,1.3,5.25,1.17,0.1822,31.5,180.5,0.211,-0.0999,19.3,-32.5,85.0,134.0,-49.0,219.0,0,0,1
2025-07-04,West Coast Eagles,Greater Western Sydney Giants,Optus Stadium,0,0.3131,-30.3,181.1,0.6869,3.194,1.456,4.35,1.22,0.219,26.5,165.5,0.362,-0.162,-3.8,15.6,52.0,111.0,-59.0,163.0,0,0,0
2025-07-04,Carlton Blues,Collingwood Magpies,MCG,0,0.3193,-19.7,157.9,0.6807,3.131,1.469,3.6,1.3,0.2653,21.5,160.5,0.1496,-0.1151,1.8,-2.6,59.0,115.0,-56.0,174.0,0,0,1
2025-07-05,Essendon Bombers,Gold Coast Suns,Marvel Stadium,0,0.3193,-18.7,163.0,0.6807,3.131,1.469,3.1,1.38,0.308,17.5,169.5,-0.01,-0.0607,-1.2,-6.5,74.0,115.0,-41.0,189.0,0,0,1
2025-07-05,Geelong Cats,Richmond Tigers,GMHBA Stadium,0,0.7042,79.2,183.8,0.7042,1.42,3.381,1.03,12.0,0.921,-56.5,176.5,-0.2746,2.5491,22.7,7.3,124.0,52.0,72.0,176.0,1,1,0
2025-07-05,Brisbane Lions,Port Adelaide Power,Gabba,0,0.8393,44.1,195.8,0.8393,1.191,6.224,1.22,4.35,0.781,-26.5,168.5,0.024,-0.3011,17.6,27.3,120.0,92.0,28.0,212.0,1,1,1
2025-07-05,St Kilda Saints,Hawthorn Hawks,Marvel Stadium,0,0.5435,-5.8,161.5,0.5435,1.84,2.191,3.0,1.4,0.3182,16.5,165.5,0.6306,-0.3609,10.7,-4.0,74.0,94.0,-20.0,168.0,0,0,1
2025-07-06,Sydney Swans,Fremantle Dockers,SCG,0,0.5105,-1.1,157.1,0.5105,1.959,2.043,1.78,2.05,0.5352,-3.5,153.5,-0.0914,0.0036,-4.6,3.6,94.0,83.0,11.0,177.0,1,1,1
2025-07-06,Adelaide Crows,Melbourne Demons,Adelaide Oval,0,0.5953,11.8,184.7,0.5953,1.68,2.471,1.28,3.75,0.7455,-22.5,170.5,-0.238,0.5176,-10.7,14.2,90.0,77.0,13.0,167.0,1,0,0
2025-07-10,Carlton Blues,Brisbane Lions,Marvel Stadium,0,0.3488,-19.4,168.5,0.6512,2.867,1.536,3.2,1.36,0.2982,18.5,168.5,0.1162,-0.1144,-0.9,-0.0,66.0,103.0,-37.0,169.0,0,0,1
2025-07-11,Gold Coast Suns,Collingwood Magpies,People First Stadium,0,0.4191,-8.4,179.2,0.5809,2.386,1.721,2.1,1.75,0.4545,4.5,172.5,-0.12,0.0167,-3.9,6.7,69.0,63.0,6.0,132.0,1,1,0
2025-07-12,Western Bulldogs,Adelaide Crows,Marvel Stadium,0,0.5466,-9.8,162.7,0.5466,1.829,2.206,1.65,2.25,0.5769,-7.5,179.5,-0.0981,0.0201,-17.3,-16.8,98.0,109.0,-11.0,207.0,0,0,1
2025-07-12,Greater Western Sydney Giants,Geelong Cats,ENGIE Stadium,0,0.5401,-9.9,163.3,0.5401,1.852,2.174,2.1,1.75,0.4545,4.5,171.5,0.1341,-0.1951,-5.4,-8.2,111.0,85.0,26.0,196.0,1,1,1
2025-07-12,Fremantle Dockers,Hawthorn Hawks,Optus Stadium,0,0.5435,-6.3,142.7,0.5435,1.84,2.191,1.82,2.0,0.5236,-2.5,158.5,-0.0108,-0.087,-8.8,-15.8,77.0,64.0,13.0,141.0,1,1,0
2025-07-12,Richmond Tigers,Essendon Bombers,MCG,0,0.2714,-32.0,172.8,0.7286,3.685,1.372,3.0,1.4,0.3182,16.5,164.5,-0.1859,0.0201,-15.5,8.3,46.0,37.0,9.0,83.0,1,1,0
2025-07-13,Melbourne Demons,North Melbourne Kangaroos,MCG,0,0.672,10.9,155.9,0.672,1.488,3.049,1.31,3.5,0.7277,-20.5,168.5,-0.1197,0.1481,-9.6,-12.6,119.0,83.0,36.0,202.0,1,1,1
2025-07-13,St Kilda Saints,Sydney Swans,Marvel Stadium,0,0.5435,7.5,160.6,0.5435,1.84,2.191,2.1,1.75,0.4545,4.5,167.5,0.1414,-0.2012,12.0,-6.9,87.0,92.0,-5.0,179.0,0,0,1
2025-07-13,Port Adelaide Power,West Coast Eagles,Adelaide Oval,0,0.8175,61.1,180.6,0.8175,1.223,5.48,1.14,5.75,0.8345,-34.5,168.5,-0.068,0.0493,26.6,12.1,87.0,61.0,26.0,148.0,1,0,0
2025-07-17,Essendon Bombers,Greater Western Sydney Giants,Marvel Stadium,0,0.4234,-15.7,167.7,0.5766,2.362,1.734,3.6,1.3,0.2653,21.5,172.5,0.5242,-0.2504,5.8,-4.8,56.0,104.0,-48.0,160.0,0,0,0
2025-07-18,Brisbane Lions,Western Bulldogs,Gabba,0,0.6341,12.9,163.3,0.6341,1.577,2.733,1.68,2.2,0.567,-6.5,174.5,0.0653,-0.195,6.4,-11.2,86.0,76.0,10.0,162.0,1,1,0
2025-07-19,Hawthorn Hawks,Port Adelaide Power,UTAS Stadium,0,0.6833,34.5,157.5,0.6833,1.463,3.158,1.31,3.5,0.7277,-20.5,156.5,-0.1049,0.1084,14.0,1.0,87.0,49.0,38.0,136.0,1,1,0
2025-07-19,Sydney Swans,North Melbourne Kangaroos,SCG,0,0.9425,44.3,168.6,0.9425,1.061,17.377,1.14,5.75,0.8345,-34.5,172.5,0.0744,-0.6691,9.8,-3.9,84.0,53.0,31.0,137.0,1,0,0
2025-07-19,West Coast Eagles,Richmond Tigers,Optus Stadium,0,0.6485,25.1,157.5,0.6485,1.542,2.845,1.65,2.25,0.5769,-7.5,160.5,0.07,-0.209,17.6,-3.0,56.0,105.0,-49.0,161.0,0,0,1
2025-07-19,Carlton Blues,Melbourne Demons,MCG,0,0.4982,-28.7,153.6,0.5018,2.007,1.993,1.97,1.85,0.4843,1.5,166.5,-0.0185,-0.0717,-27.2,-12.9,78.0,70.0,8.0,148.0,1,1,0
2025-07-20,Geelong Cats,St Kilda Saints,GMHBA Stadium,0,0.608,12.7,160.9,0.608,1.645,2.551,1.14,5.75,0.8345,-33.5,169.5,-0.3069,1.254,-20.8,-8.6,113.0,82.0,31.0,195.0,1,0,1
2025-07-20,Collingwood Magpies,Fremantle Dockers,MCG,0,0.3032,-18.4,153.3,0.6968,3.299,1.435,1.27,3.85,0.752,-23.5,161.5,-0.615,1.6828,-41.9,-8.2,78.0,79.0,-1.0,157.0,0,0,0
2025-07-20,Adelaide Crows,Gold Coast Suns,Adelaide Oval,0,0.5874,0.4,165.5,0.5874,1.703,2.423,1.44,2.8,0.6604,-14.5,175.5,-0.1542,0.1554,-14.1,-10.0,107.0,46.0,61.0,153.0,1,1,0
2025-07-24,Hawthorn Hawks,Carlton Blues,MCG,0,0.7881,28.3,172.0,0.7881,1.269,4.72,1.2,4.6,0.7931,-28.5,163.5,-0.0542,-0.0255,-0.2,8.5,85.0,61.0,24.0,146.0,1,0,0
2025-07-25,Essendon Bombers,Western Bulldogs,Marvel Stadium,0,0.3957,-18.1,164.8,0.6043,2.527,1.655,8.5,1.07,0.1118,44.5,175.5,2.3638,-0.3534,26.4,-10.7,50.0,143.0,-93.0,193.0,0,0,1
2025-07-25,Greater Western Sydney Giants,Sydney Swans,ENGIE Stadium,0,0.6398,27.0,156.2,0.6398,1.563,2.777,1.65,2.25,0.5769,-7.5,165.5,0.0557,-0.1897,19.5,-9.3,102.0,58.0,44.0,160.0,1,1,0
2025-07-26,Gold Coast Suns,Brisbane Lions,People First Stadium,0,0.4937,-4.3,165.9,0.5063,2.026,1.975,2.05,1.78,0.4648,3.5,153.5,0.012,-0.0987,-0.8,12.4,130.0,64.0,66.0,194.0,1,1,1
2025-07-26,Fremantle Dockers,West Coast Eagles,Optus Stadium,0,0.956,54.9,188.2,0.956,1.046,22.726,1.09,7.5,0.8731,-40.5,163.5,0.042,-0.67,14.4,24.7,126.0,77.0,49.0,203.0,1,1,1
2025-07-26,North Melbourne Kangaroos,Geelong Cats,Marvel Stadium,0,0.5406,-10.0,167.0,0.5406,1.85,2.177,7.5,1.09,0.1269,40.5,177.5,3.0546,-0.4993,30.5,-10.5,49.0,150.0,-101.0,199.0,0,0,1
2025-07-26,Adelaide Crows,Port Adelaide Power,Adelaide Oval,0,0.7042,24.5,195.8,0.7042,1.42,3.381,1.28,3.75,0.7455,-22.5,158.5,-0.0986,0.1091,2.0,37.3,133.0,35.0,98.0,168.0,1,1,1
2025-07-27,Richmond Tigers,Collingwood Magpies,MCG,0,0.5459,-23.7,167.0,0.5459,1.832,2.202,10.0,1.05,0.095,48.5,155.5,4.4586,-0.5232,24.8,11.5,57.0,93.0,-36.0,150.0,0,1,0
2025-07-27,St Kilda Saints,Melbourne Demons,Marvel Stadium,0,0.5546,-11.1,155.5,0.5546,1.803,2.245,2.1,1.75,0.4545,4.5,169.5,0.1648,-0.2206,-6.6,-14.0,96.0,90.0,6.0,186.0,1,1,1
2025-07-31,Western Bulldogs,Greater Western Sydney Giants,Marvel Stadium,0,0.5406,-7.4,171.8,0.5406,1.85,2.177,1.65,2.25,0.5769,-7.5,175.5,-0.108,0.0336,-14.9,-3.7,132.0,44.0,88.0,176.0,1,1,1
2025-08-01,Adelaide Crows,Hawthorn Hawks,Adelaide Oval,0,0.5561,20.1,159.1,0.5561,1.798,2.253,1.52,2.55,0.6265,-11.5,165.5,-0.1547,0.1318,8.6,-6.4,101.0,87.0,14.0,188.0,1,1,1
2025-08-02,Melbourne Demons,West Coast Eagles,Marvel Stadium,0,0.7704,47.6,166.1,0.7704,1.298,4.356,1.11,6.5,0.8541,-37.5,173.5,-0.1448,0.4921,10.1,-7.4,139.0,56.0,83.0,195.0,1,1,1
2025-08-02,Gold Coast Suns,Richmond Tigers,People First Stadium,0,0.9848,75.8,194.2,0.9848,1.015,65.817,1.09,7.5,0.8731,-40.5,166.5,0.0734,-0.886,35.3,27.7,107.0,23.0,84.0,130.0,1,1,0
2025-08-02,Sydney Swans,Essendon Bombers,SCG,0,0.7979,66.6,177.2,0.7979,1.253,4.947,1.07,8.5,0.8882,-45.5,159.5,-0.1463,0.7182,21.1,17.7,68.0,54.0,14.0,122.0,1,0,0
2025-08-02,Collingwood Magpies,Brisbane Lions,MCG,0,0.5967,2.0,177.1,0.5967,1.676,2.479,1.65,2.25,0.5769,-7.5,164.5,-0.0155,-0.0925,-5.5,12.6,65.0,92.0,-27.0,157.0,0,0,0
2025-08-03,St Kilda Saints,North Melbourne Kangaroos,Marvel Stadium,0,0.6811,32.3,170.8,0.6811,1.468,3.136,1.38,3.1,0.692,-17.5,175.5,-0.0601,-0.0114,14.8,-4.7,78.0,69.0,9.0,147.0,1,0,0
2025-08-03,Fremantle Dockers,Carlton Blues,Optus Stadium,0,0.7596,33.0,182.0,0.7596,1.316,4.16,1.21,4.5,0.7881,-27.5,159.5,-0.0809,0.0818,5.5,22.5,94.0,67.0,27.0,161.0,1,0,1
2025-08-03,Geelong Cats,Port Adelaide Power,GMHBA Stadium,0,0.8584,44.8,178.9,0.8584,1.165,7.061,1.17,5.25,0.8178,-31.5,176.5,0.0043,-0.2565,13.3,2.4,153.0,65.0,88.0,218.0,1,1,1
2025-08-07,Hawthorn Hawks,Collingwood Magpies,MCG,0,0.4915,-40.6,176.4,0.5085,2.034,1.967,2.2,1.68,0.433,6.5,161.5,0.0814,-0.1458,-34.1,14.9,110.0,46.0,64.0,156.0,1,1,0
2025-08-08,Geelong Cats,Essendon Bombers,GMHBA Stadium,0,0.956,73.6,179.5,0.956,1.046,22.726,1.015,17.0,0.9437,-62.5,182.5,-0.0297,-0.252,11.1,-3.0,109.0,65.0,44.0,174.0,1,0,0
2025-08-09,Richmond Tigers,St Kilda Saints,MCG,0,0.1108,-34.3,183.8,0.8892,9.024,1.125,3.0,1.4,0.3182,16.5,160.5,-0.6676,0.2449,-17.8,23.3,52.0,56.0,-4.0,108.0,0,1,0
2025-08-09,Brisbane Lions,Sydney Swans,Gabba,0,0.5546,5.0,175.4,0.5546,1.803,2.245,1.23,4.2,0.7735,-25.5,167.5,-0.3178,0.8705,-20.5,7.9,90.0,92.0,-2.0,182.0,0,0,1
2025-08-09,Carlton Blues,Gold Coast Suns,Marvel Stadium,0,0.427,-5.0,160.6,0.573,2.342,1.745,3.2,1.36,0.2982,18.5,169.5,0.3662,-0.2207,13.5,-8.9,74.0,93.0,-19.0,167.0,0,0,0
2025-08-09,Port Adelaide Power,Fremantle Dockers,Adelaide Oval,0,0.2767,-27.8,154.7,0.7233,3.614,1.383,3.1,1.38,0.308,17.5,166.5,-0.1422,-0.0019,-10.3,-11.8,86.0,92.0,-6.0,178.0,0,1,1
2025-08-10,Greater Western Sydney Giants,North Melbourne Kangaroos,Manuka Oval,0,0.9183,69.7,195.0,0.9183,1.089,12.234,1.04,11.0,0.9136,-52.5,165.5,-0.045,-0.1009,17.2,29.5,133.0,79.0,54.0,212.0,1,1,1
2025-08-10,West Coast Eagles,Adelaide Crows,Optus Stadium,0,0.2218,-27.9,157.8,0.7782,4.509,1.285,11.0,1.04,0.0864,52.5,173.5,1.4394,-0.1906,24.6,-15.7,78.0,87.0,-9.0,165.0,0,1,0
2025-08-10,Melbourne Demons,Western Bulldogs,MCG,0,0.4672,-28.9,150.4,0.5328,2.14,1.877,3.1,1.38,0.308,17.5,176.5,0.4483,-0.2647,-11.4,-26.1,99.0,105.0,-6.0,204.0,0,1,1
2025-08-15,Fremantle Dockers,Brisbane Lions,Optus Stadium,0,0.5882,-7.2,150.2,0.5882,1.7,2.428,1.91,1.91,0.5,-1.5,167.5,0.1235,-0.2135,-8.7,-17.3,44.0,101.0,-57.0,145.0,0,0,0
2025-08-15,Essendon Bombers,St Kilda Saints,Marvel Stadium,0,0.2522,-31.8,167.1,0.7478,3.965,1.337,3.2,1.36,0.2982,18.5,168.5,-0.1929,0.017,-13.3,-1.4,75.0,77.0,-2.0,152.0,0,1,0
2025-08-16,Gold Coast Suns,Greater Western Sydney Giants,People First Stadium,0,0.6341,10.0,156.6,0.6341,1.577,2.733,1.5,2.6,0.6341,-12.5,174.5,-0.0488,-0.0487,-2.5,-17.9,76.0,111.0,-35.0,187.0,0,0,1
2025-08-16,Carlton Blues,Port Adelaide Power,Marvel Stadium,0,0.6341,11.9,158.0,0.6341,1.577,2.733,1.47,2.7,0.6475,-13.5,172.5,-0.0679,-0.0121,-1.6,-14.5,118.0,64.0,54.0,182.0,1,1,1
2025-08-16,Hawthorn Hawks,Melbourne Demons,MCG,0,0.5599,8.9,150.0,0.5599,1.786,2.272,1.38,3.1,0.692,-17.5,165.5,-0.2274,0.3643,-8.6,-15.5,92.0,56.0,36.0,148.0,1,1,0
2025-08-16,Adelaide Crows,Collingwood Magpies,Adelaide Oval,0,0.6961,21.2,171.8,0.6961,1.436,3.291,1.52,2.55,0.6265,-11.5,164.5,0.0581,-0.2252,9.7,7.3,59.0,56.0,3.0,115.0,1,0,0
2025-08-17,North Melbourne Kangaroos,Richmond Tigers,Ninja Stadium,0,0.669,0.2,174.1,0.669,1.495,3.021,1.54,2.5,0.6188,-10.5,165.5,0.0302,-0.1724,-10.3,8.6,135.0,87.0,48.0,222.0,1,1,1
2025-08-17,Sydney Swans,Geelong Cats,SCG,0,0.5865,1.1,178.6,0.5865,1.705,2.418,3.35,1.333,0.2846,19.5,170.5,0.9647,-0.4488,20.6,8.1,68.0,111.0,-43.0,179.0,0,0,1
2025-08-17,Western Bulldogs,West Coast Eagles,Marvel Stadium,0,0.8565,79.6,174.8,0.8565,1.168,6.967,1.006,23.0,0.9581,-70.5,180.5,-0.1384,2.3013,9.1,-5.7,126.0,32.0,94.0,158.0,1,1,0
2025-08-21,Essendon Bombers,Carlton Blues,MCG,0,0.2995,-32.9,161.3,0.7005,3.338,1.428,3.5,1.31,0.2723,20.5,166.5,0.0484,-0.0824,-12.4,-5.2,56.0,90.0,-34.0,146.0,0,0,0
2025-08-22,Collingwood Magpies,Melbourne Demons,MCG,0,0.6078,-23.6,172.7,0.6078,1.645,2.55,1.38,3.1,0.692,-17.5,165.5,-0.1612,0.2158,-41.1,7.2,82.0,76.0,6.0,158.0,1,0,0
2025-08-22,Port Adelaide Power,Gold Coast Suns,Adelaide Oval,0,0.438,-11.4,168.6,0.562,2.283,1.779,3.75,1.28,0.2545,22.5,171.5,0.6424,-0.2806,11.1,-2.9,71.0,67.0,4.0,138.0,1,1,0
2025-08-23,North Melbourne Kangaroos,Adelaide Crows,Marvel Stadium,0,0.1498,-14.5,187.8,0.8502,6.674,1.176,7.5,1.09,0.1269,41.5,178.5,0.1237,-0.0733,27.0,9.3,100.0,113.0,-13.0,213.0,0,1,1
2025-08-23,Richmond Tigers,Geelong Cats,MCG,0,0.0736,-37.3,172.8,0.9264,13.579,1.079,11.0,1.04,0.0864,51.5,174.5,-0.1899,-0.0366,14.2,-1.7,64.0,103.0,-39.0,167.0,0,1,0
2025-08-23,West Coast Eagles,Sydney Swans,Optus Stadium,0,0.2816,-29.1,165.6,0.7184,3.551,1.392,4.6,1.2,0.2069,28.5,165.5,0.2953,-0.1379,-0.6,0.1,51.0,118.0,-67.0,169.0,0,0,1
2025-08-24,Greater Western Sydney Giants,St Kilda Saints,ENGIE Stadium,0,0.7477,38.0,183.4,0.7477,1.337,3.964,1.25,4.0,0.7619,-24.5,173.5,-0.0653,0.009,13.5,9.9,104.0,93.0,11.0,197.0,1,0,1
2025-08-24,Western Bulldogs,Fremantle Dockers,Marvel Stadium,0,0.4702,17.3,161.0,0.5298,2.127,1.888,1.42,2.9,0.6713,-15.5,172.5,-0.3323,0.5364,1.8,-11.5,97.0,112.0,-15.0,209.0,0,0,1
2025-08-24,Brisbane Lions,Hawthorn Hawks,Gabba,0,0.5884,-15.3,161.6,0.5884,1.699,2.43,1.52,2.55,0.6265,-11.5,165.5,-0.1056,0.0495,-26.8,-3.9,89.0,79.0,10.0,168.0,1,0,1
2025-08-27,Gold Coast Suns,Essendon Bombers,People First Stadium,0,0.9022,53.8,191.7,0.9022,1.108,10.221,1.03,12.0,0.921,-55.5,168.5,-0.0708,0.174,-1.7,23.2,153.0,58.0,95.0,211.0,1,1,1
2025-09-04,Adelaide Crows,Collingwood Magpies,Adelaide Oval,1,0.5927,11.2,182.6,0.5927,1.687,2.455,1.54,2.5,0.6188,-10.5,160.5,-0.0872,0.0182,0.7,22.1,55.0,79.0,-24.0,134.0,0,0,0
2025-09-05,Geelong Cats,Brisbane Lions,MCG,1,0.5967,9.6,182.7,0.5967,1.676,2.479,1.68,2.2,0.567,-6.5,170.5,0.0024,-0.1127,3.1,12.2,112.0,74.0,38.0,186.0,1,1,1
2025-09-06,Greater Western Sydney Giants,Hawthorn Hawks,ENGIE Stadium,1,0.6141,0.6,187.4,0.6141,1.628,2.591,1.75,2.1,0.5455,-4.5,169.5,0.0747,-0.1896,-3.9,17.9,88.0,107.0,-19.0,195.0,0,0,1
2025-09-06,Fremantle Dockers,Gold Coast Suns,Optus Stadium,1,0.6183,16.9,174.2,0.6183,1.617,2.62,1.52,2.55,0.6265,-11.5,168.5,-0.0602,-0.0266,5.4,5.7,79.0,80.0,-1.0,159.0,0,0,0
2025-09-12,Adelaide Crows,Hawthorn Hawks,Adelaide Oval,1,0.4726,-11.5,185.6,0.5274,2.116,1.896,1.8,2.02,0.5288,-2.5,169.5,-0.1493,0.0654,-14.0,16.1,67.0,101.0,-34.0,168.0,0,0,0
2025-09-13,Brisbane Lions,Gold Coast Suns,Gabba,1,0.6228,14.6,183.8,0.6228,1.606,2.651,1.48,2.65,0.6416,-13.5,169.5,-0.0783,-0.0003,1.1,14.3,100.0,47.0,53.0,147.0,1,1,0
2025-09-19,Geelong Cats,Hawthorn Hawks,MCG,1,0.5938,18.8,180.8,0.5938,1.684,2.462,1.56,2.45,0.611,-10.5,168.5,-0.0737,-0.0048,8.3,12.3,115.0,85.0,30.0,200.0,1,1,1
2025-09-20,Collingwood Magpies,Brisbane Lions,MCG,1,0.4229,-5.7,156.0,0.5771,2.365,1.733,1.7,2.18,0.5619,-5.5,161.5,-0.2811,0.2581,-11.2,-5.5,71.0,100.0,-29.0,171.0,0,0,1
2025-09-27,Geelong Cats,Brisbane Lions,MCG,1,0.5243,1.8,173.6,0.5243,1.907,2.102,1.54,2.5,0.6188,-11.5,171.5,-0.1925,0.1892,-9.7,2.1,75.0,122.0,-47.0,197.0,0,0,1
