match_id,season,kickoff_utc,Date,home_club_id,away_club_id,home_goals,away_goals,home_xg,away_xg,xg_source,sofascore_event_id,mapping_day_difference,mapping_score,data_contract,source_hash
ucl-2024-25-001,2024-25,2024-09-17T00:00:00+00:00,2024-09-17T00:00:00Z,bsc-young-boys,aston-villa-fc,0,3,0.59185795672238,2.044701718725266,sofascore_shotmap,12764526.0,0.0,1.0,ucl_recent_sofascore_xg_v1,42458cbd2499272d02d2db97916950646038287b52f25490239639dd83966494
ucl-2024-25-002,2024-25,2024-09-17T00:00:00+00:00,2024-09-17T00:00:00Z,juventus-fc,psv,3,1,2.918197968974709,1.039429815486073,sofascore_shotmap,12764285.0,0.0,0.6875,ucl_recent_sofascore_xg_v1,42458cbd2499272d02d2db97916950646038287b52f25490239639dd83966494
ucl-2024-25-003,2024-25,2024-09-17T00:00:00+00:00,2024-09-17T00:00:00Z,sporting-clube-de-portugal,lille-osc,2,0,1.626105515286317,0.406368296593432,sofascore_shotmap,12764496.0,0.0,0.7352941176470589,ucl_recent_sofascore_xg_v1,42458cbd2499272d02d2db97916950646038287b52f25490239639dd83966494
ucl-2024-25-004,2024-25,2024-09-17T00:00:00+00:00,2024-09-17T00:00:00Z,fc-bayern-m-nchen,gnk-dinamo-zagreb,9,2,6.344696338404714,0.6994056105613761,sofascore_shotmap,12764072.0,0.0,1.0,ucl_recent_sofascore_xg_v1,42458cbd2499272d02d2db97916950646038287b52f25490239639dd83966494
ucl-2024-25-005,2024-25,2024-09-17T00:00:00+00:00,2024-09-17T00:00:00Z,real-madrid-cf,vfb-stuttgart,3,1,2.607991496101019,1.9385409457609093,sofascore_shotmap,12764442.0,0.0,1.0,ucl_recent_sofascore_xg_v1,42458cbd2499272d02d2db97916950646038287b52f25490239639dd83966494
ucl-2024-25-006,2024-25,2024-09-17T00:00:00+00:00,2024-09-17T00:00:00Z,ac-milan,liverpool-fc,1,3,0.614691263064741,3.115958190523085,sofascore_shotmap,12763940.0,0.0,1.0,ucl_recent_sofascore_xg_v1,42458cbd2499272d02d2db97916950646038287b52f25490239639dd83966494
ucl-2024-25-007,2024-25,2024-09-17T00:00:00+00:00,2024-09-17T00:00:00Z,bologna-fc-1909,fk-shakhtar-donetsk,0,0,1.172773748636247,0.87125562787205,sofascore_shotmap,12764143.0,1.0,1.0,ucl_recent_sofascore_xg_v1,42458cbd2499272d02d2db97916950646038287b52f25490239639dd83966494
ucl-2024-25-008,2024-25,2024-09-17T00:00:00+00:00,2024-09-17T00:00:00Z,ac-sparta-praha,fc-red-bull-salzburg,3,0,2.574949180707342,0.583794979378579,sofascore_shotmap,12764489.0,1.0,1.0,ucl_recent_sofascore_xg_v1,42458cbd2499272d02d2db97916950646038287b52f25490239639dd83966494
ucl-2024-25-009,2024-25,2024-09-17T00:00:00+00:00,2024-09-17T00:00:00Z,manchester-city-fc,fc-internazionale-milano,0,0,2.347893329337249,0.7498744726181023,sofascore_shotmap,12764343.0,1.0,1.0,ucl_recent_sofascore_xg_v1,42458cbd2499272d02d2db97916950646038287b52f25490239639dd83966494
ucl-2024-25-010,2024-25,2024-09-17T00:00:00+00:00,2024-09-17T00:00:00Z,paris-saint-germain-fc,girona-fc,1,0,2.097100900486121,0.248462334275242,sofascore_shotmap,12764383.0,1.0,1.0,ucl_recent_sofascore_xg_v1,42458cbd2499272d02d2db97916950646038287b52f25490239639dd83966494
ucl-2024-25-011,2024-25,2024-09-17T00:00:00+00:00,2024-09-17T00:00:00Z,club-brugge-kv,borussia-dortmund,0,3,1.337019287049777,1.877100430467724,sofascore_shotmap,12764194.0,1.0,1.0,ucl_recent_sofascore_xg_v1,42458cbd2499272d02d2db97916950646038287b52f25490239639dd83966494
ucl-2024-25-012,2024-25,2024-09-17T00:00:00+00:00,2024-09-17T00:00:00Z,celtic-fc,k-slovan-bratislava,5,1,3.790415015110376,0.507991778664291,sofascore_shotmap,12764175.0,1.0,0.9871794871794872,ucl_recent_sofascore_xg_v1,42458cbd2499272d02d2db97916950646038287b52f25490239639dd83966494
ucl-2024-25-013,2024-25,2024-09-17T00:00:00+00:00,2024-09-17T00:00:00Z,feyenoord-rotterdam,bayer-04-leverkusen,0,4,0.803368236869572,1.731515212915834,sofascore_shotmap,12764229.0,2.0,1.0,ucl_recent_sofascore_xg_v1,42458cbd2499272d02d2db97916950646038287b52f25490239639dd83966494
ucl-2024-25-014,2024-25,2024-09-17T00:00:00+00:00,2024-09-17T00:00:00Z,fk-crvena-zvezda,sport-lisboa-e-benfica,1,2,1.0211233496665917,1.266700563952328,sofascore_shotmap,12764213.0,2.0,0.7413793103448276,ucl_recent_sofascore_xg_v1,42458cbd2499272d02d2db97916950646038287b52f25490239639dd83966494
ucl-2024-25-015,2024-25,2024-09-17T00:00:00+00:00,2024-09-17T00:00:00Z,as-monaco-fc,fc-barcelona,2,1,1.321599098853768,0.407557185739281,sofascore_shotmap,12764362.0,2.0,1.0,ucl_recent_sofascore_xg_v1,42458cbd2499272d02d2db97916950646038287b52f25490239639dd83966494
ucl-2024-25-016,2024-25,2024-09-17T00:00:00+00:00,2024-09-17T00:00:00Z,stade-brestois-29,sk-sturm-graz,2,1,2.403545445762579,0.481225239112978,sofascore_shotmap,12764167.0,2.0,0.9516129032258064,ucl_recent_sofascore_xg_v1,42458cbd2499272d02d2db97916950646038287b52f25490239639dd83966494
ucl-2024-25-017,2024-25,2024-09-17T00:00:00+00:00,2024-09-17T00:00:00Z,atalanta-bc,arsenal-fc,0,0,1.590955909380315,0.788373462855813,sofascore_shotmap,12763970.0,2.0,1.0,ucl_recent_sofascore_xg_v1,42458cbd2499272d02d2db97916950646038287b52f25490239639dd83966494
ucl-2024-25-018,2024-25,2024-09-17T00:00:00+00:00,2024-09-17T00:00:00Z,club-atl-tico-de-madrid,rb-leipzig,2,1,1.7489092955365888,0.7562939636409259,sofascore_shotmap,12763995.0,2.0,0.9545454545454546,ucl_recent_sofascore_xg_v1,42458cbd2499272d02d2db97916950646038287b52f25490239639dd83966494
ucl-2024-25-019,2024-25,2024-09-17T00:00:00+00:00,2024-09-17T00:00:00Z,vfb-stuttgart,ac-sparta-praha,1,1,1.705709219910209,1.0040526874363402,sofascore_shotmap,12764523.0,14.0,1.0,ucl_recent_sofascore_xg_v1,42458cbd2499272d02d2db97916950646038287b52f25490239639dd83966494
ucl-2024-25-020,2024-25,2024-09-17T00:00:00+00:00,2024-09-17T00:00:00Z,fc-red-bull-salzburg,stade-brestois-29,0,4,1.617196446284655,2.045286410488201,sofascore_shotmap,12764453.0,14.0,0.9516129032258064,ucl_recent_sofascore_xg_v1,42458cbd2499272d02d2db97916950646038287b52f25490239639dd83966494
ucl-2024-25-021,2024-25,2024-09-17T00:00:00+00:00,2024-09-17T00:00:00Z,k-slovan-bratislava,manchester-city-fc,0,4,0.096505120396614,3.7234240956604334,sofascore_shotmap,12764476.0,14.0,0.9871794871794872,ucl_recent_sofascore_xg_v1,42458cbd2499272d02d2db97916950646038287b52f25490239639dd83966494
ucl-2024-25-022,2024-25,2024-09-17T00:00:00+00:00,2024-09-17T00:00:00Z,borussia-dortmund,celtic-fc,7,1,2.600704688656326,2.130719268694519,sofascore_shotmap,12764149.0,14.0,1.0,ucl_recent_sofascore_xg_v1,42458cbd2499272d02d2db97916950646038287b52f25490239639dd83966494
ucl-2024-25-023,2024-25,2024-09-17T00:00:00+00:00,2024-09-17T00:00:00Z,fc-barcelona,bsc-young-boys,5,0,3.639651108533152,0.792029544711116,sofascore_shotmap,12764029.0,14.0,1.0,ucl_recent_sofascore_xg_v1,42458cbd2499272d02d2db97916950646038287b52f25490239639dd83966494
ucl-2024-25-024,2024-25,2024-09-17T00:00:00+00:00,2024-09-17T00:00:00Z,fc-internazionale-milano,fk-crvena-zvezda,4,0,2.789543327914189,0.522406699135902,sofascore_shotmap,12764267.0,14.0,1.0,ucl_recent_sofascore_xg_v1,42458cbd2499272d02d2db97916950646038287b52f25490239639dd83966494
ucl-2024-25-025,2024-25,2024-09-17T00:00:00+00:00,2024-09-17T00:00:00Z,bayer-04-leverkusen,ac-milan,1,0,2.012110269628469,1.024128593504428,sofascore_shotmap,12764036.0,14.0,1.0,ucl_recent_sofascore_xg_v1,42458cbd2499272d02d2db97916950646038287b52f25490239639dd83966494
ucl-2024-25-028,2024-25,2024-09-17T00:00:00+00:00,2024-09-17T00:00:00Z,girona-fc,feyenoord-rotterdam,2,3,2.338279219383002,1.858344288581613,sofascore_shotmap,12764244.0,15.0,1.0,ucl_recent_sofascore_xg_v1,42458cbd2499272d02d2db97916950646038287b52f25490239639dd83966494
ucl-2024-25-029,2024-25,2024-09-17T00:00:00+00:00,2024-09-17T00:00:00Z,fk-shakhtar-donetsk,atalanta-bc,0,3,0.293476577848194,2.611227674409748,sofascore_shotmap,12764462.0,15.0,1.0,ucl_recent_sofascore_xg_v1,42458cbd2499272d02d2db97916950646038287b52f25490239639dd83966494
ucl-2024-25-030,2024-25,2024-09-17T00:00:00+00:00,2024-09-17T00:00:00Z,aston-villa-fc,fc-bayern-m-nchen,1,0,0.400678066536784,1.562335729599006,sofascore_shotmap,12763956.0,15.0,1.0,ucl_recent_sofascore_xg_v1,42458cbd2499272d02d2db97916950646038287b52f25490239639dd83966494
ucl-2024-25-031,2024-25,2024-09-17T00:00:00+00:00,2024-09-17T00:00:00Z,sk-sturm-graz,club-brugge-kv,0,1,0.400683926418419,0.6812550695613,sofascore_shotmap,12764499.0,15.0,1.0,ucl_recent_sofascore_xg_v1,42458cbd2499272d02d2db97916950646038287b52f25490239639dd83966494
ucl-2024-25-032,2024-25,2024-09-17T00:00:00+00:00,2024-09-17T00:00:00Z,liverpool-fc,bologna-fc-1909,2,0,1.214587027207018,0.590066922828554,sofascore_shotmap,12764320.0,15.0,1.0,ucl_recent_sofascore_xg_v1,42458cbd2499272d02d2db97916950646038287b52f25490239639dd83966494
ucl-2024-25-033,2024-25,2024-09-17T00:00:00+00:00,2024-09-17T00:00:00Z,rb-leipzig,juventus-fc,2,3,3.373518800401681,1.204949866980305,sofascore_shotmap,12764419.0,15.0,1.0,ucl_recent_sofascore_xg_v1,42458cbd2499272d02d2db97916950646038287b52f25490239639dd83966494
ucl-2024-25-035,2024-25,2024-09-17T00:00:00+00:00,2024-09-17T00:00:00Z,gnk-dinamo-zagreb,as-monaco-fc,2,2,0.994561762548981,2.065942261406782,sofascore_shotmap,12764228.0,15.0,1.0,ucl_recent_sofascore_xg_v1,42458cbd2499272d02d2db97916950646038287b52f25490239639dd83966494
ucl-2024-25-036,2024-25,2024-09-17T00:00:00+00:00,2024-09-17T00:00:00Z,lille-osc,real-madrid-cf,1,0,1.200494416096807,2.451567497104402,sofascore_shotmap,12764304.0,15.0,1.0,ucl_recent_sofascore_xg_v1,42458cbd2499272d02d2db97916950646038287b52f25490239639dd83966494
ucl-2024-25-037,2024-25,2024-09-17T00:00:00+00:00,2024-09-17T00:00:00Z,as-monaco-fc,fk-crvena-zvezda,5,1,3.327047478407609,0.979646800124645,sofascore_shotmap,12764370.0,35.0,1.0,ucl_recent_sofascore_xg_v1,42458cbd2499272d02d2db97916950646038287b52f25490239639dd83966494
ucl-2024-25-038,2024-25,2024-09-17T00:00:00+00:00,2024-09-17T00:00:00Z,ac-milan,club-brugge-kv,3,1,1.217119282111517,0.571944611147042,sofascore_shotmap,12763924.0,35.0,1.0,ucl_recent_sofascore_xg_v1,42458cbd2499272d02d2db97916950646038287b52f25490239639dd83966494
ucl-2024-25-039,2024-25,2024-09-17T00:00:00+00:00,2024-09-17T00:00:00Z,aston-villa-fc,bologna-fc-1909,2,0,1.242947707884014,0.860027103684843,sofascore_shotmap,12763957.0,35.0,1.0,ucl_recent_sofascore_xg_v1,42458cbd2499272d02d2db97916950646038287b52f25490239639dd83966494
ucl-2024-25-040,2024-25,2024-09-17T00:00:00+00:00,2024-09-17T00:00:00Z,girona-fc,k-slovan-bratislava,2,0,1.7198556196331931,0.528285279870039,sofascore_shotmap,12764255.0,35.0,0.9871794871794872,ucl_recent_sofascore_xg_v1,42458cbd2499272d02d2db97916950646038287b52f25490239639dd83966494
ucl-2024-25-043,2024-25,2024-09-17T00:00:00+00:00,2024-09-17T00:00:00Z,real-madrid-cf,borussia-dortmund,5,2,3.640785231255002,1.580520000308755,sofascore_shotmap,12764435.0,35.0,1.0,ucl_recent_sofascore_xg_v1,42458cbd2499272d02d2db97916950646038287b52f25490239639dd83966494
ucl-2024-25-044,2024-25,2024-09-17T00:00:00+00:00,2024-09-17T00:00:00Z,arsenal-fc,fk-shakhtar-donetsk,1,0,1.821844823697213,0.700858023017642,sofascore_shotmap,12763955.0,35.0,1.0,ucl_recent_sofascore_xg_v1,42458cbd2499272d02d2db97916950646038287b52f25490239639dd83966494
ucl-2024-25-045,2024-25,2024-09-17T00:00:00+00:00,2024-09-17T00:00:00Z,juventus-fc,vfb-stuttgart,0,1,0.250388653948903,2.52441224180311,sofascore_shotmap,12764289.0,35.0,1.0,ucl_recent_sofascore_xg_v1,42458cbd2499272d02d2db97916950646038287b52f25490239639dd83966494
ucl-2024-25-046,2024-25,2024-09-17T00:00:00+00:00,2024-09-17T00:00:00Z,stade-brestois-29,bayer-04-leverkusen,1,1,0.4615553505718709,1.032253528013832,sofascore_shotmap,12764162.0,36.0,0.9516129032258064,ucl_recent_sofascore_xg_v1,42458cbd2499272d02d2db97916950646038287b52f25490239639dd83966494
ucl-2024-25-047,2024-25,2024-09-17T00:00:00+00:00,2024-09-17T00:00:00Z,atalanta-bc,celtic-fc,0,0,2.4132024357095254,0.2555420901626329,sofascore_shotmap,12763972.0,36.0,1.0,ucl_recent_sofascore_xg_v1,42458cbd2499272d02d2db97916950646038287b52f25490239639dd83966494
ucl-2024-25-048,2024-25,2024-09-17T00:00:00+00:00,2024-09-17T00:00:00Z,bsc-young-boys,fc-internazionale-milano,0,1,0.821796240285037,3.571946415157617,sofascore_shotmap,12764532.0,36.0,1.0,ucl_recent_sofascore_xg_v1,42458cbd2499272d02d2db97916950646038287b52f25490239639dd83966494
ucl-2024-25-049,2024-25,2024-09-17T00:00:00+00:00,2024-09-17T00:00:00Z,fc-barcelona,fc-bayern-m-nchen,4,1,2.233134828507895,1.0333168264478374,sofascore_shotmap,12764014.0,36.0,1.0,ucl_recent_sofascore_xg_v1,42458cbd2499272d02d2db97916950646038287b52f25490239639dd83966494
ucl-2024-25-050,2024-25,2024-09-17T00:00:00+00:00,2024-09-17T00:00:00Z,manchester-city-fc,ac-sparta-praha,5,0,2.929904190862182,0.230852646753191,sofascore_shotmap,12764347.0,36.0,1.0,ucl_recent_sofascore_xg_v1,42458cbd2499272d02d2db97916950646038287b52f25490239639dd83966494
ucl-2024-25-051,2024-25,2024-09-17T00:00:00+00:00,2024-09-17T00:00:00Z,rb-leipzig,liverpool-fc,0,1,0.8597562285140172,2.394137769937517,sofascore_shotmap,12764425.0,36.0,1.0,ucl_recent_sofascore_xg_v1,42458cbd2499272d02d2db97916950646038287b52f25490239639dd83966494
ucl-2024-25-052,2024-25,2024-09-17T00:00:00+00:00,2024-09-17T00:00:00Z,club-atl-tico-de-madrid,lille-osc,1,3,2.3490061722695827,1.338039191478486,sofascore_shotmap,12763988.0,36.0,0.9545454545454546,ucl_recent_sofascore_xg_v1,42458cbd2499272d02d2db97916950646038287b52f25490239639dd83966494
ucl-2024-25-054,2024-25,2024-09-17T00:00:00+00:00,2024-09-17T00:00:00Z,fc-red-bull-salzburg,gnk-dinamo-zagreb,0,2,1.273055795580154,1.7274680193513705,sofascore_shotmap,12764456.0,36.0,1.0,ucl_recent_sofascore_xg_v1,42458cbd2499272d02d2db97916950646038287b52f25490239639dd83966494
ucl-2024-25-055,2024-25,2024-09-17T00:00:00+00:00,2024-09-17T00:00:00Z,k-slovan-bratislava,gnk-dinamo-zagreb,1,4,1.878061407245702,1.543187947943813,sofascore_shotmap,12764474.0,49.0,0.9871794871794872,ucl_recent_sofascore_xg_v1,42458cbd2499272d02d2db97916950646038287b52f25490239639dd83966494
ucl-2024-25-058,2024-25,2024-09-17T00:00:00+00:00,2024-09-17T00:00:00Z,bologna-fc-1909,as-monaco-fc,0,1,0.462437387555842,0.973278276622296,sofascore_shotmap,12764139.0,49.0,1.0,ucl_recent_sofascore_xg_v1,42458cbd2499272d02d2db97916950646038287b52f25490239639dd83966494
ucl-2024-25-059,2024-25,2024-09-17T00:00:00+00:00,2024-09-17T00:00:00Z,borussia-dortmund,sk-sturm-graz,1,0,1.992607414722452,0.434818232432008,sofascore_shotmap,12764155.0,49.0,1.0,ucl_recent_sofascore_xg_v1,42458cbd2499272d02d2db97916950646038287b52f25490239639dd83966494
ucl-2024-25-060,2024-25,2024-09-17T00:00:00+00:00,2024-09-17T00:00:00Z,liverpool-fc,bayer-04-leverkusen,4,0,3.797206511720998,0.8814844759181082,sofascore_shotmap,12764316.0,49.0,1.0,ucl_recent_sofascore_xg_v1,42458cbd2499272d02d2db97916950646038287b52f25490239639dd83966494
ucl-2024-25-061,2024-25,2024-09-17T00:00:00+00:00,2024-09-17T00:00:00Z,real-madrid-cf,ac-milan,1,3,2.660880419464412,2.547819552943114,sofascore_shotmap,12764432.0,49.0,1.0,ucl_recent_sofascore_xg_v1,42458cbd2499272d02d2db97916950646038287b52f25490239639dd83966494
ucl-2024-25-062,2024-25,2024-09-17T00:00:00+00:00,2024-09-17T00:00:00Z,celtic-fc,rb-leipzig,3,1,1.787546947598464,1.277022033929819,sofascore_shotmap,12764172.0,49.0,1.0,ucl_recent_sofascore_xg_v1,42458cbd2499272d02d2db97916950646038287b52f25490239639dd83966494
ucl-2024-25-063,2024-25,2024-09-17T00:00:00+00:00,2024-09-17T00:00:00Z,lille-osc,juventus-fc,1,1,0.813094677403563,1.457842065991465,sofascore_shotmap,12764301.0,49.0,1.0,ucl_recent_sofascore_xg_v1,42458cbd2499272d02d2db97916950646038287b52f25490239639dd83966494
ucl-2024-25-065,2024-25,2024-09-17T00:00:00+00:00,2024-09-17T00:00:00Z,fk-shakhtar-donetsk,bsc-young-boys,2,1,1.9628228265792087,0.984437988139695,sofascore_shotmap,12764468.0,50.0,1.0,ucl_recent_sofascore_xg_v1,42458cbd2499272d02d2db97916950646038287b52f25490239639dd83966494
ucl-2024-25-066,2024-25,2024-09-17T00:00:00+00:00,2024-09-17T00:00:00Z,ac-sparta-praha,stade-brestois-29,1,2,0.5162507947534369,1.597754467278716,sofascore_shotmap,12764482.0,50.0,0.9516129032258064,ucl_recent_sofascore_xg_v1,42458cbd2499272d02d2db97916950646038287b52f25490239639dd83966494
ucl-2024-25-067,2024-25,2024-09-17T00:00:00+00:00,2024-09-17T00:00:00Z,vfb-stuttgart,atalanta-bc,0,2,0.9713260587304792,2.273528944700945,sofascore_shotmap,12764513.0,50.0,1.0,ucl_recent_sofascore_xg_v1,42458cbd2499272d02d2db97916950646038287b52f25490239639dd83966494
ucl-2024-25-068,2024-25,2024-09-17T00:00:00+00:00,2024-09-17T00:00:00Z,fc-internazionale-milano,arsenal-fc,1,0,1.159984692969917,1.799514499492935,sofascore_shotmap,12764263.0,50.0,1.0,ucl_recent_sofascore_xg_v1,42458cbd2499272d02d2db97916950646038287b52f25490239639dd83966494
ucl-2024-25-069,2024-25,2024-09-17T00:00:00+00:00,2024-09-17T00:00:00Z,paris-saint-germain-fc,club-atl-tico-de-madrid,1,2,2.127758659422396,0.660334493964911,sofascore_shotmap,12764375.0,50.0,0.9545454545454546,ucl_recent_sofascore_xg_v1,42458cbd2499272d02d2db97916950646038287b52f25490239639dd83966494
ucl-2024-25-070,2024-25,2024-09-17T00:00:00+00:00,2024-09-17T00:00:00Z,feyenoord-rotterdam,fc-red-bull-salzburg,1,3,0.7713460563682026,1.695569314101332,sofascore_shotmap,12764236.0,50.0,1.0,ucl_recent_sofascore_xg_v1,42458cbd2499272d02d2db97916950646038287b52f25490239639dd83966494
ucl-2024-25-071,2024-25,2024-09-17T00:00:00+00:00,2024-09-17T00:00:00Z,fk-crvena-zvezda,fc-barcelona,2,5,0.201188338920471,3.685754449106748,sofascore_shotmap,12764209.0,50.0,1.0,ucl_recent_sofascore_xg_v1,42458cbd2499272d02d2db97916950646038287b52f25490239639dd83966494
ucl-2024-25-073,2024-25,2024-09-17T00:00:00+00:00,2024-09-17T00:00:00Z,k-slovan-bratislava,ac-milan,2,3,1.51277127861977,1.877718416973954,sofascore_shotmap,12764471.0,70.0,0.9871794871794872,ucl_recent_sofascore_xg_v1,42458cbd2499272d02d2db97916950646038287b52f25490239639dd83966494
ucl-2024-25-074,2024-25,2024-09-17T00:00:00+00:00,2024-09-17T00:00:00Z,ac-sparta-praha,club-atl-tico-de-madrid,0,6,0.20225860364735,3.111595991998896,sofascore_shotmap,12764481.0,70.0,0.9545454545454546,ucl_recent_sofascore_xg_v1,42458cbd2499272d02d2db97916950646038287b52f25490239639dd83966494
ucl-2024-25-076,2024-25,2024-09-17T00:00:00+00:00,2024-09-17T00:00:00Z,bsc-young-boys,atalanta-bc,1,6,0.808575723320247,2.5436740396544395,sofascore_shotmap,12764527.0,70.0,1.0,ucl_recent_sofascore_xg_v1,42458cbd2499272d02d2db97916950646038287b52f25490239639dd83966494
ucl-2024-25-077,2024-25,2024-09-17T00:00:00+00:00,2024-09-17T00:00:00Z,fc-bayern-m-nchen,paris-saint-germain-fc,1,0,2.412060711532825,0.769962329417475,sofascore_shotmap,12764080.0,70.0,1.0,ucl_recent_sofascore_xg_v1,42458cbd2499272d02d2db97916950646038287b52f25490239639dd83966494
ucl-2024-25-078,2024-25,2024-09-17T00:00:00+00:00,2024-09-17T00:00:00Z,fc-barcelona,stade-brestois-29,3,0,2.857309390829502,0.068776477128268,sofascore_shotmap,12764020.0,70.0,0.9516129032258064,ucl_recent_sofascore_xg_v1,42458cbd2499272d02d2db97916950646038287b52f25490239639dd83966494
ucl-2024-25-079,2024-25,2024-09-17T00:00:00+00:00,2024-09-17T00:00:00Z,fc-internazionale-milano,rb-leipzig,1,0,1.3708933033049109,0.146026507019997,sofascore_shotmap,12764274.0,70.0,1.0,ucl_recent_sofascore_xg_v1,42458cbd2499272d02d2db97916950646038287b52f25490239639dd83966494
ucl-2024-25-080,2024-25,2024-09-17T00:00:00+00:00,2024-09-17T00:00:00Z,manchester-city-fc,feyenoord-rotterdam,3,3,2.212209099942443,2.189163082279262,sofascore_shotmap,12764341.0,70.0,1.0,ucl_recent_sofascore_xg_v1,42458cbd2499272d02d2db97916950646038287b52f25490239639dd83966494
ucl-2024-25-081,2024-25,2024-09-17T00:00:00+00:00,2024-09-17T00:00:00Z,bayer-04-leverkusen,fc-red-bull-salzburg,5,0,4.563670046200596,0.310716674663123,sofascore_shotmap,12764052.0,70.0,1.0,ucl_recent_sofascore_xg_v1,42458cbd2499272d02d2db97916950646038287b52f25490239639dd83966494
ucl-2024-25-082,2024-25,2024-09-17T00:00:00+00:00,2024-09-17T00:00:00Z,sk-sturm-graz,girona-fc,1,0,0.90911676548422,1.669732833281163,sofascore_shotmap,12764501.0,71.0,1.0,ucl_recent_sofascore_xg_v1,42458cbd2499272d02d2db97916950646038287b52f25490239639dd83966494
ucl-2024-25-083,2024-25,2024-09-17T00:00:00+00:00,2024-09-17T00:00:00Z,fk-crvena-zvezda,vfb-stuttgart,5,1,1.896806359291082,0.6351802507415389,sofascore_shotmap,12764218.0,71.0,1.0,ucl_recent_sofascore_xg_v1,42458cbd2499272d02d2db97916950646038287b52f25490239639dd83966494
ucl-2024-25-085,2024-25,2024-09-17T00:00:00+00:00,2024-09-17T00:00:00Z,aston-villa-fc,juventus-fc,0,0,1.222001146525144,0.391048452816908,sofascore_shotmap,12763959.0,71.0,1.0,ucl_recent_sofascore_xg_v1,42458cbd2499272d02d2db97916950646038287b52f25490239639dd83966494
ucl-2024-25-086,2024-25,2024-09-17T00:00:00+00:00,2024-09-17T00:00:00Z,bologna-fc-1909,lille-osc,1,2,1.709217284806074,2.4256522580981152,sofascore_shotmap,12764118.0,71.0,1.0,ucl_recent_sofascore_xg_v1,42458cbd2499272d02d2db97916950646038287b52f25490239639dd83966494
ucl-2024-25-087,2024-25,2024-09-17T00:00:00+00:00,2024-09-17T00:00:00Z,liverpool-fc,real-madrid-cf,2,0,2.7310795300096298,1.226059434275698,sofascore_shotmap,12764328.0,71.0,1.0,ucl_recent_sofascore_xg_v1,42458cbd2499272d02d2db97916950646038287b52f25490239639dd83966494
ucl-2024-25-088,2024-25,2024-09-17T00:00:00+00:00,2024-09-17T00:00:00Z,celtic-fc,club-brugge-kv,1,1,1.006577264517549,1.08313349355012,sofascore_shotmap,12764168.0,71.0,1.0,ucl_recent_sofascore_xg_v1,42458cbd2499272d02d2db97916950646038287b52f25490239639dd83966494
ucl-2024-25-089,2024-25,2024-09-17T00:00:00+00:00,2024-09-17T00:00:00Z,gnk-dinamo-zagreb,borussia-dortmund,0,3,0.1584055647254,1.719306108541785,sofascore_shotmap,12764224.0,71.0,1.0,ucl_recent_sofascore_xg_v1,42458cbd2499272d02d2db97916950646038287b52f25490239639dd83966494
ucl-2024-25-091,2024-25,2024-09-17T00:00:00+00:00,2024-09-17T00:00:00Z,girona-fc,liverpool-fc,0,1,1.209691004827618,1.841944713649905,sofascore_shotmap,12764249.0,84.0,1.0,ucl_recent_sofascore_xg_v1,42458cbd2499272d02d2db97916950646038287b52f25490239639dd83966494
ucl-2024-25-092,2024-25,2024-09-17T00:00:00+00:00,2024-09-17T00:00:00Z,gnk-dinamo-zagreb,celtic-fc,0,0,0.531943412497635,0.431297980248929,sofascore_shotmap,12764226.0,84.0,1.0,ucl_recent_sofascore_xg_v1,42458cbd2499272d02d2db97916950646038287b52f25490239639dd83966494
ucl-2024-25-094,2024-25,2024-09-17T00:00:00+00:00,2024-09-17T00:00:00Z,rb-leipzig,aston-villa-fc,2,3,2.2303127842024,2.136897254735241,sofascore_shotmap,12764414.0,84.0,1.0,ucl_recent_sofascore_xg_v1,42458cbd2499272d02d2db97916950646038287b52f25490239639dd83966494
ucl-2024-25-095,2024-25,2024-09-17T00:00:00+00:00,2024-09-17T00:00:00Z,atalanta-bc,real-madrid-cf,2,3,3.328703895249954,2.098489935509868,sofascore_shotmap,12763974.0,84.0,1.0,ucl_recent_sofascore_xg_v1,42458cbd2499272d02d2db97916950646038287b52f25490239639dd83966494
ucl-2024-25-096,2024-25,2024-09-17T00:00:00+00:00,2024-09-17T00:00:00Z,bayer-04-leverkusen,fc-internazionale-milano,1,0,1.137358643114566,0.299980107694862,sofascore_shotmap,12764043.0,84.0,1.0,ucl_recent_sofascore_xg_v1,42458cbd2499272d02d2db97916950646038287b52f25490239639dd83966494
ucl-2024-25-098,2024-25,2024-09-17T00:00:00+00:00,2024-09-17T00:00:00Z,fk-shakhtar-donetsk,fc-bayern-m-nchen,1,5,1.225643068552019,3.586954170876743,sofascore_shotmap,12764464.0,84.0,1.0,ucl_recent_sofascore_xg_v1,42458cbd2499272d02d2db97916950646038287b52f25490239639dd83966494
ucl-2024-25-099,2024-25,2024-09-17T00:00:00+00:00,2024-09-17T00:00:00Z,fc-red-bull-salzburg,paris-saint-germain-fc,0,3,0.157926091924309,3.186161519028234,sofascore_shotmap,12764458.0,84.0,1.0,ucl_recent_sofascore_xg_v1,42458cbd2499272d02d2db97916950646038287b52f25490239639dd83966494
ucl-2024-25-100,2024-25,2024-09-17T00:00:00+00:00,2024-09-17T00:00:00Z,club-atl-tico-de-madrid,k-slovan-bratislava,3,1,2.0279382430016883,1.021844109559056,sofascore_shotmap,12764001.0,85.0,0.9417249417249416,ucl_recent_sofascore_xg_v1,42458cbd2499272d02d2db97916950646038287b52f25490239639dd83966494
ucl-2024-25-101,2024-25,2024-09-17T00:00:00+00:00,2024-09-17T00:00:00Z,lille-osc,sk-sturm-graz,3,2,2.009904655627914,1.288245739415288,sofascore_shotmap,12764311.0,85.0,1.0,ucl_recent_sofascore_xg_v1,42458cbd2499272d02d2db97916950646038287b52f25490239639dd83966494
ucl-2024-25-102,2024-25,2024-09-17T00:00:00+00:00,2024-09-17T00:00:00Z,vfb-stuttgart,bsc-young-boys,5,1,2.332341856323171,0.252322284504771,sofascore_shotmap,12764525.0,85.0,1.0,ucl_recent_sofascore_xg_v1,42458cbd2499272d02d2db97916950646038287b52f25490239639dd83966494
ucl-2024-25-104,2024-25,2024-09-17T00:00:00+00:00,2024-09-17T00:00:00Z,ac-milan,fk-crvena-zvezda,2,1,2.030578441917901,0.451021727174521,sofascore_shotmap,12763934.0,85.0,1.0,ucl_recent_sofascore_xg_v1,42458cbd2499272d02d2db97916950646038287b52f25490239639dd83966494
ucl-2024-25-106,2024-25,2024-09-17T00:00:00+00:00,2024-09-17T00:00:00Z,arsenal-fc,as-monaco-fc,3,0,2.286597678437839,0.4812113782390951,sofascore_shotmap,12763949.0,85.0,1.0,ucl_recent_sofascore_xg_v1,42458cbd2499272d02d2db97916950646038287b52f25490239639dd83966494
ucl-2024-25-107,2024-25,2024-09-17T00:00:00+00:00,2024-09-17T00:00:00Z,juventus-fc,manchester-city-fc,2,0,1.128514395095414,1.257058918476107,sofascore_shotmap,12764281.0,85.0,1.0,ucl_recent_sofascore_xg_v1,42458cbd2499272d02d2db97916950646038287b52f25490239639dd83966494
ucl-2024-25-108,2024-25,2024-09-17T00:00:00+00:00,2024-09-17T00:00:00Z,feyenoord-rotterdam,ac-sparta-praha,4,2,0.950678197666997,0.717119573849444,sofascore_shotmap,12764239.0,85.0,1.0,ucl_recent_sofascore_xg_v1,42458cbd2499272d02d2db97916950646038287b52f25490239639dd83966494
ucl-2024-25-109,2024-25,2025-01-21T00:00:00+00:00,2025-01-21T00:00:00Z,as-monaco-fc,aston-villa-fc,1,0,1.650546485558153,0.951346643269063,sofascore_shotmap,12764355.0,0.0,1.0,ucl_recent_sofascore_xg_v1,42458cbd2499272d02d2db97916950646038287b52f25490239639dd83966494
ucl-2024-25-110,2024-25,2025-01-21T00:00:00+00:00,2025-01-21T00:00:00Z,atalanta-bc,sk-sturm-graz,5,0,5.338050707243379,0.792421292513602,sofascore_shotmap,12763976.0,0.0,1.0,ucl_recent_sofascore_xg_v1,42458cbd2499272d02d2db97916950646038287b52f25490239639dd83966494
ucl-2024-25-111,2024-25,2025-01-21T00:00:00+00:00,2025-01-21T00:00:00Z,bologna-fc-1909,borussia-dortmund,2,1,2.091414879076172,0.989241668993237,sofascore_shotmap,12764111.0,0.0,1.0,ucl_recent_sofascore_xg_v1,42458cbd2499272d02d2db97916950646038287b52f25490239639dd83966494
ucl-2024-25-112,2024-25,2025-01-21T00:00:00+00:00,2025-01-21T00:00:00Z,k-slovan-bratislava,vfb-stuttgart,1,3,0.635847693309186,3.695302445441474,sofascore_shotmap,12764480.0,0.0,0.9871794871794872,ucl_recent_sofascore_xg_v1,42458cbd2499272d02d2db97916950646038287b52f25490239639dd83966494
ucl-2024-25-113,2024-25,2025-01-21T00:00:00+00:00,2025-01-21T00:00:00Z,liverpool-fc,lille-osc,2,1,2.463788651861244,0.487923130393031,sofascore_shotmap,12764324.0,0.0,1.0,ucl_recent_sofascore_xg_v1,42458cbd2499272d02d2db97916950646038287b52f25490239639dd83966494
ucl-2024-25-114,2024-25,2025-01-21T00:00:00+00:00,2025-01-21T00:00:00Z,club-atl-tico-de-madrid,bayer-04-leverkusen,2,1,0.766133829951286,0.816540798172352,sofascore_shotmap,12763983.0,0.0,0.9545454545454546,ucl_recent_sofascore_xg_v1,42458cbd2499272d02d2db97916950646038287b52f25490239639dd83966494
ucl-2024-25-115,2024-25,2025-01-21T00:00:00+00:00,2025-01-21T00:00:00Z,sport-lisboa-e-benfica,fc-barcelona,4,5,3.345242058897026,3.6284887884586974,sofascore_shotmap,12764100.0,0.0,0.7413793103448276,ucl_recent_sofascore_xg_v1,42458cbd2499272d02d2db97916950646038287b52f25490239639dd83966494
ucl-2024-25-116,2024-25,2025-01-21T00:00:00+00:00,2025-01-21T00:00:00Z,club-brugge-kv,juventus-fc,0,0,0.7469616048037999,0.44168200157583,sofascore_shotmap,12764198.0,0.0,1.0,ucl_recent_sofascore_xg_v1,42458cbd2499272d02d2db97916950646038287b52f25490239639dd83966494
ucl-2024-25-117,2024-25,2025-01-21T00:00:00+00:00,2025-01-21T00:00:00Z,fk-crvena-zvezda,psv,2,3,2.662353201769273,0.83124511037022,sofascore_shotmap,12764217.0,0.0,0.6875,ucl_recent_sofascore_xg_v1,42458cbd2499272d02d2db97916950646038287b52f25490239639dd83966494
ucl-2024-25-118,2024-25,2025-01-21T00:00:00+00:00,2025-01-21T00:00:00Z,rb-leipzig,sporting-clube-de-portugal,2,1,2.548743134364487,0.916150351986289,sofascore_shotmap,12764428.0,1.0,0.7352941176470589,ucl_recent_sofascore_xg_v1,42458cbd2499272d02d2db97916950646038287b52f25490239639dd83966494
ucl-2024-25-119,2024-25,2025-01-21T00:00:00+00:00,2025-01-21T00:00:00Z,fk-shakhtar-donetsk,stade-brestois-29,2,0,1.9318966530650847,0.429481605067844,sofascore_shotmap,12764466.0,1.0,0.9516129032258064,ucl_recent_sofascore_xg_v1,42458cbd2499272d02d2db97916950646038287b52f25490239639dd83966494
ucl-2024-25-120,2024-25,2025-01-21T00:00:00+00:00,2025-01-21T00:00:00Z,ac-sparta-praha,fc-internazionale-milano,0,1,0.372734248638154,0.880369579419491,sofascore_shotmap,12764485.0,1.0,1.0,ucl_recent_sofascore_xg_v1,42458cbd2499272d02d2db97916950646038287b52f25490239639dd83966494
ucl-2024-25-121,2024-25,2025-01-21T00:00:00+00:00,2025-01-21T00:00:00Z,paris-saint-germain-fc,manchester-city-fc,4,2,2.818453185260302,1.901828888803712,sofascore_shotmap,12764388.0,1.0,1.0,ucl_recent_sofascore_xg_v1,42458cbd2499272d02d2db97916950646038287b52f25490239639dd83966494
ucl-2024-25-122,2024-25,2025-01-21T00:00:00+00:00,2025-01-21T00:00:00Z,real-madrid-cf,fc-red-bull-salzburg,5,1,2.839851807802917,0.451069643720989,sofascore_shotmap,12764439.0,1.0,1.0,ucl_recent_sofascore_xg_v1,42458cbd2499272d02d2db97916950646038287b52f25490239639dd83966494
ucl-2024-25-123,2024-25,2025-01-21T00:00:00+00:00,2025-01-21T00:00:00Z,ac-milan,girona-fc,1,0,1.308266801759606,1.020078818313782,sofascore_shotmap,12763938.0,1.0,1.0,ucl_recent_sofascore_xg_v1,42458cbd2499272d02d2db97916950646038287b52f25490239639dd83966494
ucl-2024-25-124,2024-25,2025-01-21T00:00:00+00:00,2025-01-21T00:00:00Z,arsenal-fc,gnk-dinamo-zagreb,3,0,2.480680029839275,0.10227903816849,sofascore_shotmap,12763942.0,1.0,1.0,ucl_recent_sofascore_xg_v1,42458cbd2499272d02d2db97916950646038287b52f25490239639dd83966494
ucl-2024-25-125,2024-25,2025-01-21T00:00:00+00:00,2025-01-21T00:00:00Z,celtic-fc,bsc-young-boys,1,0,1.848674599120022,1.042102348990739,sofascore_shotmap,12764178.0,1.0,1.0,ucl_recent_sofascore_xg_v1,42458cbd2499272d02d2db97916950646038287b52f25490239639dd83966494
ucl-2024-25-126,2024-25,2025-01-21T00:00:00+00:00,2025-01-21T00:00:00Z,feyenoord-rotterdam,fc-bayern-m-nchen,3,0,1.744052194097643,2.42366812191903,sofascore_shotmap,12764233.0,1.0,1.0,ucl_recent_sofascore_xg_v1,42458cbd2499272d02d2db97916950646038287b52f25490239639dd83966494
ucl-2024-25-128,2024-25,2025-01-21T00:00:00+00:00,2025-01-21T00:00:00Z,bsc-young-boys,fk-crvena-zvezda,0,1,0.440962174907329,1.767372919246552,sofascore_shotmap,12764530.0,8.0,1.0,ucl_recent_sofascore_xg_v1,42458cbd2499272d02d2db97916950646038287b52f25490239639dd83966494
ucl-2024-25-129,2024-25,2025-01-21T00:00:00+00:00,2025-01-21T00:00:00Z,aston-villa-fc,celtic-fc,4,2,3.973855173254024,0.8257896564900891,sofascore_shotmap,12763958.0,8.0,1.0,ucl_recent_sofascore_xg_v1,42458cbd2499272d02d2db97916950646038287b52f25490239639dd83966494
ucl-2024-25-130,2024-25,2025-01-21T00:00:00+00:00,2025-01-21T00:00:00Z,girona-fc,arsenal-fc,1,2,0.7442898107692579,2.115706149566174,sofascore_shotmap,12764241.0,8.0,1.0,ucl_recent_sofascore_xg_v1,42458cbd2499272d02d2db97916950646038287b52f25490239639dd83966494
ucl-2024-25-131,2024-25,2025-01-21T00:00:00+00:00,2025-01-21T00:00:00Z,stade-brestois-29,real-madrid-cf,0,3,1.425498764030643,2.619685089215647,sofascore_shotmap,12764165.0,8.0,0.9516129032258064,ucl_recent_sofascore_xg_v1,42458cbd2499272d02d2db97916950646038287b52f25490239639dd83966494
ucl-2024-25-132,2024-25,2025-01-21T00:00:00+00:00,2025-01-21T00:00:00Z,sk-sturm-graz,rb-leipzig,1,0,1.893118834588672,1.627701340243216,sofascore_shotmap,12764504.0,8.0,1.0,ucl_recent_sofascore_xg_v1,42458cbd2499272d02d2db97916950646038287b52f25490239639dd83966494
ucl-2024-25-133,2024-25,2025-01-21T00:00:00+00:00,2025-01-21T00:00:00Z,vfb-stuttgart,paris-saint-germain-fc,1,4,0.766380507498979,2.405081522651016,sofascore_shotmap,12764517.0,8.0,1.0,ucl_recent_sofascore_xg_v1,42458cbd2499272d02d2db97916950646038287b52f25490239639dd83966494
ucl-2024-25-134,2024-25,2025-01-21T00:00:00+00:00,2025-01-21T00:00:00Z,fc-bayern-m-nchen,k-slovan-bratislava,3,1,3.80719863064586,0.983653361909095,sofascore_shotmap,12764084.0,8.0,0.9871794871794872,ucl_recent_sofascore_xg_v1,42458cbd2499272d02d2db97916950646038287b52f25490239639dd83966494
ucl-2024-25-135,2024-25,2025-01-21T00:00:00+00:00,2025-01-21T00:00:00Z,borussia-dortmund,fk-shakhtar-donetsk,3,1,2.433673832565535,0.382193220779302,sofascore_shotmap,12764152.0,8.0,1.0,ucl_recent_sofascore_xg_v1,42458cbd2499272d02d2db97916950646038287b52f25490239639dd83966494
ucl-2024-25-136,2024-25,2025-01-21T00:00:00+00:00,2025-01-21T00:00:00Z,fc-barcelona,atalanta-bc,2,2,2.391899940557781,1.230990020558229,sofascore_shotmap,12764006.0,8.0,1.0,ucl_recent_sofascore_xg_v1,42458cbd2499272d02d2db97916950646038287b52f25490239639dd83966494
ucl-2024-25-137,2024-25,2025-01-21T00:00:00+00:00,2025-01-21T00:00:00Z,fc-internazionale-milano,as-monaco-fc,3,0,3.950803736263532,0.203268621116877,sofascore_shotmap,12764271.0,8.0,1.0,ucl_recent_sofascore_xg_v1,42458cbd2499272d02d2db97916950646038287b52f25490239639dd83966494
ucl-2024-25-138,2024-25,2025-01-21T00:00:00+00:00,2025-01-21T00:00:00Z,manchester-city-fc,club-brugge-kv,3,1,2.061974503099923,1.142744185403005,sofascore_shotmap,12764332.0,8.0,1.0,ucl_recent_sofascore_xg_v1,42458cbd2499272d02d2db97916950646038287b52f25490239639dd83966494
ucl-2024-25-139,2024-25,2025-01-21T00:00:00+00:00,2025-01-21T00:00:00Z,bayer-04-leverkusen,ac-sparta-praha,2,0,1.684539766982207,0.726465074345471,sofascore_shotmap,12764059.0,8.0,1.0,ucl_recent_sofascore_xg_v1,42458cbd2499272d02d2db97916950646038287b52f25490239639dd83966494
ucl-2024-25-141,2024-25,2025-01-21T00:00:00+00:00,2025-01-21T00:00:00Z,gnk-dinamo-zagreb,ac-milan,2,1,1.370982259511943,1.109612746164212,sofascore_shotmap,12764222.0,8.0,1.0,ucl_recent_sofascore_xg_v1,42458cbd2499272d02d2db97916950646038287b52f25490239639dd83966494
ucl-2024-25-142,2024-25,2025-01-21T00:00:00+00:00,2025-01-21T00:00:00Z,lille-osc,feyenoord-rotterdam,6,1,1.317733461037279,0.751452613621957,sofascore_shotmap,12764296.0,8.0,1.0,ucl_recent_sofascore_xg_v1,42458cbd2499272d02d2db97916950646038287b52f25490239639dd83966494
ucl-2024-25-144,2024-25,2025-01-21T00:00:00+00:00,2025-01-21T00:00:00Z,fc-red-bull-salzburg,club-atl-tico-de-madrid,1,4,0.623126329854126,2.128072598017752,sofascore_shotmap,12764448.0,8.0,0.9545454545454546,ucl_recent_sofascore_xg_v1,42458cbd2499272d02d2db97916950646038287b52f25490239639dd83966494
ucl-2024-25-145,2024-25,2025-01-21T00:00:00+00:00,2025-01-21T00:00:00Z,stade-brestois-29,paris-saint-germain-fc,0,3,0.9612842686474294,2.658470355013012,sofascore_shotmap,13412173.0,21.0,0.9516129032258064,ucl_recent_sofascore_xg_v1,42458cbd2499272d02d2db97916950646038287b52f25490239639dd83966494
ucl-2024-25-146,2024-25,2025-01-21T00:00:00+00:00,2025-01-21T00:00:00Z,manchester-city-fc,real-madrid-cf,2,3,1.5459271837413353,3.305508451536301,sofascore_shotmap,13412184.0,21.0,1.0,ucl_recent_sofascore_xg_v1,42458cbd2499272d02d2db97916950646038287b52f25490239639dd83966494
ucl-2024-25-149,2024-25,2025-01-21T00:00:00+00:00,2025-01-21T00:00:00Z,club-brugge-kv,atalanta-bc,2,1,1.421965533906222,1.050480339676145,sofascore_shotmap,13412190.0,22.0,1.0,ucl_recent_sofascore_xg_v1,42458cbd2499272d02d2db97916950646038287b52f25490239639dd83966494
ucl-2024-25-151,2024-25,2025-01-21T00:00:00+00:00,2025-01-21T00:00:00Z,celtic-fc,fc-bayern-m-nchen,1,2,1.385491959750647,0.701815342530616,sofascore_shotmap,13412186.0,22.0,1.0,ucl_recent_sofascore_xg_v1,42458cbd2499272d02d2db97916950646038287b52f25490239639dd83966494
ucl-2024-25-152,2024-25,2025-01-21T00:00:00+00:00,2025-01-21T00:00:00Z,feyenoord-rotterdam,ac-milan,1,0,0.495265549048782,0.588123230263596,sofascore_shotmap,13412180.0,22.0,1.0,ucl_recent_sofascore_xg_v1,42458cbd2499272d02d2db97916950646038287b52f25490239639dd83966494
ucl-2024-25-153,2024-25,2025-01-21T00:00:00+00:00,2025-01-21T00:00:00Z,ac-milan,feyenoord-rotterdam,1,1,1.709400353953249,0.8801486399024709,sofascore_shotmap,13412182.0,28.0,1.0,ucl_recent_sofascore_xg_v1,42458cbd2499272d02d2db97916950646038287b52f25490239639dd83966494
ucl-2024-25-155,2024-25,2025-01-21T00:00:00+00:00,2025-01-21T00:00:00Z,fc-bayern-m-nchen,celtic-fc,1,1,2.748018313199275,1.273253299295906,sofascore_shotmap,13412187.0,28.0,1.0,ucl_recent_sofascore_xg_v1,42458cbd2499272d02d2db97916950646038287b52f25490239639dd83966494
ucl-2024-25-156,2024-25,2025-01-21T00:00:00+00:00,2025-01-21T00:00:00Z,atalanta-bc,club-brugge-kv,1,3,3.344592454881965,1.35785572417081,sofascore_shotmap,13412191.0,28.0,1.0,ucl_recent_sofascore_xg_v1,42458cbd2499272d02d2db97916950646038287b52f25490239639dd83966494
ucl-2024-25-158,2024-25,2025-01-21T00:00:00+00:00,2025-01-21T00:00:00Z,paris-saint-germain-fc,stade-brestois-29,7,0,3.236058019101622,0.957434633746746,sofascore_shotmap,13412174.0,29.0,0.9516129032258064,ucl_recent_sofascore_xg_v1,42458cbd2499272d02d2db97916950646038287b52f25490239639dd83966494
ucl-2024-25-159,2024-25,2025-01-21T00:00:00+00:00,2025-01-21T00:00:00Z,real-madrid-cf,manchester-city-fc,3,1,1.802603743970386,1.403013748116792,sofascore_shotmap,13412185.0,29.0,1.0,ucl_recent_sofascore_xg_v1,42458cbd2499272d02d2db97916950646038287b52f25490239639dd83966494
ucl-2024-25-162,2024-25,2025-01-21T00:00:00+00:00,2025-01-21T00:00:00Z,real-madrid-cf,club-atl-tico-de-madrid,2,1,0.6806132532656219,0.203108634799718,sofascore_shotmap,13511923.0,42.0,0.9545454545454546,ucl_recent_sofascore_xg_v1,42458cbd2499272d02d2db97916950646038287b52f25490239639dd83966494
ucl-2024-25-164,2024-25,2025-01-21T00:00:00+00:00,2025-01-21T00:00:00Z,borussia-dortmund,lille-osc,1,1,0.283949431963264,0.878135171718886,sofascore_shotmap,13511921.0,42.0,1.0,ucl_recent_sofascore_xg_v1,42458cbd2499272d02d2db97916950646038287b52f25490239639dd83966494
ucl-2024-25-165,2024-25,2025-01-21T00:00:00+00:00,2025-01-21T00:00:00Z,feyenoord-rotterdam,fc-internazionale-milano,0,2,0.4452711381018173,2.249439178073414,sofascore_shotmap,13511929.0,43.0,1.0,ucl_recent_sofascore_xg_v1,42458cbd2499272d02d2db97916950646038287b52f25490239639dd83966494
ucl-2024-25-166,2024-25,2025-01-21T00:00:00+00:00,2025-01-21T00:00:00Z,paris-saint-germain-fc,liverpool-fc,0,1,1.833199353888636,0.27366827428341,sofascore_shotmap,13511931.0,43.0,1.0,ucl_recent_sofascore_xg_v1,42458cbd2499272d02d2db97916950646038287b52f25490239639dd83966494
ucl-2024-25-167,2024-25,2025-01-21T00:00:00+00:00,2025-01-21T00:00:00Z,fc-bayern-m-nchen,bayer-04-leverkusen,3,0,2.678494112604851,0.354881836101417,sofascore_shotmap,13511925.0,43.0,1.0,ucl_recent_sofascore_xg_v1,42458cbd2499272d02d2db97916950646038287b52f25490239639dd83966494
ucl-2024-25-170,2024-25,2025-01-21T00:00:00+00:00,2025-01-21T00:00:00Z,liverpool-fc,paris-saint-germain-fc,1,4,3.870389238116153,5.782862542352083,sofascore_shotmap,13511932.0,49.0,1.0,ucl_recent_sofascore_xg_v1,42458cbd2499272d02d2db97916950646038287b52f25490239639dd83966494
ucl-2024-25-171,2024-25,2025-01-21T00:00:00+00:00,2025-01-21T00:00:00Z,fc-internazionale-milano,feyenoord-rotterdam,2,1,2.090407341757415,1.495071571359042,sofascore_shotmap,13511930.0,49.0,1.0,ucl_recent_sofascore_xg_v1,42458cbd2499272d02d2db97916950646038287b52f25490239639dd83966494
ucl-2024-25-172,2024-25,2025-01-21T00:00:00+00:00,2025-01-21T00:00:00Z,bayer-04-leverkusen,fc-bayern-m-nchen,0,2,1.446899640373877,2.271860999986523,sofascore_shotmap,13511926.0,49.0,1.0,ucl_recent_sofascore_xg_v1,42458cbd2499272d02d2db97916950646038287b52f25490239639dd83966494
ucl-2024-25-173,2024-25,2025-01-21T00:00:00+00:00,2025-01-21T00:00:00Z,lille-osc,borussia-dortmund,1,2,1.178065389394759,3.061200950333472,sofascore_shotmap,13511922.0,50.0,1.0,ucl_recent_sofascore_xg_v1,42458cbd2499272d02d2db97916950646038287b52f25490239639dd83966494
ucl-2024-25-174,2024-25,2025-01-21T00:00:00+00:00,2025-01-21T00:00:00Z,aston-villa-fc,club-brugge-kv,3,0,2.452699815854425,0.119399284943938,sofascore_shotmap,13511920.0,50.0,1.0,ucl_recent_sofascore_xg_v1,42458cbd2499272d02d2db97916950646038287b52f25490239639dd83966494
ucl-2024-25-175,2024-25,2025-01-21T00:00:00+00:00,2025-01-21T00:00:00Z,club-atl-tico-de-madrid,real-madrid-cf,2,4,4.514373751512166,5.030844392487406,sofascore_shotmap,13511924.0,50.0,0.9545454545454546,ucl_recent_sofascore_xg_v1,42458cbd2499272d02d2db97916950646038287b52f25490239639dd83966494
ucl-2024-25-177,2024-25,2025-01-21T00:00:00+00:00,2025-01-21T00:00:00Z,arsenal-fc,real-madrid-cf,3,0,1.673832301050431,0.5009078113362243,sofascore_shotmap,13513403.0,77.0,1.0,ucl_recent_sofascore_xg_v1,42458cbd2499272d02d2db97916950646038287b52f25490239639dd83966494
ucl-2024-25-178,2024-25,2025-01-21T00:00:00+00:00,2025-01-21T00:00:00Z,fc-bayern-m-nchen,fc-internazionale-milano,1,2,2.305336222052575,0.7777882181107955,sofascore_shotmap,13513402.0,77.0,1.0,ucl_recent_sofascore_xg_v1,42458cbd2499272d02d2db97916950646038287b52f25490239639dd83966494
ucl-2024-25-179,2024-25,2025-01-21T00:00:00+00:00,2025-01-21T00:00:00Z,paris-saint-germain-fc,aston-villa-fc,3,1,1.9537076884880715,0.860864628106363,sofascore_shotmap,13513406.0,78.0,1.0,ucl_recent_sofascore_xg_v1,42458cbd2499272d02d2db97916950646038287b52f25490239639dd83966494
ucl-2024-25-180,2024-25,2025-01-21T00:00:00+00:00,2025-01-21T00:00:00Z,fc-barcelona,borussia-dortmund,4,0,3.666410680860285,1.446560266427692,sofascore_shotmap,13513404.0,78.0,1.0,ucl_recent_sofascore_xg_v1,42458cbd2499272d02d2db97916950646038287b52f25490239639dd83966494
ucl-2024-25-181,2024-25,2025-01-21T00:00:00+00:00,2025-01-21T00:00:00Z,aston-villa-fc,paris-saint-germain-fc,3,2,2.054699292406448,1.5162770543247526,sofascore_shotmap,13513421.0,84.0,1.0,ucl_recent_sofascore_xg_v1,42458cbd2499272d02d2db97916950646038287b52f25490239639dd83966494
ucl-2024-25-183,2024-25,2025-01-21T00:00:00+00:00,2025-01-21T00:00:00Z,real-madrid-cf,arsenal-fc,1,2,1.4123934851959306,2.051790556909151,sofascore_shotmap,13513422.0,85.0,1.0,ucl_recent_sofascore_xg_v1,42458cbd2499272d02d2db97916950646038287b52f25490239639dd83966494
ucl-2024-25-184,2024-25,2025-01-21T00:00:00+00:00,2025-01-21T00:00:00Z,fc-internazionale-milano,fc-bayern-m-nchen,2,2,1.48830861132591,1.503152738325307,sofascore_shotmap,13513420.0,85.0,1.0,ucl_recent_sofascore_xg_v1,42458cbd2499272d02d2db97916950646038287b52f25490239639dd83966494
ucl-2024-25-186,2024-25,2025-01-21T00:00:00+00:00,2025-01-21T00:00:00Z,fc-barcelona,fc-internazionale-milano,3,3,1.356211788021024,0.843231594190002,sofascore_shotmap,13513414.0,99.0,1.0,ucl_recent_sofascore_xg_v1,42458cbd2499272d02d2db97916950646038287b52f25490239639dd83966494
ucl-2024-25-187,2024-25,2025-01-21T00:00:00+00:00,2025-01-21T00:00:00Z,fc-internazionale-milano,fc-barcelona,4,3,2.2430982739120755,2.826747407205409,sofascore_shotmap,13513416.0,105.0,1.0,ucl_recent_sofascore_xg_v1,42458cbd2499272d02d2db97916950646038287b52f25490239639dd83966494
ucl-2024-25-188,2024-25,2025-01-21T00:00:00+00:00,2025-01-21T00:00:00Z,paris-saint-germain-fc,arsenal-fc,2,1,1.698714873792236,2.910296306014071,sofascore_shotmap,13513417.0,106.0,1.0,ucl_recent_sofascore_xg_v1,42458cbd2499272d02d2db97916950646038287b52f25490239639dd83966494
ucl-2024-25-189,2024-25,2025-01-21T00:00:00+00:00,2025-01-21T00:00:00Z,paris-saint-germain-fc,fc-internazionale-milano,5,0,3.121457907371217,0.493137309327728,sofascore_shotmap,13516694.0,130.0,1.0,ucl_recent_sofascore_xg_v1,42458cbd2499272d02d2db97916950646038287b52f25490239639dd83966494
ucl-2025-26-001,2025-26,2025-09-16T18:45:00Z,2025-09-16T18:45:00Z,athletic-club,arsenal-fc,0,2,0.3468005741015076,1.282872620969999,sofascore_shotmap,14566909.0,0.0,1.0,ucl_recent_sofascore_xg_v1,42458cbd2499272d02d2db97916950646038287b52f25490239639dd83966494
ucl-2025-26-002,2025-26,2025-09-16T18:45:00Z,2025-09-16T18:45:00Z,psv,royale-union-saint-gilloise,1,3,2.160878323018551,3.343834613488624,sofascore_shotmap,14566894.0,0.0,0.6875,ucl_recent_sofascore_xg_v1,42458cbd2499272d02d2db97916950646038287b52f25490239639dd83966494
ucl-2025-26-003,2025-26,2025-09-16T21:00:00Z,2025-09-16T21:00:00Z,juventus-fc,borussia-dortmund,4,4,1.9233345070388144,1.706439571493862,sofascore_shotmap,14566764.0,0.0,1.0,ucl_recent_sofascore_xg_v1,42458cbd2499272d02d2db97916950646038287b52f25490239639dd83966494
ucl-2025-26-005,2025-26,2025-09-16T21:00:00Z,2025-09-16T21:00:00Z,tottenham-hotspur-fc,villarreal-cf,1,0,0.537447337992493,0.4828696255572077,sofascore_shotmap,14566827.0,0.0,1.0,ucl_recent_sofascore_xg_v1,42458cbd2499272d02d2db97916950646038287b52f25490239639dd83966494
ucl-2025-26-006,2025-26,2025-09-16T21:00:00Z,2025-09-16T21:00:00Z,real-madrid-cf,olympique-de-marseille,2,1,3.753923959176242,0.750535441562536,sofascore_shotmap,14566597.0,0.0,1.0,ucl_recent_sofascore_xg_v1,42458cbd2499272d02d2db97916950646038287b52f25490239639dd83966494
ucl-2025-26-007,2025-26,2025-09-17T18:45:00Z,2025-09-17T18:45:00Z,sk-slavia-praha,fk-bod-glimt,2,2,3.987098574638368,3.458515806162358,sofascore_shotmap,14566884.0,0.0,0.9736842105263156,ucl_recent_sofascore_xg_v1,42458cbd2499272d02d2db97916950646038287b52f25490239639dd83966494
ucl-2025-26-008,2025-26,2025-09-17T18:45:00Z,2025-09-17T18:45:00Z,pae-olympiakos-sfp,paphos-fc,0,0,1.5188794741406937,0.272198724560442,sofascore_shotmap,14566868.0,0.0,0.6850649350649352,ucl_recent_sofascore_xg_v1,42458cbd2499272d02d2db97916950646038287b52f25490239639dd83966494
ucl-2025-26-009,2025-26,2025-09-17T21:00:00Z,2025-09-17T21:00:00Z,afc-ajax,fc-internazionale-milano,0,2,1.255331936292347,1.235569619573644,sofascore_shotmap,14566873.0,0.0,1.0,ucl_recent_sofascore_xg_v1,42458cbd2499272d02d2db97916950646038287b52f25490239639dd83966494
ucl-2025-26-010,2025-26,2025-09-17T21:00:00Z,2025-09-17T21:00:00Z,liverpool-fc,club-atl-tico-de-madrid,3,2,2.7175921918824395,0.5564465336501611,sofascore_shotmap,14566637.0,0.0,0.9545454545454546,ucl_recent_sofascore_xg_v1,42458cbd2499272d02d2db97916950646038287b52f25490239639dd83966494
ucl-2025-26-011,2025-26,2025-09-17T21:00:00Z,2025-09-17T21:00:00Z,paris-saint-germain-fc,atalanta-bc,4,0,3.47747698523253,0.5577477402985109,sofascore_shotmap,14566657.0,0.0,1.0,ucl_recent_sofascore_xg_v1,42458cbd2499272d02d2db97916950646038287b52f25490239639dd83966494
ucl-2025-26-012,2025-26,2025-09-17T21:00:00Z,2025-09-17T21:00:00Z,fc-bayern-m-nchen,chelsea-fc,3,1,2.180860499890141,0.7316614557057647,sofascore_shotmap,14566570.0,0.0,1.0,ucl_recent_sofascore_xg_v1,42458cbd2499272d02d2db97916950646038287b52f25490239639dd83966494
ucl-2025-26-013,2025-26,2025-09-18T18:45:00Z,2025-09-18T18:45:00Z,fc-k-benhavn,bayer-04-leverkusen,2,2,1.893682098016139,1.207909341901539,sofascore_shotmap,14566972.0,0.0,0.9705882352941176,ucl_recent_sofascore_xg_v1,42458cbd2499272d02d2db97916950646038287b52f25490239639dd83966494
ucl-2025-26-014,2025-26,2025-09-18T18:45:00Z,2025-09-18T18:45:00Z,club-brugge-kv,as-monaco-fc,4,1,3.147557279095046,1.533493193836517,sofascore_shotmap,14566748.0,0.0,1.0,ucl_recent_sofascore_xg_v1,42458cbd2499272d02d2db97916950646038287b52f25490239639dd83966494
ucl-2025-26-015,2025-26,2025-09-18T21:00:00Z,2025-09-18T21:00:00Z,newcastle-united-fc,fc-barcelona,1,2,1.21741271018982,1.134423948824398,sofascore_shotmap,14566955.0,0.0,1.0,ucl_recent_sofascore_xg_v1,42458cbd2499272d02d2db97916950646038287b52f25490239639dd83966494
ucl-2025-26-016,2025-26,2025-09-18T21:00:00Z,2025-09-18T21:00:00Z,manchester-city-fc,ssc-napoli,2,0,2.117432984523474,0.16678512096405,sofascore_shotmap,14566664.0,0.0,1.0,ucl_recent_sofascore_xg_v1,42458cbd2499272d02d2db97916950646038287b52f25490239639dd83966494
ucl-2025-26-017,2025-26,2025-09-18T21:00:00Z,2025-09-18T21:00:00Z,eintracht-frankfurt,galatasaray-sk,5,1,1.205874467268587,1.0924662882462242,sofascore_shotmap,14566757.0,0.0,0.94,ucl_recent_sofascore_xg_v1,42458cbd2499272d02d2db97916950646038287b52f25490239639dd83966494
ucl-2025-26-018,2025-26,2025-09-18T21:00:00Z,2025-09-18T21:00:00Z,sporting-clube-de-portugal,fk-kairat,4,1,3.808672009074691,0.655097464099524,sofascore_shotmap,14566857.0,0.0,0.7352941176470589,ucl_recent_sofascore_xg_v1,42458cbd2499272d02d2db97916950646038287b52f25490239639dd83966494
ucl-2025-26-019,2025-26,2025-09-30T18:45:00Z,2025-09-30T18:45:00Z,atalanta-bc,club-brugge-kv,2,1,2.9595479499936,0.8842408391647018,sofascore_shotmap,14566727.0,0.0,1.0,ucl_recent_sofascore_xg_v1,42458cbd2499272d02d2db97916950646038287b52f25490239639dd83966494
ucl-2025-26-020,2025-26,2025-09-30T18:45:00Z,2025-09-30T18:45:00Z,fk-kairat,real-madrid-cf,0,5,0.4340817416086834,3.54220326155573,sofascore_shotmap,14566983.0,0.0,1.0,ucl_recent_sofascore_xg_v1,42458cbd2499272d02d2db97916950646038287b52f25490239639dd83966494
ucl-2025-26-021,2025-26,2025-09-30T21:00:00Z,2025-09-30T21:00:00Z,galatasaray-sk,liverpool-fc,1,0,1.668224195057155,1.809328056871891,sofascore_shotmap,14566934.0,0.0,0.94,ucl_recent_sofascore_xg_v1,42458cbd2499272d02d2db97916950646038287b52f25490239639dd83966494
ucl-2025-26-022,2025-26,2025-09-30T21:00:00Z,2025-09-30T21:00:00Z,club-atl-tico-de-madrid,eintracht-frankfurt,5,1,4.654754535333824,0.510526269674298,sofascore_shotmap,14566775.0,0.0,0.9545454545454546,ucl_recent_sofascore_xg_v1,42458cbd2499272d02d2db97916950646038287b52f25490239639dd83966494
ucl-2025-26-023,2025-26,2025-09-30T21:00:00Z,2025-09-30T21:00:00Z,olympique-de-marseille,afc-ajax,4,0,1.130991864949462,0.802511219866579,sofascore_shotmap,14566823.0,0.0,1.0,ucl_recent_sofascore_xg_v1,42458cbd2499272d02d2db97916950646038287b52f25490239639dd83966494
ucl-2025-26-024,2025-26,2025-09-30T21:00:00Z,2025-09-30T21:00:00Z,fk-bod-glimt,tottenham-hotspur-fc,2,2,2.522104173937448,1.415936201810836,sofascore_shotmap,14566843.0,0.0,0.9736842105263156,ucl_recent_sofascore_xg_v1,42458cbd2499272d02d2db97916950646038287b52f25490239639dd83966494
ucl-2025-26-025,2025-26,2025-09-30T21:00:00Z,2025-09-30T21:00:00Z,paphos-fc,fc-bayern-m-nchen,1,5,0.392697846516961,4.672419026494014,sofascore_shotmap,14566965.0,0.0,0.8636363636363636,ucl_recent_sofascore_xg_v1,42458cbd2499272d02d2db97916950646038287b52f25490239639dd83966494
ucl-2025-26-026,2025-26,2025-09-30T21:00:00Z,2025-09-30T21:00:00Z,chelsea-fc,sport-lisboa-e-benfica,1,0,0.6896403264254309,0.854939131066195,sofascore_shotmap,14566581.0,0.0,0.7413793103448276,ucl_recent_sofascore_xg_v1,42458cbd2499272d02d2db97916950646038287b52f25490239639dd83966494
ucl-2025-26-027,2025-26,2025-09-30T21:00:00Z,2025-09-30T21:00:00Z,fc-internazionale-milano,sk-slavia-praha,3,0,3.98537313658745,0.11155829206109,sofascore_shotmap,14566613.0,0.0,1.0,ucl_recent_sofascore_xg_v1,42458cbd2499272d02d2db97916950646038287b52f25490239639dd83966494
ucl-2025-26-028,2025-26,2025-10-01T18:45:00Z,2025-10-01T18:45:00Z,qaraba-a-dam-fk,fc-k-benhavn,2,0,1.921481711789974,0.980441012419765,sofascore_shotmap,14566922.0,0.0,0.8305882352941176,ucl_recent_sofascore_xg_v1,42458cbd2499272d02d2db97916950646038287b52f25490239639dd83966494
ucl-2025-26-029,2025-26,2025-10-01T18:45:00Z,2025-10-01T18:45:00Z,royale-union-saint-gilloise,newcastle-united-fc,0,4,0.8767300923354896,2.754045769649738,sofascore_shotmap,14566952.0,0.0,1.0,ucl_recent_sofascore_xg_v1,42458cbd2499272d02d2db97916950646038287b52f25490239639dd83966494
ucl-2025-26-030,2025-26,2025-10-01T21:00:00Z,2025-10-01T21:00:00Z,borussia-dortmund,athletic-club,4,1,1.179690623655913,0.960169441998007,sofascore_shotmap,14566622.0,0.0,1.0,ucl_recent_sofascore_xg_v1,42458cbd2499272d02d2db97916950646038287b52f25490239639dd83966494
ucl-2025-26-031,2025-26,2025-10-01T21:00:00Z,2025-10-01T21:00:00Z,fc-barcelona,paris-saint-germain-fc,1,2,1.26691368874163,1.6686141118407207,sofascore_shotmap,14566650.0,0.0,1.0,ucl_recent_sofascore_xg_v1,42458cbd2499272d02d2db97916950646038287b52f25490239639dd83966494
ucl-2025-26-032,2025-26,2025-10-01T21:00:00Z,2025-10-01T21:00:00Z,as-monaco-fc,manchester-city-fc,2,2,1.449345743322379,1.568960137665267,sofascore_shotmap,14566925.0,0.0,1.0,ucl_recent_sofascore_xg_v1,42458cbd2499272d02d2db97916950646038287b52f25490239639dd83966494
ucl-2025-26-033,2025-26,2025-10-01T21:00:00Z,2025-10-01T21:00:00Z,bayer-04-leverkusen,psv,1,1,1.741748273372647,0.4892916837707189,sofascore_shotmap,14566706.0,0.0,0.6875,ucl_recent_sofascore_xg_v1,42458cbd2499272d02d2db97916950646038287b52f25490239639dd83966494
ucl-2025-26-034,2025-26,2025-10-01T21:00:00Z,2025-10-01T21:00:00Z,arsenal-fc,pae-olympiakos-sfp,2,0,3.310041820630417,0.498440258204933,sofascore_shotmap,14566719.0,0.0,0.8214285714285714,ucl_recent_sofascore_xg_v1,42458cbd2499272d02d2db97916950646038287b52f25490239639dd83966494
ucl-2025-26-035,2025-26,2025-10-01T21:00:00Z,2025-10-01T21:00:00Z,villarreal-cf,juventus-fc,2,2,1.71945223771035,1.420972415246078,sofascore_shotmap,14566782.0,0.0,1.0,ucl_recent_sofascore_xg_v1,42458cbd2499272d02d2db97916950646038287b52f25490239639dd83966494
ucl-2025-26-036,2025-26,2025-10-01T21:00:00Z,2025-10-01T21:00:00Z,ssc-napoli,sporting-clube-de-portugal,2,1,0.8768720468506245,1.312043806576732,sofascore_shotmap,14566901.0,0.0,0.7352941176470589,ucl_recent_sofascore_xg_v1,42458cbd2499272d02d2db97916950646038287b52f25490239639dd83966494
ucl-2025-26-037,2025-26,2025-10-21T18:45:00Z,2025-10-21T18:45:00Z,fc-barcelona,pae-olympiakos-sfp,6,1,2.576379004904618,0.999267516696453,sofascore_shotmap,14566652.0,0.0,0.8214285714285714,ucl_recent_sofascore_xg_v1,42458cbd2499272d02d2db97916950646038287b52f25490239639dd83966494
ucl-2025-26-038,2025-26,2025-10-21T18:45:00Z,2025-10-21T18:45:00Z,fk-kairat,paphos-fc,0,0,1.256646323949097,1.904781514778727,sofascore_shotmap,14566986.0,0.0,0.8636363636363636,ucl_recent_sofascore_xg_v1,42458cbd2499272d02d2db97916950646038287b52f25490239639dd83966494
ucl-2025-26-039,2025-26,2025-10-21T21:00:00Z,2025-10-21T21:00:00Z,royale-union-saint-gilloise,fc-internazionale-milano,0,4,0.986428895965216,4.884506308512388,sofascore_shotmap,14566949.0,0.0,1.0,ucl_recent_sofascore_xg_v1,42458cbd2499272d02d2db97916950646038287b52f25490239639dd83966494
ucl-2025-26-040,2025-26,2025-10-21T21:00:00Z,2025-10-21T21:00:00Z,fc-k-benhavn,borussia-dortmund,2,4,0.817465022206304,1.644890328907956,sofascore_shotmap,14566971.0,0.0,0.9705882352941176,ucl_recent_sofascore_xg_v1,42458cbd2499272d02d2db97916950646038287b52f25490239639dd83966494
ucl-2025-26-041,2025-26,2025-10-21T21:00:00Z,2025-10-21T21:00:00Z,bayer-04-leverkusen,paris-saint-germain-fc,2,7,2.282151084470751,2.859394824132326,sofascore_shotmap,14566704.0,0.0,1.0,ucl_recent_sofascore_xg_v1,42458cbd2499272d02d2db97916950646038287b52f25490239639dd83966494
ucl-2025-26-042,2025-26,2025-10-21T21:00:00Z,2025-10-21T21:00:00Z,villarreal-cf,manchester-city-fc,0,2,1.281966200098387,1.344317503273491,sofascore_shotmap,14566781.0,0.0,1.0,ucl_recent_sofascore_xg_v1,42458cbd2499272d02d2db97916950646038287b52f25490239639dd83966494
ucl-2025-26-043,2025-26,2025-10-21T21:00:00Z,2025-10-21T21:00:00Z,arsenal-fc,club-atl-tico-de-madrid,4,0,2.19477005861699,0.6187049583531864,sofascore_shotmap,14566718.0,0.0,0.9545454545454546,ucl_recent_sofascore_xg_v1,42458cbd2499272d02d2db97916950646038287b52f25490239639dd83966494
ucl-2025-26-044,2025-26,2025-10-21T21:00:00Z,2025-10-21T21:00:00Z,newcastle-united-fc,sport-lisboa-e-benfica,3,0,2.635034596547489,0.3381728120148199,sofascore_shotmap,14566956.0,0.0,0.7413793103448276,ucl_recent_sofascore_xg_v1,42458cbd2499272d02d2db97916950646038287b52f25490239639dd83966494
ucl-2025-26-045,2025-26,2025-10-21T21:00:00Z,2025-10-21T21:00:00Z,psv,ssc-napoli,6,2,2.8948499001562515,1.1582480510696729,sofascore_shotmap,14566893.0,0.0,0.6875,ucl_recent_sofascore_xg_v1,42458cbd2499272d02d2db97916950646038287b52f25490239639dd83966494
ucl-2025-26-046,2025-26,2025-10-22T18:45:00Z,2025-10-22T18:45:00Z,galatasaray-sk,fk-bod-glimt,3,1,3.950240882113564,1.249350717291227,sofascore_shotmap,14566936.0,0.0,0.9136842105263158,ucl_recent_sofascore_xg_v1,42458cbd2499272d02d2db97916950646038287b52f25490239639dd83966494
ucl-2025-26-047,2025-26,2025-10-22T18:45:00Z,2025-10-22T18:45:00Z,athletic-club,qaraba-a-dam-fk,3,1,3.540499340742824,0.6346468320116452,sofascore_shotmap,14566911.0,0.0,0.86,ucl_recent_sofascore_xg_v1,42458cbd2499272d02d2db97916950646038287b52f25490239639dd83966494
ucl-2025-26-048,2025-26,2025-10-22T21:00:00Z,2025-10-22T21:00:00Z,eintracht-frankfurt,liverpool-fc,1,5,0.325787051580847,3.206194411963225,sofascore_shotmap,14566754.0,0.0,1.0,ucl_recent_sofascore_xg_v1,42458cbd2499272d02d2db97916950646038287b52f25490239639dd83966494
ucl-2025-26-049,2025-26,2025-10-22T21:00:00Z,2025-10-22T21:00:00Z,atalanta-bc,sk-slavia-praha,0,0,2.590645119547832,0.8349449047818757,sofascore_shotmap,14566728.0,0.0,1.0,ucl_recent_sofascore_xg_v1,42458cbd2499272d02d2db97916950646038287b52f25490239639dd83966494
ucl-2025-26-050,2025-26,2025-10-22T21:00:00Z,2025-10-22T21:00:00Z,sporting-clube-de-portugal,olympique-de-marseille,2,1,1.105442225933086,0.5421342966146732,sofascore_shotmap,14566856.0,0.0,0.7352941176470589,ucl_recent_sofascore_xg_v1,42458cbd2499272d02d2db97916950646038287b52f25490239639dd83966494
ucl-2025-26-051,2025-26,2025-10-22T21:00:00Z,2025-10-22T21:00:00Z,as-monaco-fc,tottenham-hotspur-fc,0,0,2.4532519839704108,0.876091368496424,sofascore_shotmap,14566927.0,0.0,1.0,ucl_recent_sofascore_xg_v1,42458cbd2499272d02d2db97916950646038287b52f25490239639dd83966494
ucl-2025-26-052,2025-26,2025-10-22T21:00:00Z,2025-10-22T21:00:00Z,fc-bayern-m-nchen,club-brugge-kv,4,0,4.2407067641615885,0.27170761115849,sofascore_shotmap,14566571.0,0.0,1.0,ucl_recent_sofascore_xg_v1,42458cbd2499272d02d2db97916950646038287b52f25490239639dd83966494
ucl-2025-26-053,2025-26,2025-10-22T21:00:00Z,2025-10-22T21:00:00Z,chelsea-fc,afc-ajax,5,1,3.648358220312007,1.10799593296051,sofascore_shotmap,14566582.0,0.0,1.0,ucl_recent_sofascore_xg_v1,42458cbd2499272d02d2db97916950646038287b52f25490239639dd83966494
ucl-2025-26-054,2025-26,2025-10-22T21:00:00Z,2025-10-22T21:00:00Z,real-madrid-cf,juventus-fc,1,0,2.750839073210945,0.866871882230045,sofascore_shotmap,14566596.0,0.0,1.0,ucl_recent_sofascore_xg_v1,42458cbd2499272d02d2db97916950646038287b52f25490239639dd83966494
ucl-2025-26-055,2025-26,2025-11-04T18:45:00Z,2025-11-04T18:45:00Z,sk-slavia-praha,arsenal-fc,0,3,0.473884292878207,1.8036810905128668,sofascore_shotmap,14566883.0,0.0,1.0,ucl_recent_sofascore_xg_v1,42458cbd2499272d02d2db97916950646038287b52f25490239639dd83966494
ucl-2025-26-056,2025-26,2025-11-04T18:45:00Z,2025-11-04T18:45:00Z,ssc-napoli,eintracht-frankfurt,0,0,1.845271329395459,0.362973504699763,sofascore_shotmap,14566900.0,0.0,1.0,ucl_recent_sofascore_xg_v1,42458cbd2499272d02d2db97916950646038287b52f25490239639dd83966494
ucl-2025-26-057,2025-26,2025-11-04T21:00:00Z,2025-11-04T21:00:00Z,juventus-fc,sporting-clube-de-portugal,1,1,1.528287069872027,0.132346250116825,sofascore_shotmap,14566766.0,0.0,0.7352941176470589,ucl_recent_sofascore_xg_v1,42458cbd2499272d02d2db97916950646038287b52f25490239639dd83966494
ucl-2025-26-058,2025-26,2025-11-04T21:00:00Z,2025-11-04T21:00:00Z,club-atl-tico-de-madrid,royale-union-saint-gilloise,3,1,2.433118920773256,1.111098645254969,sofascore_shotmap,14566777.0,0.0,0.9545454545454546,ucl_recent_sofascore_xg_v1,42458cbd2499272d02d2db97916950646038287b52f25490239639dd83966494
ucl-2025-26-059,2025-26,2025-11-04T21:00:00Z,2025-11-04T21:00:00Z,tottenham-hotspur-fc,fc-k-benhavn,4,0,3.321599697732924,0.351707352325319,sofascore_shotmap,14566829.0,0.0,0.9705882352941176,ucl_recent_sofascore_xg_v1,42458cbd2499272d02d2db97916950646038287b52f25490239639dd83966494
ucl-2025-26-060,2025-26,2025-11-04T21:00:00Z,2025-11-04T21:00:00Z,fk-bod-glimt,as-monaco-fc,0,1,1.6956578511744649,1.289028868079181,sofascore_shotmap,14566844.0,0.0,0.9736842105263156,ucl_recent_sofascore_xg_v1,42458cbd2499272d02d2db97916950646038287b52f25490239639dd83966494
ucl-2025-26-062,2025-26,2025-11-04T21:00:00Z,2025-11-04T21:00:00Z,paris-saint-germain-fc,fc-bayern-m-nchen,1,2,1.946624937467271,1.600281480699782,sofascore_shotmap,14566656.0,0.0,1.0,ucl_recent_sofascore_xg_v1,42458cbd2499272d02d2db97916950646038287b52f25490239639dd83966494
ucl-2025-26-063,2025-26,2025-11-04T21:00:00Z,2025-11-04T21:00:00Z,liverpool-fc,real-madrid-cf,1,0,2.510431442409747,0.462964359670877,sofascore_shotmap,14566636.0,0.0,1.0,ucl_recent_sofascore_xg_v1,42458cbd2499272d02d2db97916950646038287b52f25490239639dd83966494
ucl-2025-26-064,2025-26,2025-11-05T18:45:00Z,2025-11-05T18:45:00Z,paphos-fc,villarreal-cf,1,0,0.747111555188897,1.7711118571460256,sofascore_shotmap,14566966.0,0.0,0.8636363636363636,ucl_recent_sofascore_xg_v1,42458cbd2499272d02d2db97916950646038287b52f25490239639dd83966494
ucl-2025-26-065,2025-26,2025-11-05T18:45:00Z,2025-11-05T18:45:00Z,qaraba-a-dam-fk,chelsea-fc,2,2,1.840987735466658,1.264341307803995,sofascore_shotmap,14566919.0,0.0,0.86,ucl_recent_sofascore_xg_v1,42458cbd2499272d02d2db97916950646038287b52f25490239639dd83966494
ucl-2025-26-066,2025-26,2025-11-05T21:00:00Z,2025-11-05T21:00:00Z,fc-internazionale-milano,fk-kairat,2,1,2.464395491406312,0.1518148900941017,sofascore_shotmap,14566614.0,0.0,1.0,ucl_recent_sofascore_xg_v1,42458cbd2499272d02d2db97916950646038287b52f25490239639dd83966494
ucl-2025-26-067,2025-26,2025-11-05T21:00:00Z,2025-11-05T21:00:00Z,manchester-city-fc,borussia-dortmund,4,1,1.985776884481314,1.02478160988539,sofascore_shotmap,14566662.0,0.0,1.0,ucl_recent_sofascore_xg_v1,42458cbd2499272d02d2db97916950646038287b52f25490239639dd83966494
ucl-2025-26-068,2025-26,2025-11-05T21:00:00Z,2025-11-05T21:00:00Z,club-brugge-kv,fc-barcelona,3,3,2.23830580711365,2.403843337669969,sofascore_shotmap,14566745.0,0.0,1.0,ucl_recent_sofascore_xg_v1,42458cbd2499272d02d2db97916950646038287b52f25490239639dd83966494
ucl-2025-26-069,2025-26,2025-11-05T21:00:00Z,2025-11-05T21:00:00Z,sport-lisboa-e-benfica,bayer-04-leverkusen,0,1,1.616579242981963,0.698541726917029,sofascore_shotmap,14566736.0,0.0,0.7413793103448276,ucl_recent_sofascore_xg_v1,42458cbd2499272d02d2db97916950646038287b52f25490239639dd83966494
ucl-2025-26-070,2025-26,2025-11-05T21:00:00Z,2025-11-05T21:00:00Z,olympique-de-marseille,atalanta-bc,0,1,0.897831991314897,1.2574870344638829,sofascore_shotmap,14566822.0,0.0,1.0,ucl_recent_sofascore_xg_v1,42458cbd2499272d02d2db97916950646038287b52f25490239639dd83966494
ucl-2025-26-071,2025-26,2025-11-05T21:00:00Z,2025-11-05T21:00:00Z,afc-ajax,galatasaray-sk,0,3,0.879422208294275,2.611896256993708,sofascore_shotmap,14566876.0,0.0,0.94,ucl_recent_sofascore_xg_v1,42458cbd2499272d02d2db97916950646038287b52f25490239639dd83966494
ucl-2025-26-072,2025-26,2025-11-05T21:00:00Z,2025-11-05T21:00:00Z,newcastle-united-fc,athletic-club,2,0,1.197921968996522,0.5760891260579201,sofascore_shotmap,14566958.0,0.0,1.0,ucl_recent_sofascore_xg_v1,42458cbd2499272d02d2db97916950646038287b52f25490239639dd83966494
ucl-2025-26-073,2025-26,2025-11-25T18:45:00Z,2025-11-25T18:45:00Z,afc-ajax,sport-lisboa-e-benfica,0,2,1.009997348301108,1.170724153518682,sofascore_shotmap,14566874.0,0.0,0.7413793103448276,ucl_recent_sofascore_xg_v1,42458cbd2499272d02d2db97916950646038287b52f25490239639dd83966494
ucl-2025-26-074,2025-26,2025-11-25T18:45:00Z,2025-11-25T18:45:00Z,galatasaray-sk,royale-union-saint-gilloise,0,1,1.26511176489294,1.639067412354056,sofascore_shotmap,14566937.0,0.0,0.94,ucl_recent_sofascore_xg_v1,42458cbd2499272d02d2db97916950646038287b52f25490239639dd83966494
ucl-2025-26-075,2025-26,2025-11-25T21:00:00Z,2025-11-25T21:00:00Z,borussia-dortmund,villarreal-cf,4,0,4.641682729202515,0.826288759708405,sofascore_shotmap,14566620.0,0.0,1.0,ucl_recent_sofascore_xg_v1,42458cbd2499272d02d2db97916950646038287b52f25490239639dd83966494
ucl-2025-26-076,2025-26,2025-11-25T21:00:00Z,2025-11-25T21:00:00Z,manchester-city-fc,bayer-04-leverkusen,0,2,1.776699056848877,0.51399391889572,sofascore_shotmap,14566663.0,0.0,1.0,ucl_recent_sofascore_xg_v1,42458cbd2499272d02d2db97916950646038287b52f25490239639dd83966494
ucl-2025-26-077,2025-26,2025-11-25T21:00:00Z,2025-11-25T21:00:00Z,fk-bod-glimt,juventus-fc,2,3,1.789423092307151,3.502814188599588,sofascore_shotmap,14566842.0,0.0,0.9736842105263156,ucl_recent_sofascore_xg_v1,42458cbd2499272d02d2db97916950646038287b52f25490239639dd83966494
ucl-2025-26-078,2025-26,2025-11-25T21:00:00Z,2025-11-25T21:00:00Z,olympique-de-marseille,newcastle-united-fc,2,1,2.094819746911526,1.471534952521318,sofascore_shotmap,14566835.0,0.0,1.0,ucl_recent_sofascore_xg_v1,42458cbd2499272d02d2db97916950646038287b52f25490239639dd83966494
ucl-2025-26-079,2025-26,2025-11-25T21:00:00Z,2025-11-25T21:00:00Z,sk-slavia-praha,athletic-club,0,0,0.5690211262553938,1.365121345967048,sofascore_shotmap,14566885.0,0.0,1.0,ucl_recent_sofascore_xg_v1,42458cbd2499272d02d2db97916950646038287b52f25490239639dd83966494
ucl-2025-26-080,2025-26,2025-11-25T21:00:00Z,2025-11-25T21:00:00Z,ssc-napoli,qaraba-a-dam-fk,2,0,3.451299980321532,0.497152255848051,sofascore_shotmap,14566902.0,0.0,0.86,ucl_recent_sofascore_xg_v1,42458cbd2499272d02d2db97916950646038287b52f25490239639dd83966494
ucl-2025-26-081,2025-26,2025-11-25T21:00:00Z,2025-11-25T21:00:00Z,chelsea-fc,fc-barcelona,3,0,1.8899528831243664,0.66015136428177,sofascore_shotmap,14566580.0,0.0,1.0,ucl_recent_sofascore_xg_v1,42458cbd2499272d02d2db97916950646038287b52f25490239639dd83966494
ucl-2025-26-082,2025-26,2025-11-26T18:45:00Z,2025-11-26T18:45:00Z,paphos-fc,as-monaco-fc,2,2,1.212230341508985,1.5409423634409731,sofascore_shotmap,14566968.0,0.0,0.8636363636363636,ucl_recent_sofascore_xg_v1,42458cbd2499272d02d2db97916950646038287b52f25490239639dd83966494
ucl-2025-26-083,2025-26,2025-11-26T18:45:00Z,2025-11-26T18:45:00Z,fc-k-benhavn,fk-kairat,3,2,3.4122219467923114,1.882267277687782,sofascore_shotmap,14566974.0,0.0,0.9705882352941176,ucl_recent_sofascore_xg_v1,42458cbd2499272d02d2db97916950646038287b52f25490239639dd83966494
ucl-2025-26-084,2025-26,2025-11-26T21:00:00Z,2025-11-26T21:00:00Z,liverpool-fc,psv,1,4,2.436746452935033,2.169689038807163,sofascore_shotmap,14566638.0,0.0,0.6875,ucl_recent_sofascore_xg_v1,42458cbd2499272d02d2db97916950646038287b52f25490239639dd83966494
ucl-2025-26-085,2025-26,2025-11-26T21:00:00Z,2025-11-26T21:00:00Z,paris-saint-germain-fc,tottenham-hotspur-fc,5,3,1.85324509073198,1.810144860297437,sofascore_shotmap,14566658.0,0.0,1.0,ucl_recent_sofascore_xg_v1,42458cbd2499272d02d2db97916950646038287b52f25490239639dd83966494
ucl-2025-26-086,2025-26,2025-11-26T21:00:00Z,2025-11-26T21:00:00Z,eintracht-frankfurt,atalanta-bc,0,3,0.962943304330104,2.923995717428618,sofascore_shotmap,14566755.0,0.0,1.0,ucl_recent_sofascore_xg_v1,42458cbd2499272d02d2db97916950646038287b52f25490239639dd83966494
ucl-2025-26-087,2025-26,2025-11-26T21:00:00Z,2025-11-26T21:00:00Z,sporting-clube-de-portugal,club-brugge-kv,3,0,1.8421002319082609,0.4005117956548914,sofascore_shotmap,14566855.0,0.0,0.7352941176470589,ucl_recent_sofascore_xg_v1,42458cbd2499272d02d2db97916950646038287b52f25490239639dd83966494
ucl-2025-26-088,2025-26,2025-11-26T21:00:00Z,2025-11-26T21:00:00Z,arsenal-fc,fc-bayern-m-nchen,3,1,3.111707370728262,0.692148512229325,sofascore_shotmap,14566717.0,0.0,1.0,ucl_recent_sofascore_xg_v1,42458cbd2499272d02d2db97916950646038287b52f25490239639dd83966494
ucl-2025-26-089,2025-26,2025-11-26T21:00:00Z,2025-11-26T21:00:00Z,pae-olympiakos-sfp,real-madrid-cf,3,4,1.6915127960964975,1.6808860758319448,sofascore_shotmap,14566865.0,0.0,0.8214285714285714,ucl_recent_sofascore_xg_v1,42458cbd2499272d02d2db97916950646038287b52f25490239639dd83966494
ucl-2025-26-090,2025-26,2025-11-26T21:00:00Z,2025-11-26T21:00:00Z,club-atl-tico-de-madrid,fc-internazionale-milano,2,1,1.080688603222365,1.4248464656993798,sofascore_shotmap,14566774.0,0.0,0.9545454545454546,ucl_recent_sofascore_xg_v1,42458cbd2499272d02d2db97916950646038287b52f25490239639dd83966494
ucl-2025-26-091,2025-26,2025-12-09T16:30:00Z,2025-12-09T16:30:00Z,fk-kairat,pae-olympiakos-sfp,0,1,0.215597867965698,2.37680304981768,sofascore_shotmap,14566985.0,0.0,0.8214285714285714,ucl_recent_sofascore_xg_v1,42458cbd2499272d02d2db97916950646038287b52f25490239639dd83966494
ucl-2025-26-092,2025-26,2025-12-09T18:45:00Z,2025-12-09T18:45:00Z,fc-bayern-m-nchen,sporting-clube-de-portugal,3,1,2.101238625124095,0.281488770619037,sofascore_shotmap,14566572.0,0.0,0.7352941176470589,ucl_recent_sofascore_xg_v1,42458cbd2499272d02d2db97916950646038287b52f25490239639dd83966494
ucl-2025-26-093,2025-26,2025-12-09T21:00:00Z,2025-12-09T21:00:00Z,fc-barcelona,eintracht-frankfurt,2,1,1.5177976945415212,0.755569765344259,sofascore_shotmap,14566651.0,0.0,1.0,ucl_recent_sofascore_xg_v1,42458cbd2499272d02d2db97916950646038287b52f25490239639dd83966494
ucl-2025-26-095,2025-26,2025-12-09T21:00:00Z,2025-12-09T21:00:00Z,royale-union-saint-gilloise,olympique-de-marseille,2,3,0.668697206303477,1.5639503914862831,sofascore_shotmap,14566951.0,0.0,1.0,ucl_recent_sofascore_xg_v1,42458cbd2499272d02d2db97916950646038287b52f25490239639dd83966494
ucl-2025-26-096,2025-26,2025-12-09T21:00:00Z,2025-12-09T21:00:00Z,tottenham-hotspur-fc,sk-slavia-praha,3,0,2.76032398835123,0.754885149188347,sofascore_shotmap,14566828.0,0.0,1.0,ucl_recent_sofascore_xg_v1,42458cbd2499272d02d2db97916950646038287b52f25490239639dd83966494
ucl-2025-26-097,2025-26,2025-12-09T21:00:00Z,2025-12-09T21:00:00Z,as-monaco-fc,galatasaray-sk,1,0,3.684838578143723,1.290131859481335,sofascore_shotmap,14566928.0,0.0,0.94,ucl_recent_sofascore_xg_v1,42458cbd2499272d02d2db97916950646038287b52f25490239639dd83966494
ucl-2025-26-098,2025-26,2025-12-09T21:00:00Z,2025-12-09T21:00:00Z,atalanta-bc,chelsea-fc,2,1,1.721705217845726,1.3694547084160114,sofascore_shotmap,14566726.0,0.0,1.0,ucl_recent_sofascore_xg_v1,42458cbd2499272d02d2db97916950646038287b52f25490239639dd83966494
ucl-2025-26-099,2025-26,2025-12-09T21:00:00Z,2025-12-09T21:00:00Z,fc-internazionale-milano,liverpool-fc,0,1,0.426992958411573,1.42045092772841,sofascore_shotmap,14566611.0,0.0,1.0,ucl_recent_sofascore_xg_v1,42458cbd2499272d02d2db97916950646038287b52f25490239639dd83966494
ucl-2025-26-100,2025-26,2025-12-10T18:45:00Z,2025-12-10T18:45:00Z,villarreal-cf,fc-k-benhavn,2,3,2.1121143205091344,1.357751898467536,sofascore_shotmap,14566784.0,0.0,0.9705882352941176,ucl_recent_sofascore_xg_v1,42458cbd2499272d02d2db97916950646038287b52f25490239639dd83966494
ucl-2025-26-101,2025-26,2025-12-10T18:45:00Z,2025-12-10T18:45:00Z,qaraba-a-dam-fk,afc-ajax,2,4,1.102251536212863,1.673984651453801,sofascore_shotmap,14566921.0,0.0,0.86,ucl_recent_sofascore_xg_v1,42458cbd2499272d02d2db97916950646038287b52f25490239639dd83966494
ucl-2025-26-102,2025-26,2025-12-10T21:00:00Z,2025-12-10T21:00:00Z,borussia-dortmund,fk-bod-glimt,2,2,3.373369008302689,1.254066240042454,sofascore_shotmap,14566621.0,0.0,0.9736842105263156,ucl_recent_sofascore_xg_v1,42458cbd2499272d02d2db97916950646038287b52f25490239639dd83966494
ucl-2025-26-103,2025-26,2025-12-10T21:00:00Z,2025-12-10T21:00:00Z,athletic-club,paris-saint-germain-fc,0,0,0.494843597523868,2.278993098065258,sofascore_shotmap,14566908.0,0.0,1.0,ucl_recent_sofascore_xg_v1,42458cbd2499272d02d2db97916950646038287b52f25490239639dd83966494
ucl-2025-26-104,2025-26,2025-12-10T21:00:00Z,2025-12-10T21:00:00Z,bayer-04-leverkusen,newcastle-united-fc,2,2,1.200355455279346,1.831622492560743,sofascore_shotmap,14566707.0,0.0,1.0,ucl_recent_sofascore_xg_v1,42458cbd2499272d02d2db97916950646038287b52f25490239639dd83966494
ucl-2025-26-105,2025-26,2025-12-10T21:00:00Z,2025-12-10T21:00:00Z,club-brugge-kv,arsenal-fc,0,3,1.10558794438839,2.988960199058062,sofascore_shotmap,14566746.0,0.0,1.0,ucl_recent_sofascore_xg_v1,42458cbd2499272d02d2db97916950646038287b52f25490239639dd83966494
ucl-2025-26-106,2025-26,2025-12-10T21:00:00Z,2025-12-10T21:00:00Z,sport-lisboa-e-benfica,ssc-napoli,2,0,2.2216084115207138,0.637470077723266,sofascore_shotmap,14566737.0,0.0,0.7413793103448276,ucl_recent_sofascore_xg_v1,42458cbd2499272d02d2db97916950646038287b52f25490239639dd83966494
ucl-2025-26-107,2025-26,2025-12-10T21:00:00Z,2025-12-10T21:00:00Z,juventus-fc,paphos-fc,2,0,2.647408800199629,1.113781107589602,sofascore_shotmap,14566767.0,0.0,0.8636363636363636,ucl_recent_sofascore_xg_v1,42458cbd2499272d02d2db97916950646038287b52f25490239639dd83966494
ucl-2025-26-108,2025-26,2025-12-10T21:00:00Z,2025-12-10T21:00:00Z,real-madrid-cf,manchester-city-fc,1,2,1.5029863435774982,2.651404317507151,sofascore_shotmap,14566595.0,0.0,1.0,ucl_recent_sofascore_xg_v1,42458cbd2499272d02d2db97916950646038287b52f25490239639dd83966494
ucl-2025-26-109,2025-26,2026-01-20T16:30:00Z,2026-01-20T16:30:00Z,fk-kairat,club-brugge-kv,1,4,0.282905220985414,2.5375221371650736,sofascore_shotmap,14566984.0,0.0,1.0,ucl_recent_sofascore_xg_v1,42458cbd2499272d02d2db97916950646038287b52f25490239639dd83966494
ucl-2025-26-110,2025-26,2026-01-20T18:45:00Z,2026-01-20T18:45:00Z,fk-bod-glimt,manchester-city-fc,3,1,1.59563998132944,1.2285365723073511,sofascore_shotmap,14566841.0,0.0,0.9736842105263156,ucl_recent_sofascore_xg_v1,42458cbd2499272d02d2db97916950646038287b52f25490239639dd83966494
ucl-2025-26-111,2025-26,2026-01-20T21:00:00Z,2026-01-20T21:00:00Z,tottenham-hotspur-fc,borussia-dortmund,2,0,1.967157786712036,0.378358807414774,sofascore_shotmap,14566826.0,0.0,1.0,ucl_recent_sofascore_xg_v1,42458cbd2499272d02d2db97916950646038287b52f25490239639dd83966494
ucl-2025-26-112,2025-26,2026-01-20T21:00:00Z,2026-01-20T21:00:00Z,sporting-clube-de-portugal,paris-saint-germain-fc,2,1,0.8940784186124849,1.419960269704459,sofascore_shotmap,14566854.0,0.0,0.7352941176470589,ucl_recent_sofascore_xg_v1,42458cbd2499272d02d2db97916950646038287b52f25490239639dd83966494
ucl-2025-26-113,2025-26,2026-01-20T21:00:00Z,2026-01-20T21:00:00Z,pae-olympiakos-sfp,bayer-04-leverkusen,2,0,0.994759324938058,2.577296186238528,sofascore_shotmap,14566866.0,0.0,0.8214285714285714,ucl_recent_sofascore_xg_v1,42458cbd2499272d02d2db97916950646038287b52f25490239639dd83966494
ucl-2025-26-114,2025-26,2026-01-20T21:00:00Z,2026-01-20T21:00:00Z,villarreal-cf,afc-ajax,1,2,1.359057515859603,0.912365579977636,sofascore_shotmap,14566783.0,0.0,1.0,ucl_recent_sofascore_xg_v1,42458cbd2499272d02d2db97916950646038287b52f25490239639dd83966494
ucl-2025-26-115,2025-26,2026-01-20T21:00:00Z,2026-01-20T21:00:00Z,fc-k-benhavn,ssc-napoli,1,1,2.290419662410021,1.536711447872225,sofascore_shotmap,14566973.0,0.0,0.9705882352941176,ucl_recent_sofascore_xg_v1,42458cbd2499272d02d2db97916950646038287b52f25490239639dd83966494
ucl-2025-26-116,2025-26,2026-01-20T21:00:00Z,2026-01-20T21:00:00Z,real-madrid-cf,as-monaco-fc,6,1,3.859590717591339,1.404974022880201,sofascore_shotmap,14566598.0,0.0,1.0,ucl_recent_sofascore_xg_v1,42458cbd2499272d02d2db97916950646038287b52f25490239639dd83966494
ucl-2025-26-117,2025-26,2026-01-20T21:00:00Z,2026-01-20T21:00:00Z,fc-internazionale-milano,arsenal-fc,1,3,1.2953724013641514,2.0244174180552363,sofascore_shotmap,14566612.0,0.0,1.0,ucl_recent_sofascore_xg_v1,42458cbd2499272d02d2db97916950646038287b52f25490239639dd83966494
ucl-2025-26-118,2025-26,2026-01-21T18:45:00Z,2026-01-21T18:45:00Z,qaraba-a-dam-fk,eintracht-frankfurt,3,2,1.901023082435121,1.208693107628817,sofascore_shotmap,14566920.0,0.0,0.86,ucl_recent_sofascore_xg_v1,42458cbd2499272d02d2db97916950646038287b52f25490239639dd83966494
ucl-2025-26-119,2025-26,2026-01-21T18:45:00Z,2026-01-21T18:45:00Z,galatasaray-sk,club-atl-tico-de-madrid,1,1,0.4975757249631045,1.429285190999504,sofascore_shotmap,14566935.0,0.0,0.8945454545454545,ucl_recent_sofascore_xg_v1,42458cbd2499272d02d2db97916950646038287b52f25490239639dd83966494
ucl-2025-26-120,2025-26,2026-01-21T21:00:00Z,2026-01-21T21:00:00Z,olympique-de-marseille,liverpool-fc,0,3,0.868994409218429,1.459594491869209,sofascore_shotmap,14566821.0,0.0,1.0,ucl_recent_sofascore_xg_v1,42458cbd2499272d02d2db97916950646038287b52f25490239639dd83966494
ucl-2025-26-121,2025-26,2026-01-21T21:00:00Z,2026-01-21T21:00:00Z,sk-slavia-praha,fc-barcelona,2,4,0.987985184416181,1.471426527947183,sofascore_shotmap,14566882.0,0.0,1.0,ucl_recent_sofascore_xg_v1,42458cbd2499272d02d2db97916950646038287b52f25490239639dd83966494
ucl-2025-26-122,2025-26,2026-01-21T21:00:00Z,2026-01-21T21:00:00Z,atalanta-bc,athletic-club,2,3,2.023600392974914,2.0689943432808,sofascore_shotmap,14566729.0,0.0,1.0,ucl_recent_sofascore_xg_v1,42458cbd2499272d02d2db97916950646038287b52f25490239639dd83966494
ucl-2025-26-123,2025-26,2026-01-21T21:00:00Z,2026-01-21T21:00:00Z,juventus-fc,sport-lisboa-e-benfica,2,0,1.381112821400156,1.443683636413514,sofascore_shotmap,14566765.0,0.0,0.7413793103448276,ucl_recent_sofascore_xg_v1,42458cbd2499272d02d2db97916950646038287b52f25490239639dd83966494
ucl-2025-26-124,2025-26,2026-01-21T21:00:00Z,2026-01-21T21:00:00Z,newcastle-united-fc,psv,3,0,2.399165863171223,0.343297610059379,sofascore_shotmap,14566957.0,0.0,0.6875,ucl_recent_sofascore_xg_v1,42458cbd2499272d02d2db97916950646038287b52f25490239639dd83966494
ucl-2025-26-125,2025-26,2026-01-21T21:00:00Z,2026-01-21T21:00:00Z,fc-bayern-m-nchen,royale-union-saint-gilloise,2,0,3.113882709372045,0.833274111151691,sofascore_shotmap,14566573.0,0.0,1.0,ucl_recent_sofascore_xg_v1,42458cbd2499272d02d2db97916950646038287b52f25490239639dd83966494
ucl-2025-26-126,2025-26,2026-01-21T21:00:00Z,2026-01-21T21:00:00Z,chelsea-fc,paphos-fc,1,0,1.8463578838855,0.1496311770752072,sofascore_shotmap,14566583.0,0.0,0.8636363636363636,ucl_recent_sofascore_xg_v1,42458cbd2499272d02d2db97916950646038287b52f25490239639dd83966494
ucl-2025-26-127,2025-26,2026-01-28T21:00:00Z,2026-01-28T21:00:00Z,liverpool-fc,qaraba-a-dam-fk,6,0,5.88989279605448,0.215926267206669,sofascore_shotmap,14566639.0,0.0,0.86,ucl_recent_sofascore_xg_v1,42458cbd2499272d02d2db97916950646038287b52f25490239639dd83966494
ucl-2025-26-128,2025-26,2026-01-28T21:00:00Z,2026-01-28T21:00:00Z,fc-barcelona,fc-k-benhavn,4,1,3.209608317391578,0.9809018811210992,sofascore_shotmap,14566653.0,0.0,0.9705882352941176,ucl_recent_sofascore_xg_v1,42458cbd2499272d02d2db97916950646038287b52f25490239639dd83966494
ucl-2025-26-129,2025-26,2026-01-28T21:00:00Z,2026-01-28T21:00:00Z,manchester-city-fc,galatasaray-sk,2,0,1.7705957666039491,0.264337575063105,sofascore_shotmap,14566665.0,0.0,0.94,ucl_recent_sofascore_xg_v1,42458cbd2499272d02d2db97916950646038287b52f25490239639dd83966494
ucl-2025-26-130,2025-26,2026-01-28T21:00:00Z,2026-01-28T21:00:00Z,bayer-04-leverkusen,villarreal-cf,3,0,1.928833689540624,0.272385810501877,sofascore_shotmap,14566705.0,0.0,1.0,ucl_recent_sofascore_xg_v1,42458cbd2499272d02d2db97916950646038287b52f25490239639dd83966494
ucl-2025-26-131,2025-26,2026-01-28T21:00:00Z,2026-01-28T21:00:00Z,arsenal-fc,fk-kairat,3,2,3.943221051245933,1.112548042127491,sofascore_shotmap,14566720.0,0.0,1.0,ucl_recent_sofascore_xg_v1,42458cbd2499272d02d2db97916950646038287b52f25490239639dd83966494
ucl-2025-26-132,2025-26,2026-01-28T21:00:00Z,2026-01-28T21:00:00Z,royale-union-saint-gilloise,atalanta-bc,1,0,0.9352181889116812,0.826980838552111,sofascore_shotmap,14566950.0,0.0,1.0,ucl_recent_sofascore_xg_v1,42458cbd2499272d02d2db97916950646038287b52f25490239639dd83966494
ucl-2025-26-133,2025-26,2026-01-28T21:00:00Z,2026-01-28T21:00:00Z,club-brugge-kv,olympique-de-marseille,3,0,1.437061870470641,1.036200983449821,sofascore_shotmap,14566747.0,0.0,1.0,ucl_recent_sofascore_xg_v1,42458cbd2499272d02d2db97916950646038287b52f25490239639dd83966494
ucl-2025-26-134,2025-26,2026-01-28T21:00:00Z,2026-01-28T21:00:00Z,eintracht-frankfurt,tottenham-hotspur-fc,0,2,0.7145038768649079,1.274987763725214,sofascore_shotmap,14566756.0,0.0,1.0,ucl_recent_sofascore_xg_v1,42458cbd2499272d02d2db97916950646038287b52f25490239639dd83966494
ucl-2025-26-135,2025-26,2026-01-28T21:00:00Z,2026-01-28T21:00:00Z,as-monaco-fc,juventus-fc,0,0,1.039104869589208,0.226892903447152,sofascore_shotmap,14566926.0,0.0,1.0,ucl_recent_sofascore_xg_v1,42458cbd2499272d02d2db97916950646038287b52f25490239639dd83966494
ucl-2025-26-136,2025-26,2026-01-28T21:00:00Z,2026-01-28T21:00:00Z,club-atl-tico-de-madrid,fk-bod-glimt,1,2,2.183056319132457,2.374989915639154,sofascore_shotmap,14566776.0,0.0,0.9282296650717704,ucl_recent_sofascore_xg_v1,42458cbd2499272d02d2db97916950646038287b52f25490239639dd83966494
ucl-2025-26-137,2025-26,2026-01-28T21:00:00Z,2026-01-28T21:00:00Z,athletic-club,sporting-clube-de-portugal,2,3,0.6772981868125554,1.759887633845214,sofascore_shotmap,14566910.0,0.0,0.7352941176470589,ucl_recent_sofascore_xg_v1,42458cbd2499272d02d2db97916950646038287b52f25490239639dd83966494
ucl-2025-26-138,2025-26,2026-01-28T21:00:00Z,2026-01-28T21:00:00Z,afc-ajax,pae-olympiakos-sfp,1,2,1.872735474297403,0.6097258757799859,sofascore_shotmap,14566875.0,0.0,0.8214285714285714,ucl_recent_sofascore_xg_v1,42458cbd2499272d02d2db97916950646038287b52f25490239639dd83966494
ucl-2025-26-139,2025-26,2026-01-28T21:00:00Z,2026-01-28T21:00:00Z,paris-saint-germain-fc,newcastle-united-fc,1,1,2.5179000981539352,1.1193915512412809,sofascore_shotmap,14566659.0,0.0,1.0,ucl_recent_sofascore_xg_v1,42458cbd2499272d02d2db97916950646038287b52f25490239639dd83966494
ucl-2025-26-140,2025-26,2026-01-28T21:00:00Z,2026-01-28T21:00:00Z,paphos-fc,sk-slavia-praha,4,1,1.403146133758122,2.02759074885399,sofascore_shotmap,14566967.0,0.0,0.8636363636363636,ucl_recent_sofascore_xg_v1,42458cbd2499272d02d2db97916950646038287b52f25490239639dd83966494
ucl-2025-26-141,2025-26,2026-01-28T21:00:00Z,2026-01-28T21:00:00Z,psv,fc-bayern-m-nchen,1,2,0.6048474526032824,1.997562056407335,sofascore_shotmap,14566891.0,0.0,0.6875,ucl_recent_sofascore_xg_v1,42458cbd2499272d02d2db97916950646038287b52f25490239639dd83966494
ucl-2025-26-142,2025-26,2026-01-28T21:00:00Z,2026-01-28T21:00:00Z,ssc-napoli,chelsea-fc,2,3,1.11273602209986,2.02345320865661,sofascore_shotmap,14566899.0,0.0,1.0,ucl_recent_sofascore_xg_v1,42458cbd2499272d02d2db97916950646038287b52f25490239639dd83966494
ucl-2025-26-143,2025-26,2026-01-28T21:00:00Z,2026-01-28T21:00:00Z,sport-lisboa-e-benfica,real-madrid-cf,4,2,3.011326273941996,1.504606099799268,sofascore_shotmap,14566735.0,0.0,0.7413793103448276,ucl_recent_sofascore_xg_v1,42458cbd2499272d02d2db97916950646038287b52f25490239639dd83966494
ucl-2025-26-144,2025-26,2026-01-28T21:00:00Z,2026-01-28T21:00:00Z,borussia-dortmund,fc-internazionale-milano,0,2,0.912971897050735,0.98370098695159,sofascore_shotmap,14566619.0,0.0,1.0,ucl_recent_sofascore_xg_v1,42458cbd2499272d02d2db97916950646038287b52f25490239639dd83966494
ucl-2025-26-145,2025-26,2026-02-17T18:45:00Z,2026-02-17T18:45:00Z,galatasaray-sk,juventus-fc,5,2,2.943334211595347,1.199891369789842,sofascore_shotmap,15452736.0,0.0,0.94,ucl_recent_sofascore_xg_v1,42458cbd2499272d02d2db97916950646038287b52f25490239639dd83966494
ucl-2025-26-146,2025-26,2026-02-17T21:00:00Z,2026-02-17T21:00:00Z,sport-lisboa-e-benfica,real-madrid-cf,0,1,0.467401143163447,0.890165381133559,sofascore_shotmap,15452742.0,0.0,0.7413793103448276,ucl_recent_sofascore_xg_v1,42458cbd2499272d02d2db97916950646038287b52f25490239639dd83966494
ucl-2025-26-147,2025-26,2026-02-17T21:00:00Z,2026-02-17T21:00:00Z,as-monaco-fc,paris-saint-germain-fc,2,3,1.16037073917687,3.102023093068594,sofascore_shotmap,15452739.0,0.0,1.0,ucl_recent_sofascore_xg_v1,42458cbd2499272d02d2db97916950646038287b52f25490239639dd83966494
ucl-2025-26-148,2025-26,2026-02-17T21:00:00Z,2026-02-17T21:00:00Z,borussia-dortmund,atalanta-bc,2,0,2.102693034801636,0.4702641014009689,sofascore_shotmap,15452731.0,0.0,1.0,ucl_recent_sofascore_xg_v1,42458cbd2499272d02d2db97916950646038287b52f25490239639dd83966494
ucl-2025-26-149,2025-26,2026-02-18T18:45:00Z,2026-02-18T18:45:00Z,qaraba-a-dam-fk,newcastle-united-fc,1,6,0.475103825330734,5.761369790959359,sofascore_shotmap,15452740.0,0.0,0.86,ucl_recent_sofascore_xg_v1,42458cbd2499272d02d2db97916950646038287b52f25490239639dd83966494
ucl-2025-26-150,2025-26,2026-02-18T21:00:00Z,2026-02-18T21:00:00Z,club-brugge-kv,club-atl-tico-de-madrid,3,3,2.487915890291333,2.3213350652173226,sofascore_shotmap,15452738.0,0.0,0.9545454545454546,ucl_recent_sofascore_xg_v1,42458cbd2499272d02d2db97916950646038287b52f25490239639dd83966494
ucl-2025-26-151,2025-26,2026-02-18T21:00:00Z,2026-02-18T21:00:00Z,pae-olympiakos-sfp,bayer-04-leverkusen,0,2,0.748180014081298,1.926466844975942,sofascore_shotmap,15452735.0,0.0,0.8214285714285714,ucl_recent_sofascore_xg_v1,42458cbd2499272d02d2db97916950646038287b52f25490239639dd83966494
ucl-2025-26-152,2025-26,2026-02-18T21:00:00Z,2026-02-18T21:00:00Z,fk-bod-glimt,fc-internazionale-milano,3,1,1.192856140434748,1.562670115381476,sofascore_shotmap,15452744.0,0.0,0.9736842105263156,ucl_recent_sofascore_xg_v1,42458cbd2499272d02d2db97916950646038287b52f25490239639dd83966494
ucl-2025-26-153,2025-26,2026-02-24T18:45:00Z,2026-02-24T18:45:00Z,club-atl-tico-de-madrid,club-brugge-kv,4,1,2.096826788038019,1.745146377012132,sofascore_shotmap,15452779.0,0.0,0.9545454545454546,ucl_recent_sofascore_xg_v1,42458cbd2499272d02d2db97916950646038287b52f25490239639dd83966494
ucl-2025-26-154,2025-26,2026-02-24T21:00:00Z,2026-02-24T21:00:00Z,newcastle-united-fc,qaraba-a-dam-fk,3,2,2.755628533661365,1.310610307419303,sofascore_shotmap,15452758.0,0.0,0.86,ucl_recent_sofascore_xg_v1,42458cbd2499272d02d2db97916950646038287b52f25490239639dd83966494
ucl-2025-26-155,2025-26,2026-02-24T21:00:00Z,2026-02-24T21:00:00Z,bayer-04-leverkusen,pae-olympiakos-sfp,0,0,0.690413224510851,0.212213267572224,sofascore_shotmap,15452786.0,0.0,0.8214285714285714,ucl_recent_sofascore_xg_v1,42458cbd2499272d02d2db97916950646038287b52f25490239639dd83966494
ucl-2025-26-156,2025-26,2026-02-24T21:00:00Z,2026-02-24T21:00:00Z,fc-internazionale-milano,fk-bod-glimt,1,2,2.3840657901018942,2.2252748883329336,sofascore_shotmap,15452764.0,0.0,0.9736842105263156,ucl_recent_sofascore_xg_v1,42458cbd2499272d02d2db97916950646038287b52f25490239639dd83966494
ucl-2025-26-157,2025-26,2026-02-25T18:45:00Z,2026-02-25T18:45:00Z,atalanta-bc,borussia-dortmund,4,1,2.927539948412767,1.023878656327728,sofascore_shotmap,15452774.0,0.0,1.0,ucl_recent_sofascore_xg_v1,42458cbd2499272d02d2db97916950646038287b52f25490239639dd83966494
ucl-2025-26-158,2025-26,2026-02-25T21:00:00Z,2026-02-25T21:00:00Z,real-madrid-cf,sport-lisboa-e-benfica,2,1,0.981233553960921,1.636208442039788,sofascore_shotmap,15452752.0,0.0,0.7413793103448276,ucl_recent_sofascore_xg_v1,42458cbd2499272d02d2db97916950646038287b52f25490239639dd83966494
ucl-2025-26-159,2025-26,2026-02-25T21:00:00Z,2026-02-25T21:00:00Z,paris-saint-germain-fc,as-monaco-fc,2,2,2.214465379714958,1.32458901125937,sofascore_shotmap,15452749.0,0.0,1.0,ucl_recent_sofascore_xg_v1,42458cbd2499272d02d2db97916950646038287b52f25490239639dd83966494
ucl-2025-26-160,2025-26,2026-02-25T21:00:00Z,2026-02-25T21:00:00Z,juventus-fc,galatasaray-sk,3,2,5.199700216801465,1.885063491761684,sofascore_shotmap,15452770.0,0.0,0.94,ucl_recent_sofascore_xg_v1,42458cbd2499272d02d2db97916950646038287b52f25490239639dd83966494
ucl-2025-26-161,2025-26,2026-03-10T18:45:00Z,2026-03-10T18:45:00Z,galatasaray-sk,liverpool-fc,1,0,1.342711472418152,1.31079577840865,sofascore_shotmap,15631351.0,0.0,0.94,ucl_recent_sofascore_xg_v1,42458cbd2499272d02d2db97916950646038287b52f25490239639dd83966494
ucl-2025-26-162,2025-26,2026-03-10T21:00:00Z,2026-03-10T21:00:00Z,atalanta-bc,fc-bayern-m-nchen,1,6,2.120511200278999,4.844261126592725,sofascore_shotmap,15631361.0,0.0,1.0,ucl_recent_sofascore_xg_v1,42458cbd2499272d02d2db97916950646038287b52f25490239639dd83966494
ucl-2025-26-163,2025-26,2026-03-10T21:00:00Z,2026-03-10T21:00:00Z,newcastle-united-fc,fc-barcelona,1,1,1.303307312540709,1.469551024997235,sofascore_shotmap,15631347.0,0.0,1.0,ucl_recent_sofascore_xg_v1,42458cbd2499272d02d2db97916950646038287b52f25490239639dd83966494
ucl-2025-26-164,2025-26,2026-03-10T21:00:00Z,2026-03-10T21:00:00Z,club-atl-tico-de-madrid,tottenham-hotspur-fc,5,2,2.589874785393481,1.98893274739384,sofascore_shotmap,15631356.0,0.0,0.9545454545454546,ucl_recent_sofascore_xg_v1,42458cbd2499272d02d2db97916950646038287b52f25490239639dd83966494
ucl-2025-26-165,2025-26,2026-03-11T18:45:00Z,2026-03-11T18:45:00Z,bayer-04-leverkusen,arsenal-fc,1,1,0.847778022289282,1.649463730902965,sofascore_shotmap,15631363.0,0.0,1.0,ucl_recent_sofascore_xg_v1,42458cbd2499272d02d2db97916950646038287b52f25490239639dd83966494
ucl-2025-26-166,2025-26,2026-03-11T21:00:00Z,2026-03-11T21:00:00Z,paris-saint-germain-fc,chelsea-fc,5,2,0.899498816579581,1.565476723015316,sofascore_shotmap,15631341.0,0.0,1.0,ucl_recent_sofascore_xg_v1,42458cbd2499272d02d2db97916950646038287b52f25490239639dd83966494
ucl-2025-26-167,2025-26,2026-03-11T21:00:00Z,2026-03-11T21:00:00Z,real-madrid-cf,manchester-city-fc,3,0,2.640234692060944,0.587003261782231,sofascore_shotmap,15631329.0,0.0,1.0,ucl_recent_sofascore_xg_v1,42458cbd2499272d02d2db97916950646038287b52f25490239639dd83966494
ucl-2025-26-168,2025-26,2026-03-11T21:00:00Z,2026-03-11T21:00:00Z,fk-bod-glimt,sporting-clube-de-portugal,3,0,2.784762850070003,0.611933151260022,sofascore_shotmap,15631335.0,0.0,0.7089783281733746,ucl_recent_sofascore_xg_v1,42458cbd2499272d02d2db97916950646038287b52f25490239639dd83966494
ucl-2025-26-169,2025-26,2026-03-17T18:45:00Z,2026-03-17T18:45:00Z,sporting-clube-de-portugal,fk-bod-glimt,5,0,3.7759906035304,0.528835661709306,sofascore_shotmap,15631366.0,0.0,0.7089783281733746,ucl_recent_sofascore_xg_v1,42458cbd2499272d02d2db97916950646038287b52f25490239639dd83966494
ucl-2025-26-170,2025-26,2026-03-17T21:00:00Z,2026-03-17T21:00:00Z,chelsea-fc,paris-saint-germain-fc,0,3,1.263502808287735,1.148083893582225,sofascore_shotmap,15631367.0,0.0,1.0,ucl_recent_sofascore_xg_v1,42458cbd2499272d02d2db97916950646038287b52f25490239639dd83966494
ucl-2025-26-171,2025-26,2026-03-17T21:00:00Z,2026-03-17T21:00:00Z,manchester-city-fc,real-madrid-cf,1,2,1.9836907554417729,3.142183988393844,sofascore_shotmap,15631365.0,0.0,1.0,ucl_recent_sofascore_xg_v1,42458cbd2499272d02d2db97916950646038287b52f25490239639dd83966494
ucl-2025-26-172,2025-26,2026-03-17T21:00:00Z,2026-03-17T21:00:00Z,arsenal-fc,bayer-04-leverkusen,2,0,1.701490828767414,0.6014406718313651,sofascore_shotmap,15631372.0,0.0,1.0,ucl_recent_sofascore_xg_v1,42458cbd2499272d02d2db97916950646038287b52f25490239639dd83966494
ucl-2025-26-173,2025-26,2026-03-18T18:45:00Z,2026-03-18T18:45:00Z,fc-barcelona,newcastle-united-fc,7,2,4.288625031748418,1.484689809381952,sofascore_shotmap,15631368.0,0.0,1.0,ucl_recent_sofascore_xg_v1,42458cbd2499272d02d2db97916950646038287b52f25490239639dd83966494
ucl-2025-26-174,2025-26,2026-03-18T21:00:00Z,2026-03-18T21:00:00Z,liverpool-fc,galatasaray-sk,4,0,5.009693300390237,0.212029449641709,sofascore_shotmap,15631369.0,0.0,0.94,ucl_recent_sofascore_xg_v1,42458cbd2499272d02d2db97916950646038287b52f25490239639dd83966494
ucl-2025-26-175,2025-26,2026-03-18T21:00:00Z,2026-03-18T21:00:00Z,fc-bayern-m-nchen,atalanta-bc,4,1,3.587481473611295,2.046541143208749,sofascore_shotmap,15631371.0,0.0,1.0,ucl_recent_sofascore_xg_v1,42458cbd2499272d02d2db97916950646038287b52f25490239639dd83966494
ucl-2025-26-176,2025-26,2026-03-18T21:00:00Z,2026-03-18T21:00:00Z,tottenham-hotspur-fc,club-atl-tico-de-madrid,3,2,2.347066266500951,1.0185569152235938,sofascore_shotmap,15631370.0,0.0,0.9545454545454546,ucl_recent_sofascore_xg_v1,42458cbd2499272d02d2db97916950646038287b52f25490239639dd83966494
ucl-2025-26-177,2025-26,2026-04-07T21:00:00Z,2026-04-07T21:00:00Z,real-madrid-cf,fc-bayern-m-nchen,1,2,2.215922592207783,2.91742207296193,sofascore_shotmap,15632084.0,0.0,1.0,ucl_recent_sofascore_xg_v1,42458cbd2499272d02d2db97916950646038287b52f25490239639dd83966494
ucl-2025-26-178,2025-26,2026-04-07T21:00:00Z,2026-04-07T21:00:00Z,sporting-clube-de-portugal,arsenal-fc,0,1,0.718363782390951,1.32521016150713,sofascore_shotmap,15632086.0,0.0,0.7352941176470589,ucl_recent_sofascore_xg_v1,42458cbd2499272d02d2db97916950646038287b52f25490239639dd83966494
ucl-2025-26-179,2025-26,2026-04-08T21:00:00Z,2026-04-08T21:00:00Z,paris-saint-germain-fc,liverpool-fc,2,0,2.3507254114374496,0.170485431328416,sofascore_shotmap,15632083.0,0.0,1.0,ucl_recent_sofascore_xg_v1,42458cbd2499272d02d2db97916950646038287b52f25490239639dd83966494
ucl-2025-26-180,2025-26,2026-04-08T21:00:00Z,2026-04-08T21:00:00Z,fc-barcelona,club-atl-tico-de-madrid,0,2,1.098649416118859,0.435275116935373,sofascore_shotmap,15632085.0,0.0,0.9545454545454546,ucl_recent_sofascore_xg_v1,42458cbd2499272d02d2db97916950646038287b52f25490239639dd83966494
ucl-2025-26-181,2025-26,2026-04-14T21:00:00Z,2026-04-14T21:00:00Z,liverpool-fc,paris-saint-germain-fc,0,2,1.9692660071886936,1.08760648220777,sofascore_shotmap,15632087.0,0.0,1.0,ucl_recent_sofascore_xg_v1,42458cbd2499272d02d2db97916950646038287b52f25490239639dd83966494
ucl-2025-26-182,2025-26,2026-04-14T21:00:00Z,2026-04-14T21:00:00Z,club-atl-tico-de-madrid,fc-barcelona,1,2,1.7744708079844715,2.216457290574895,sofascore_shotmap,15632089.0,0.0,0.9545454545454546,ucl_recent_sofascore_xg_v1,42458cbd2499272d02d2db97916950646038287b52f25490239639dd83966494
ucl-2025-26-183,2025-26,2026-04-15T21:00:00Z,2026-04-15T21:00:00Z,fc-bayern-m-nchen,real-madrid-cf,4,3,2.141750120557849,2.421135226264585,sofascore_shotmap,15632088.0,0.0,1.0,ucl_recent_sofascore_xg_v1,42458cbd2499272d02d2db97916950646038287b52f25490239639dd83966494
ucl-2025-26-184,2025-26,2026-04-15T21:00:00Z,2026-04-15T21:00:00Z,arsenal-fc,sporting-clube-de-portugal,0,0,0.637212448753415,0.3117831619456406,sofascore_shotmap,15632631.0,0.0,0.7352941176470589,ucl_recent_sofascore_xg_v1,42458cbd2499272d02d2db97916950646038287b52f25490239639dd83966494
ucl-2025-26-185,2025-26,2026-04-28T21:00:00Z,2026-04-28T21:00:00Z,paris-saint-germain-fc,fc-bayern-m-nchen,5,4,1.895766316020489,3.0618647104516703,sofascore_shotmap,15632632.0,0.0,1.0,ucl_recent_sofascore_xg_v1,42458cbd2499272d02d2db97916950646038287b52f25490239639dd83966494
ucl-2025-26-186,2025-26,2026-04-29T21:00:00Z,2026-04-29T21:00:00Z,club-atl-tico-de-madrid,arsenal-fc,1,1,2.223666060754643,1.509617753365634,sofascore_shotmap,15632633.0,0.0,0.9545454545454546,ucl_recent_sofascore_xg_v1,42458cbd2499272d02d2db97916950646038287b52f25490239639dd83966494
ucl-2025-26-187,2025-26,2026-05-05T21:00:00Z,2026-05-05T21:00:00Z,arsenal-fc,club-atl-tico-de-madrid,1,0,1.59928991086781,0.9925947217270732,sofascore_shotmap,15632635.0,0.0,0.9545454545454546,ucl_recent_sofascore_xg_v1,42458cbd2499272d02d2db97916950646038287b52f25490239639dd83966494
ucl-2025-26-188,2025-26,2026-05-06T21:00:00Z,2026-05-06T21:00:00Z,fc-bayern-m-nchen,paris-saint-germain-fc,1,1,1.406948791816831,1.0642505893483791,sofascore_shotmap,15632634.0,0.0,1.0,ucl_recent_sofascore_xg_v1,42458cbd2499272d02d2db97916950646038287b52f25490239639dd83966494
ucl-2025-26-189,2025-26,2026-05-30T18:00:00Z,2026-05-30T18:00:00Z,paris-saint-germain-fc,arsenal-fc,4,3,5.664673406863202,4.451533802047373,sofascore_shotmap,15632636.0,0.0,1.0,ucl_recent_sofascore_xg_v1,42458cbd2499272d02d2db97916950646038287b52f25490239639dd83966494
