id,date,match,market_text,taken_odds,result_page,market,selection,game_date,opening_line,opening_odds,edge_obtained,opening_result,profit_$1_taken,profit_$1_at_open
1,2026-03-19,Canberra Raiders vs Canterbury Bulldogs,Canberra -1.5,1.9,loss,handicap,raiders,2026-03-19,-1.5,1.95,0.0,loss,-1.0,-1.0
2,2026-03-21,Parramatta vs St George,Parramatta Win,1.5,win,h2h,eels,2026-03-22,,1.44,4.166666666666674,win,0.5,0.43999999999999995
5,2026-03-22,Cowboys vs Titans,Cowboys +3.5,1.9,win,handicap,cowboys,2026-03-22,-5.5,1.9,9.0,win,0.8999999999999999,0.8999999999999999
6,2026-03-21,Newcastle vs Warriors,Warriors Win,1.5,win,h2h,warriors,2026-03-21,,1.48,1.3513513513513598,win,0.5,0.48
8,2026-03-26,Manly vs Roosters,Manly Win,2.85,loss,h2h,manly,2026-03-26,,2.9,-1.724137931034475,loss,-1.0,-1.0
9,2026-03-27,Broncos vs Dolphins,Dolphins +6.5,2.0,loss,handicap,dolphins,2026-03-27,6.5,1.9,0.0,loss,-1.0,-1.0
10,2026-03-28,Raiders vs Cronulla,Raiders -1.5,2.0,loss,handicap,raiders,2026-03-29,-1.5,1.95,0.0,loss,-1.0,-1.0
11,2026-04-04,St George vs Cowboys,St George Win,2.05,loss,h2h,dragons,2026-04-04,,2.0,2.499999999999991,loss,-1.0,-1.0
12,2026-04-04,Newcastle vs Canberra,Newcastle Win,2.4,win,h2h,knights,2026-04-05,,2.25,6.666666666666665,win,1.4,1.25
13,2026-04-05,Sharks vs Warriors,Warriors Win,2.36,loss,h2h,warriors,2026-04-05,,2.3,2.60869565217392,loss,-1.0,-1.0
14,2026-04-04,Broncos vs Cowboys,Broncos Win,1.9,loss,h2h,broncos,2026-04-10,,1.8,5.555555555555558,loss,-1.0,-1.0
15,2026-04-05,Melbourne vs Warriors,Melbourne Win,1.5,loss,h2h,storm,2026-04-11,,1.37,9.48905109489051,loss,-1.0,-1.0
16,2026-04-06,Sharks vs Roosters,Sharks Win,2.05,loss,h2h,sharks,2026-04-11,,2.0,2.499999999999991,loss,-1.0,-1.0
18,2026-04-10,Parramatta vs Gold Coast,Parramatta Win,1.8,loss,h2h,eels,2026-04-12,,1.55,16.129032258064523,loss,-1.0,-1.0
21,2026-04-16,Parramatta vs Canterbury (+13.5),Parramatta +13.5,1.9,win,handicap,eels,2026-04-19,4.0,2.1,9.5,win,0.8999999999999999,1.1
23,2026-04-16,Wests Tigers vs Brisbane,Brisbane Win,2.5,win,h2h,broncos,2026-04-18,,2.3,8.69565217391306,win,1.5,1.2999999999999998
24,2026-04-24,Wests Tigers vs Canberra,Canberra Win,2.0,loss,h2h,raiders,2026-04-23,,2.4,-16.666666666666664,loss,-1.0,-1.0
28,2026-05-15,Rabbitohs vs Dolphins,Dolphins Win,1.85,win,h2h,dolphins,2026-05-15,,2.15,-13.953488372093014,win,0.8500000000000001,1.15
29,2026-05-16,Roosters vs Cowboys,Cowboys +16.5,1.74,win,handicap,cowboys,2026-05-16,13.5,2.0,3.0,win,0.74,1.0
30,2026-05-17,Warriors vs Broncos,Warriors -2.5,1.91,win,handicap,warriors,2026-05-17,-2.5,1.95,0.0,win,0.9099999999999999,0.95
32,2026-05-22,Canterbury Bulldogs vs Melbourne Storm,Bulldogs -3.5,1.9,win,handicap,bulldogs,2026-05-22,-1.5,1.85,-2.0,win,0.8999999999999999,0.8500000000000001
33,2026-05-24,Cowboys vs South Sydney Rabbitohs,Cowboys Win,1.67,win,h2h,cowboys,2026-05-24,,1.8,-7.22222222222223,win,0.6699999999999999,0.8
34,2026-05-24,Cowboys vs South Sydney Rabbitohs,Cowboys -2.5,1.9,win,handicap,cowboys,2026-05-24,-2.5,1.9,0.0,win,0.8999999999999999,0.8999999999999999
35,2026-05-29,Cronulla Sharks vs Manly Sea Eagles,Cronulla Win,1.87,win,h2h,sharks,2026-05-29,,1.67,11.976047904191622,win,0.8700000000000001,0.6699999999999999
38,2026-05-31,Penrith Panthers vs NZ Warriors,Panthers -3.5,1.83,loss,handicap,panthers,2026-05-31,-7.5,1.9,4.0,loss,-1.0,-1.0
39,2026-05-31,Penrith Panthers vs NZ Warriors,Panthers -5.5,1.72,loss,handicap,panthers,2026-05-31,-7.5,1.9,2.0,loss,-1.0,-1.0
41,2026-05-31,Canberra Raiders vs Cowboys,Cowboys +4.5,1.73,loss,handicap,cowboys,2026-05-31,4.5,1.8,0.0,loss,-1.0,-1.0
42,2026-06-05,Melbourne Storm vs Newcastle Knights,Newcastle +4.5,1.85,win,handicap,knights,2026-06-05,4.5,1.9,0.0,win,0.8500000000000001,0.8999999999999999
43,2026-06-06,North Queensland Cowboys vs Dolphins,Cowboys Win,2.38,loss,h2h,cowboys,2026-06-06,,2.05,16.09756097560977,loss,-1.0,-1.0
46,2026-06-07,Cronulla Sharks vs St George Illawarra,Cronulla -10.5,1.91,win,handicap,sharks,2026-06-07,-12.5,1.9,2.0,win,0.9099999999999999,0.8999999999999999
47,2026-06-08,Canterbury Bulldogs vs Parramatta Eels,Bulldogs -5.5,1.88,loss,handicap,bulldogs,2026-06-08,-3.5,1.85,-2.0,loss,-1.0,-1.0
48,2026-06-08,Canterbury Bulldogs vs Parramatta Eels,Bulldogs -6.5,1.97,loss,handicap,bulldogs,2026-06-08,-3.5,1.85,-3.0,loss,-1.0,-1.0
49,2026-06-11,South Sydney Rabbitohs vs Brisbane Broncos,Souths Win,1.48,win,h2h,souths,2026-06-11,,1.57,-5.732484076433131,win,0.48,0.5700000000000001
50,2026-06-12,Dolphins vs Sydney Roosters,Dolphins -3.5,1.85,win,handicap,dolphins,2026-06-12,-2.5,1.95,-1.0,win,0.8500000000000001,0.95
54,2026-06-21,Melbourne Storm vs Canberra Raiders,Raiders +8.5,1.9,loss,handicap,raiders,2026-06-21,9.5,1.9,-1.0,loss,-1.0,-1.0
56,2026-06-21,Sydney Roosters vs Cronulla Sharks,Sharks Win,2.53,loss,h2h,sharks,2026-06-21,,2.65,-4.528301886792452,loss,-1.0,-1.0
57,2026-06-25,Parramatta Eels vs South Sydney Rabbitohs,Souths -5.5,1.85,win,handicap,souths,2026-06-25,-6.5,1.9,1.0,win,0.8500000000000001,0.8999999999999999
60,2026-07-03,Penrith Panthers vs South Sydney Rabbitohs,Penrith Win,1.65,win,h2h,panthers,2026-07-03,,1.58,4.430379746835422,win,0.6499999999999999,0.5800000000000001
63,2026-07-05,Newcastle Knights vs Dolphins,Dolphins Win,1.87,loss,h2h,dolphins,2026-07-05,,1.69,10.650887573964507,loss,-1.0,-1.0
64,2026-07-10,Wests Tigers vs New Zealand Warriors,Warriors -7.5,1.83,win,handicap,warriors,2026-07-10,-7.5,1.85,0.0,win,0.8300000000000001,0.8500000000000001
66,2026-07-16,Penrith Panthers vs Brisbane Broncos,Broncos +14.5,1.82,win,handicap,broncos,2026-07-16,14.5,1.85,0.0,win,0.8200000000000001,0.8500000000000001
67,2026-07-17,Cronulla Sharks vs Newcastle Knights,Knights +8.5,1.83,win,handicap,knights,2026-07-17,5.5,1.9,3.0,win,0.8300000000000001,0.8999999999999999
69,2026-07-18,Canberra Raiders vs South Sydney Rabbitohs,Canberra Win,1.92,win,h2h,raiders,2026-07-18,,1.69,13.609467455621305,win,0.9199999999999999,0.69
71,2026-07-24,Sydney Roosters vs Newcastle Knights,Knights Win,2.27,loss,h2h,knights,2026-07-24,,2.15,5.581395348837215,loss,-1.0,-1.0
72,2026-07-24,Melbourne Storm vs South Sydney Rabbitohs,Souths Win,2.0,win,h2h,souths,2026-07-24,,1.55,29.032258064516125,win,1.0,0.55
73,2026-07-25,Canterbury Bulldogs vs New Zealand Warriors,Warriors Win,1.53,loss,h2h,warriors,2026-07-25,,1.42,7.7464788732394485,loss,-1.0,-1.0
74,2026-07-25,Canterbury Bulldogs vs New Zealand Warriors,Warriors Win,1.53,loss,h2h,warriors,2026-07-25,,1.42,7.7464788732394485,loss,-1.0,-1.0
75,2026-07-25,Brisbane Broncos vs North Queensland Cowboys,Cowboys Win,2.2,win,h2h,cowboys,2026-07-25,,1.63,34.96932515337426,win,1.2000000000000002,0.6299999999999999
77,2026-07-30,North Queensland Cowboys vs Sydney Roosters,Cowboys Win,2.46,loss,h2h,cowboys,2026-07-30,,2.5,-1.6000000000000014,loss,-1.0,-1.0
78,2026-07-30,North Queensland Cowboys vs Sydney Roosters,Cowboys Win,2.65,loss,h2h,cowboys,2026-07-30,,2.5,6.000000000000005,loss,-1.0,-1.0
79,2026-07-31,Melbourne Storm vs Canterbury Bulldogs,Storm Win,2.18,loss,h2h,storm,2026-07-31,,1.61,35.403726708074544,loss,-1.0,-1.0
81,2026-08-01,Gold Coast Titans vs New Zealand Warriors,Warriors Win,1.52,win,h2h,warriors,2026-08-01,,1.51,0.6622516556291425,win,0.52,0.51
83,2026-08-01,Brisbane Broncos vs Newcastle Knights,Knights +6.5,1.83,win,handicap,knights,2026-08-01,5.5,1.9,1.0,win,0.8300000000000001,0.8999999999999999
84,2026-08-07,New Zealand Warriors vs Penrith Panthers,Warriors Win,2.55,win,h2h,warriors,2026-08-07,,2.45,4.081632653061207,win,1.5499999999999998,1.4500000000000002
85,2026-08-08,Melbourne Storm vs Manly Sea Eagles,Storm Win,2.13,win,h2h,storm,2026-08-08,,1.95,9.23076923076922,win,1.13,0.95
88,2026-08-09,St George Illawarra Dragons vs Cronulla Sharks,Dragons +14.5,1.88,win,handicap,dragons,2026-08-09,15.5,1.9,-1.0,win,0.8799999999999999,0.8999999999999999
